                             latency        interval
transaction       0:              14              28
transaction       1:              14              31
transaction       2:              14              37
transaction       3:              14              28
transaction       4:              14              31
transaction       5:              14              40
transaction       6:              14              28
transaction       7:              14              37
transaction       8:              14              28
transaction       9:              14              31
transaction      10:              14              43
transaction      11:              17              31
transaction      12:              17              34
transaction      13:              17              40
transaction      14:              17              31
transaction      15:              17              34
transaction      16:              17              43
transaction      17:              17              31
transaction      18:              17              40
transaction      19:              17              31
transaction      20:              17              34
transaction      21:              17              43
transaction      22:              17              31
transaction      23:              17              40
transaction      24:              17              31
transaction      25:              17              34
transaction      26:              17              40
transaction      27:              17              31
transaction      28:              17              34
transaction      29:              17              40
transaction      30:              17              31
transaction      31:              17              34
transaction      32:              17              43
transaction      33:              17              31
transaction      34:              17              40
transaction      35:              17              31
transaction      36:              17              34
transaction      37:              17              46
transaction      38:              37              51
transaction      39:              37              54
transaction      40:              37              60
transaction      41:              37              51
transaction      42:              37              54
transaction      43:              37              63
transaction      44:              37              51
transaction      45:              37              60
transaction      46:              37              51
transaction      47:              37              54
transaction      48:              37              63
transaction      49:              37              51
transaction      50:              37              60
transaction      51:              37              51
transaction      52:              37              54
transaction      53:              37              60
transaction      54:              37              51
transaction      55:              37              54
transaction      56:              37              60
transaction      57:              37              51
transaction      58:              37              54
transaction      59:              37              63
transaction      60:              37              51
transaction      61:              37              60
transaction      62:              37              51
transaction      63:              37              54
transaction      64:              37              63
transaction      65:              37              51
transaction      66:              37              63
transaction      67:              37              51
transaction      68:              37              54
transaction      69:              37              57
transaction      70:              37              51
transaction      71:              37              54
transaction      72:              37              63
transaction      73:              37              51
transaction      74:              37              54
transaction      75:              37              60
transaction      76:              37              51
transaction      77:              37              63
transaction      78:              37              51
transaction      79:              37              54
transaction      80:              37              60
transaction      81:              37              51
transaction      82:              37              63
transaction      83:              37              51
transaction      84:              37              54
transaction      85:              37              57
transaction      86:              37              51
transaction      87:              37              54
transaction      88:              37              63
transaction      89:              37              51
transaction      90:              37              54
transaction      91:              37              60
transaction      92:              37              51
transaction      93:              37              63
transaction      94:              37              51
transaction      95:              37              54
transaction      96:              37              60
transaction      97:              37              51
transaction      98:              37              63
transaction      99:              37              51
transaction     100:              37              54
transaction     101:              37              57
transaction     102:              37              51
transaction     103:              37              54
transaction     104:              37              63
transaction     105:              37              51
transaction     106:              37              54
transaction     107:              37              60
transaction     108:              37              51
transaction     109:              37              63
transaction     110:              37              51
transaction     111:              37              54
transaction     112:              37              63
transaction     113:              37              51
transaction     114:              37              60
transaction     115:              37              51
transaction     116:              37              54
transaction     117:              37              60
transaction     118:              37              51
transaction     119:              37              54
transaction     120:              37              60
transaction     121:              37              51
transaction     122:              37              54
transaction     123:              37              63
transaction     124:              37              51
transaction     125:              37              60
transaction     126:              37              51
transaction     127:              37              54
transaction     128:              37              63
transaction     129:              37              51
transaction     130:              37              60
transaction     131:              37              51
transaction     132:              37              54
transaction     133:              37              60
transaction     134:              37              51
transaction     135:              37              54
transaction     136:              37              60
transaction     137:              37              51
transaction     138:              37              54
transaction     139:              37              63
transaction     140:              37              51
transaction     141:              37              60
transaction     142:              37              51
transaction     143:              37              54
transaction     144:              37              63
transaction     145:              37              51
transaction     146:              37              60
transaction     147:              37              51
transaction     148:              37              54
transaction     149:              37              60
transaction     150:              37              51
transaction     151:              37              54
transaction     152:              37              63
transaction     153:              37              51
transaction     154:              37              54
transaction     155:              37              60
transaction     156:              37              51
transaction     157:              37              63
transaction     158:              37              51
transaction     159:              37              54
transaction     160:              37              60
transaction     161:              37              51
transaction     162:              37              63
transaction     163:              37              51
transaction     164:              37              54
transaction     165:              37              57
transaction     166:              37              51
transaction     167:              37              54
transaction     168:              37              63
transaction     169:              37              51
transaction     170:              37              54
transaction     171:              37              66
transaction     172:              62              76
transaction     173:              62              79
transaction     174:              62              85
transaction     175:              62              76
transaction     176:              62              79
transaction     177:              62              88
transaction     178:              62              76
transaction     179:              62              85
transaction     180:              62              76
transaction     181:              62              79
transaction     182:              62              88
transaction     183:              62              76
transaction     184:              62              85
transaction     185:              62              76
transaction     186:              62              79
transaction     187:              62              85
transaction     188:              62              76
transaction     189:              62              79
transaction     190:              62              85
transaction     191:              62              76
transaction     192:              62              79
transaction     193:              62              88
transaction     194:              62              76
transaction     195:              62              85
transaction     196:              62              76
transaction     197:              62              79
transaction     198:              62              88
transaction     199:              62              76
transaction     200:              62              88
transaction     201:              62              76
transaction     202:              62              79
transaction     203:              62              82
transaction     204:              62              76
transaction     205:              62              79
transaction     206:              62              88
transaction     207:              62              76
transaction     208:              62              79
transaction     209:              62              85
transaction     210:              62              76
transaction     211:              62              88
transaction     212:              62              76
transaction     213:              62              79
transaction     214:              62              85
transaction     215:              62              76
transaction     216:              62              88
transaction     217:              62              76
transaction     218:              62              79
transaction     219:              62              82
transaction     220:              62              76
transaction     221:              62              79
transaction     222:              62              88
transaction     223:              62              76
transaction     224:              62              79
transaction     225:              62              85
transaction     226:              62              76
transaction     227:              62              88
transaction     228:              62              76
transaction     229:              62              79
transaction     230:              62              85
transaction     231:              62              76
transaction     232:              62              88
transaction     233:              62              76
transaction     234:              62              79
transaction     235:              62              82
transaction     236:              62              76
transaction     237:              62              79
transaction     238:              62              88
transaction     239:              62              76
transaction     240:              62              79
transaction     241:              62              85
transaction     242:              62              76
transaction     243:              62              88
transaction     244:              62              76
transaction     245:              62              79
transaction     246:              62              88
transaction     247:              62              76
transaction     248:              62              85
transaction     249:              62              76
transaction     250:              62              79
transaction     251:              62              85
transaction     252:              62              76
transaction     253:              62              79
transaction     254:              62              85
transaction     255:              62              76
transaction     256:              62              79
transaction     257:              62              88
transaction     258:              62              76
transaction     259:              62              85
transaction     260:              62              76
transaction     261:              62              79
transaction     262:              62              88
transaction     263:              62              76
transaction     264:              62              85
transaction     265:              62              76
transaction     266:              62              79
transaction     267:              62              85
transaction     268:              62              76
transaction     269:              62              79
transaction     270:              62              85
transaction     271:              62              76
transaction     272:              62              79
transaction     273:              62              88
transaction     274:              62              76
transaction     275:              62              85
transaction     276:              62              76
transaction     277:              62              79
transaction     278:              62              88
transaction     279:              62              76
transaction     280:              62              85
transaction     281:              62              76
transaction     282:              62              79
transaction     283:              62              85
transaction     284:              62              76
transaction     285:              62              79
transaction     286:              62              88
transaction     287:              62              76
transaction     288:              62              79
transaction     289:              62              85
transaction     290:              62              76
transaction     291:              62              88
transaction     292:              62              76
transaction     293:              62              79
transaction     294:              62              85
transaction     295:              62              76
transaction     296:              62              88
transaction     297:              62              76
transaction     298:              62              79
transaction     299:              62              82
transaction     300:              62              76
transaction     301:              62              79
transaction     302:              62              88
transaction     303:              62              76
transaction     304:              62              79
transaction     305:              62              85
transaction     306:              62              76
transaction     307:              62              88
transaction     308:              62              76
transaction     309:              62              79
transaction     310:              62              85
transaction     311:              62              76
transaction     312:              62              88
transaction     313:              62              76
transaction     314:              62              79
transaction     315:              62              82
transaction     316:              62              76
transaction     317:              62              79
transaction     318:              62              88
transaction     319:              62              76
transaction     320:              62              79
transaction     321:              62              85
transaction     322:              62              76
transaction     323:              62              88
transaction     324:              62              76
transaction     325:              62              79
transaction     326:              62              85
transaction     327:              62              76
transaction     328:              62              88
transaction     329:              62              76
transaction     330:              62              79
transaction     331:              62              85
transaction     332:              62              76
transaction     333:              62              79
transaction     334:              62              85
transaction     335:              62              76
transaction     336:              62              79
transaction     337:              62              88
transaction     338:              62              76
transaction     339:              62              85
transaction     340:              62              76
transaction     341:              62              79
transaction     342:              62              88
transaction     343:              62              76
transaction     344:              62              85
transaction     345:              62              76
transaction     346:              62              79
transaction     347:              62              85
transaction     348:              62              76
transaction     349:              62              79
transaction     350:              62              85
transaction     351:              62              76
transaction     352:              62              79
transaction     353:              62              88
transaction     354:              62              76
transaction     355:              62              85
transaction     356:              62              76
transaction     357:              62              79
transaction     358:              62              88
transaction     359:              62              76
transaction     360:              62              85
transaction     361:              62              76
transaction     362:              62              79
transaction     363:              62              85
transaction     364:              62              76
transaction     365:              62              79
transaction     366:              62              85
transaction     367:              62              76
transaction     368:              62              79
transaction     369:              62              88
transaction     370:              62              76
transaction     371:              62              88
transaction     372:              62              76
transaction     373:              62              79
transaction     374:              62              85
transaction     375:              62              76
transaction     376:              62              88
transaction     377:              62              76
transaction     378:              62              79
transaction     379:              62              82
transaction     380:              62              76
transaction     381:              62              79
transaction     382:              62              88
transaction     383:              62              76
transaction     384:              62              79
transaction     385:              62              85
transaction     386:              62              76
transaction     387:              62              88
transaction     388:              62              76
transaction     389:              62              79
transaction     390:              62              85
transaction     391:              62              76
transaction     392:              62              88
transaction     393:              62              76
transaction     394:              62              79
transaction     395:              62              82
transaction     396:              62              76
transaction     397:              62              79
transaction     398:              62              88
transaction     399:              62              76
transaction     400:              62              79
transaction     401:              62              85
transaction     402:              62              76
transaction     403:              62              88
transaction     404:              62              76
transaction     405:              62              79
transaction     406:              62              85
transaction     407:              62              76
transaction     408:              62              88
transaction     409:              62              76
transaction     410:              62              79
transaction     411:              62              82
transaction     412:              62              76
transaction     413:              62              79
transaction     414:              62              88
transaction     415:              62              76
transaction     416:              62              79
transaction     417:              62              88
transaction     418:              62              76
transaction     419:              62              85
transaction     420:              62              76
transaction     421:              62              79
transaction     422:              62              88
transaction     423:              62              76
transaction     424:              62              85
transaction     425:              62              76
transaction     426:              62              79
transaction     427:              62              85
transaction     428:              62              76
transaction     429:              62              79
transaction     430:              62              85
transaction     431:              62              76
transaction     432:              62              79
transaction     433:              62              88
transaction     434:              62              76
transaction     435:              62              85
transaction     436:              62              76
transaction     437:              62              79
transaction     438:              62              91
transaction     439:             112             126
transaction     440:             112             129
transaction     441:             112             135
transaction     442:             112             126
transaction     443:             112             129
transaction     444:             112             138
transaction     445:             112             126
transaction     446:             112             135
transaction     447:             112             126
transaction     448:             112             129
transaction     449:             112             138
transaction     450:             112             126
transaction     451:             112             135
transaction     452:             112             126
transaction     453:             112             129
transaction     454:             112             135
transaction     455:             112             126
transaction     456:             112             129
transaction     457:             112             135
transaction     458:             112             126
transaction     459:             112             129
transaction     460:             112             138
transaction     461:             112             126
transaction     462:             112             135
transaction     463:             112             126
transaction     464:             112             129
transaction     465:             112             138
transaction     466:             112             126
transaction     467:             112             138
transaction     468:             112             126
transaction     469:             112             129
transaction     470:             112             132
transaction     471:             112             126
transaction     472:             112             129
transaction     473:             112             138
transaction     474:             112             126
transaction     475:             112             129
transaction     476:             112             135
transaction     477:             112             126
transaction     478:             112             138
transaction     479:             112             126
transaction     480:             112             129
transaction     481:             112             135
transaction     482:             112             126
transaction     483:             112             138
transaction     484:             112             126
transaction     485:             112             129
transaction     486:             112             132
transaction     487:             112             126
transaction     488:             112             129
transaction     489:             112             138
transaction     490:             112             126
transaction     491:             112             129
transaction     492:             112             135
transaction     493:             112             126
transaction     494:             112             138
transaction     495:             112             126
transaction     496:             112             129
transaction     497:             112             135
transaction     498:             112             126
transaction     499:             112             138
transaction     500:             112             126
transaction     501:             112             129
transaction     502:             112             132
transaction     503:             112             126
transaction     504:             112             129
transaction     505:             112             138
transaction     506:             112             126
transaction     507:             112             129
transaction     508:             112             135
transaction     509:             112             126
transaction     510:             112             138
transaction     511:             112             126
transaction     512:             112             129
transaction     513:             112             138
transaction     514:             112             126
transaction     515:             112             135
transaction     516:             112             126
transaction     517:             112             129
transaction     518:             112             135
transaction     519:             112             126
transaction     520:             112             129
transaction     521:             112             135
transaction     522:             112             126
transaction     523:             112             129
transaction     524:             112             138
transaction     525:             112             126
transaction     526:             112             135
transaction     527:             112             126
transaction     528:             112             129
transaction     529:             112             138
transaction     530:             112             126
transaction     531:             112             135
transaction     532:             112             126
transaction     533:             112             129
transaction     534:             112             135
transaction     535:             112             126
transaction     536:             112             129
transaction     537:             112             135
transaction     538:             112             126
transaction     539:             112             129
transaction     540:             112             138
transaction     541:             112             126
transaction     542:             112             135
transaction     543:             112             126
transaction     544:             112             129
transaction     545:             112             138
transaction     546:             112             126
transaction     547:             112             135
transaction     548:             112             126
transaction     549:             112             129
transaction     550:             112             135
transaction     551:             112             126
transaction     552:             112             129
transaction     553:             112             138
transaction     554:             112             126
transaction     555:             112             129
transaction     556:             112             135
transaction     557:             112             126
transaction     558:             112             138
transaction     559:             112             126
transaction     560:             112             129
transaction     561:             112             135
transaction     562:             112             126
transaction     563:             112             138
transaction     564:             112             126
transaction     565:             112             129
transaction     566:             112             132
transaction     567:             112             126
transaction     568:             112             129
transaction     569:             112             138
transaction     570:             112             126
transaction     571:             112             129
transaction     572:             112             135
transaction     573:             112             126
transaction     574:             112             138
transaction     575:             112             126
transaction     576:             112             129
transaction     577:             112             135
transaction     578:             112             126
transaction     579:             112             138
transaction     580:             112             126
transaction     581:             112             129
transaction     582:             112             132
transaction     583:             112             126
transaction     584:             112             129
transaction     585:             112             138
transaction     586:             112             126
transaction     587:             112             129
transaction     588:             112             135
transaction     589:             112             126
transaction     590:             112             138
transaction     591:             112             126
transaction     592:             112             129
transaction     593:             112             135
transaction     594:             112             126
transaction     595:             112             138
transaction     596:             112             126
transaction     597:             112             129
transaction     598:             112             135
transaction     599:             112             126
transaction     600:             112             129
transaction     601:             112             135
transaction     602:             112             126
transaction     603:             112             129
transaction     604:             112             138
transaction     605:             112             126
transaction     606:             112             135
transaction     607:             112             126
transaction     608:             112             129
transaction     609:             112             138
transaction     610:             112             126
transaction     611:             112             135
transaction     612:             112             126
transaction     613:             112             129
transaction     614:             112             135
transaction     615:             112             126
transaction     616:             112             129
transaction     617:             112             135
transaction     618:             112             126
transaction     619:             112             129
transaction     620:             112             138
transaction     621:             112             126
transaction     622:             112             135
transaction     623:             112             126
transaction     624:             112             129
transaction     625:             112             138
transaction     626:             112             126
transaction     627:             112             135
transaction     628:             112             126
transaction     629:             112             129
transaction     630:             112             135
transaction     631:             112             126
transaction     632:             112             129
transaction     633:             112             135
transaction     634:             112             126
transaction     635:             112             129
transaction     636:             112             138
transaction     637:             112             126
transaction     638:             112             138
transaction     639:             112             126
transaction     640:             112             129
transaction     641:             112             135
transaction     642:             112             126
transaction     643:             112             138
transaction     644:             112             126
transaction     645:             112             129
transaction     646:             112             132
transaction     647:             112             126
transaction     648:             112             129
transaction     649:             112             138
transaction     650:             112             126
transaction     651:             112             129
transaction     652:             112             135
transaction     653:             112             126
transaction     654:             112             138
transaction     655:             112             126
transaction     656:             112             129
transaction     657:             112             135
transaction     658:             112             126
transaction     659:             112             138
transaction     660:             112             126
transaction     661:             112             129
transaction     662:             112             132
transaction     663:             112             126
transaction     664:             112             129
transaction     665:             112             138
transaction     666:             112             126
transaction     667:             112             129
transaction     668:             112             135
transaction     669:             112             126
transaction     670:             112             138
transaction     671:             112             126
transaction     672:             112             129
transaction     673:             112             135
transaction     674:             112             126
transaction     675:             112             138
transaction     676:             112             126
transaction     677:             112             129
transaction     678:             112             132
transaction     679:             112             126
transaction     680:             112             129
transaction     681:             112             138
transaction     682:             112             126
transaction     683:             112             129
transaction     684:             112             138
transaction     685:             112             126
transaction     686:             112             135
transaction     687:             112             126
transaction     688:             112             129
transaction     689:             112             138
transaction     690:             112             126
transaction     691:             112             135
transaction     692:             112             126
transaction     693:             112             129
transaction     694:             112             135
transaction     695:             112             126
transaction     696:             112             129
transaction     697:             112             135
transaction     698:             112             126
transaction     699:             112             129
transaction     700:             112             138
transaction     701:             112             126
transaction     702:             112             135
transaction     703:             112             126
transaction     704:             112             129
transaction     705:             112             138
transaction     706:             112             126
transaction     707:             112             135
transaction     708:             112             126
transaction     709:             112             129
transaction     710:             112             135
transaction     711:             112             126
transaction     712:             112             129
transaction     713:             112             135
transaction     714:             112             126
transaction     715:             112             129
transaction     716:             112             138
transaction     717:             112             126
transaction     718:             112             135
transaction     719:             112             126
transaction     720:             112             129
transaction     721:             112             138
transaction     722:             112             126
transaction     723:             112             138
transaction     724:             112             126
transaction     725:             112             129
transaction     726:             112             132
transaction     727:             112             126
transaction     728:             112             129
transaction     729:             112             138
transaction     730:             112             126
transaction     731:             112             129
transaction     732:             112             135
transaction     733:             112             126
transaction     734:             112             138
transaction     735:             112             126
transaction     736:             112             129
transaction     737:             112             135
transaction     738:             112             126
transaction     739:             112             138
transaction     740:             112             126
transaction     741:             112             129
transaction     742:             112             132
transaction     743:             112             126
transaction     744:             112             129
transaction     745:             112             138
transaction     746:             112             126
transaction     747:             112             129
transaction     748:             112             135
transaction     749:             112             126
transaction     750:             112             138
transaction     751:             112             126
transaction     752:             112             129
transaction     753:             112             135
transaction     754:             112             126
transaction     755:             112             138
transaction     756:             112             126
transaction     757:             112             129
transaction     758:             112             132
transaction     759:             112             126
transaction     760:             112             129
transaction     761:             112             138
transaction     762:             112             126
transaction     763:             112             129
transaction     764:             112             135
transaction     765:             112             126
transaction     766:             112             138
transaction     767:             112             126
transaction     768:             112             129
transaction     769:             112             138
transaction     770:             112             126
transaction     771:             112             135
transaction     772:             112             126
transaction     773:             112             129
transaction     774:             112             135
transaction     775:             112             126
transaction     776:             112             129
transaction     777:             112             135
transaction     778:             112             126
transaction     779:             112             129
transaction     780:             112             138
transaction     781:             112             126
transaction     782:             112             135
transaction     783:             112             126
transaction     784:             112             129
transaction     785:             112             138
transaction     786:             112             126
transaction     787:             112             135
transaction     788:             112             126
transaction     789:             112             129
transaction     790:             112             135
transaction     791:             112             126
transaction     792:             112             129
transaction     793:             112             135
transaction     794:             112             126
transaction     795:             112             129
transaction     796:             112             138
transaction     797:             112             126
transaction     798:             112             135
transaction     799:             112             126
transaction     800:             112             129
transaction     801:             112             138
transaction     802:             112             126
transaction     803:             112             135
transaction     804:             112             126
transaction     805:             112             129
transaction     806:             112             135
transaction     807:             112             126
transaction     808:             112             129
transaction     809:             112             138
transaction     810:             112             126
transaction     811:             112             129
transaction     812:             112             135
transaction     813:             112             126
transaction     814:             112             138
transaction     815:             112             126
transaction     816:             112             129
transaction     817:             112             135
transaction     818:             112             126
transaction     819:             112             138
transaction     820:             112             126
transaction     821:             112             129
transaction     822:             112             132
transaction     823:             112             126
transaction     824:             112             129
transaction     825:             112             138
transaction     826:             112             126
transaction     827:             112             129
transaction     828:             112             135
transaction     829:             112             126
transaction     830:             112             138
transaction     831:             112             126
transaction     832:             112             129
transaction     833:             112             135
transaction     834:             112             126
transaction     835:             112             138
transaction     836:             112             126
transaction     837:             112             129
transaction     838:             112             132
transaction     839:             112             126
transaction     840:             112             129
transaction     841:             112             138
transaction     842:             112             126
transaction     843:             112             129
transaction     844:             112             135
transaction     845:             112             126
transaction     846:             112             138
transaction     847:             112             126
transaction     848:             112             129
transaction     849:             112             135
transaction     850:             112             126
transaction     851:             112             138
transaction     852:             112             126
transaction     853:             112             129
transaction     854:             112             135
transaction     855:             112             126
transaction     856:             112             129
transaction     857:             112             135
transaction     858:             112             126
transaction     859:             112             129
transaction     860:             112             138
transaction     861:             112             126
transaction     862:             112             135
transaction     863:             112             126
transaction     864:             112             129
transaction     865:             112             138
transaction     866:             112             126
transaction     867:             112             135
transaction     868:             112             126
transaction     869:             112             129
transaction     870:             112             135
transaction     871:             112             126
transaction     872:             112             129
transaction     873:             112             135
transaction     874:             112             126
transaction     875:             112             129
transaction     876:             112             138
transaction     877:             112             126
transaction     878:             112             135
transaction     879:             112             126
transaction     880:             112             129
transaction     881:             112             138
transaction     882:             112             126
transaction     883:             112             135
transaction     884:             112             126
transaction     885:             112             129
transaction     886:             112             135
transaction     887:             112             126
transaction     888:             112             129
transaction     889:             112             135
transaction     890:             112             126
transaction     891:             112             129
transaction     892:             112             138
transaction     893:             112             126
transaction     894:             112             138
transaction     895:             112             126
transaction     896:             112             129
transaction     897:             112             135
transaction     898:             112             126
transaction     899:             112             138
transaction     900:             112             126
transaction     901:             112             129
transaction     902:             112             132
transaction     903:             112             126
transaction     904:             112             129
transaction     905:             112             138
transaction     906:             112             126
transaction     907:             112             129
transaction     908:             112             135
transaction     909:             112             126
transaction     910:             112             138
transaction     911:             112             126
transaction     912:             112             129
transaction     913:             112             135
transaction     914:             112             126
transaction     915:             112             138
transaction     916:             112             126
transaction     917:             112             129
transaction     918:             112             132
transaction     919:             112             126
transaction     920:             112             129
transaction     921:             112             138
transaction     922:             112             126
transaction     923:             112             129
transaction     924:             112             135
transaction     925:             112             126
transaction     926:             112             138
transaction     927:             112             126
transaction     928:             112             129
transaction     929:             112             135
transaction     930:             112             126
transaction     931:             112             138
transaction     932:             112             126
transaction     933:             112             129
transaction     934:             112             132
transaction     935:             112             126
transaction     936:             112             129
transaction     937:             112             138
transaction     938:             112             126
transaction     939:             112             129
transaction     940:             112             138
transaction     941:             112             126
transaction     942:             112             135
transaction     943:             112             126
transaction     944:             112             129
transaction     945:             112             138
transaction     946:             112             126
transaction     947:             112             135
transaction     948:             112             126
transaction     949:             112             129
transaction     950:             112             135
transaction     951:             112             126
transaction     952:             112             129
transaction     953:             112             135
transaction     954:             112             126
transaction     955:             112             129
transaction     956:             112             138
transaction     957:             112             126
transaction     958:             112             135
transaction     959:             112             126
transaction     960:             112             129
transaction     961:             112             138
transaction     962:             112             126
transaction     963:             112             135
transaction     964:             112             126
transaction     965:             112             129
transaction     966:             112             135
transaction     967:             112             126
transaction     968:             112             129
transaction     969:             112             135
transaction     970:             112             126
transaction     971:             112             129
transaction     972:             112             141
transaction     973:             262             276
transaction     974:             262             279
transaction     975:             262             285
transaction     976:             262             276
transaction     977:             262             279
transaction     978:             262             288
transaction     979:             262             276
transaction     980:             262             285
transaction     981:             262             276
transaction     982:             262             279
transaction     983:             262             288
transaction     984:             262             276
transaction     985:             262             285
transaction     986:             262             276
transaction     987:             262             279
transaction     988:             262             285
transaction     989:             262             276
transaction     990:             262             279
transaction     991:             262             285
transaction     992:             262             276
transaction     993:             262             279
transaction     994:             262             288
transaction     995:             262             276
transaction     996:             262             285
transaction     997:             262             276
transaction     998:             262             279
transaction     999:             262             288
transaction    1000:             262             276
transaction    1001:             262             288
transaction    1002:             262             276
transaction    1003:             262             279
transaction    1004:             262             282
transaction    1005:             262             276
transaction    1006:             262             279
transaction    1007:             262             288
transaction    1008:             262             276
transaction    1009:             262             279
transaction    1010:             262             285
transaction    1011:             262             276
transaction    1012:             262             288
transaction    1013:             262             276
transaction    1014:             262             279
transaction    1015:             262             285
transaction    1016:             262             276
transaction    1017:             262             288
transaction    1018:             262             276
transaction    1019:             262             279
transaction    1020:             262             282
transaction    1021:             262             276
transaction    1022:             262             279
transaction    1023:             262             288
transaction    1024:             262             276
transaction    1025:             262             279
transaction    1026:             262             285
transaction    1027:             262             276
transaction    1028:             262             288
transaction    1029:             262             276
transaction    1030:             262             279
transaction    1031:             262             285
transaction    1032:             262             276
transaction    1033:             262             288
transaction    1034:             262             276
transaction    1035:             262             279
transaction    1036:             262             282
transaction    1037:             262             276
transaction    1038:             262             279
transaction    1039:             262             288
transaction    1040:             262             276
transaction    1041:             262             279
transaction    1042:             262             285
transaction    1043:             262             276
transaction    1044:             262             288
transaction    1045:             262             276
transaction    1046:             262             279
transaction    1047:             262             288
transaction    1048:             262             276
transaction    1049:             262             285
transaction    1050:             262             276
transaction    1051:             262             279
transaction    1052:             262             285
transaction    1053:             262             276
transaction    1054:             262             279
transaction    1055:             262             285
transaction    1056:             262             276
transaction    1057:             262             279
transaction    1058:             262             288
transaction    1059:             262             276
transaction    1060:             262             285
transaction    1061:             262             276
transaction    1062:             262             279
transaction    1063:             262             288
transaction    1064:             262             276
transaction    1065:             262             285
transaction    1066:             262             276
transaction    1067:             262             279
transaction    1068:             262             285
transaction    1069:             262             276
transaction    1070:             262             279
transaction    1071:             262             285
transaction    1072:             262             276
transaction    1073:             262             279
transaction    1074:             262             288
transaction    1075:             262             276
transaction    1076:             262             285
transaction    1077:             262             276
transaction    1078:             262             279
transaction    1079:             262             288
transaction    1080:             262             276
transaction    1081:             262             285
transaction    1082:             262             276
transaction    1083:             262             279
transaction    1084:             262             285
transaction    1085:             262             276
transaction    1086:             262             279
transaction    1087:             262             288
transaction    1088:             262             276
transaction    1089:             262             279
transaction    1090:             262             285
transaction    1091:             262             276
transaction    1092:             262             288
transaction    1093:             262             276
transaction    1094:             262             279
transaction    1095:             262             285
transaction    1096:             262             276
transaction    1097:             262             288
transaction    1098:             262             276
transaction    1099:             262             279
transaction    1100:             262             282
transaction    1101:             262             276
transaction    1102:             262             279
transaction    1103:             262             288
transaction    1104:             262             276
transaction    1105:             262             279
transaction    1106:             262             285
transaction    1107:             262             276
transaction    1108:             262             288
transaction    1109:             262             276
transaction    1110:             262             279
transaction    1111:             262             285
transaction    1112:             262             276
transaction    1113:             262             288
transaction    1114:             262             276
transaction    1115:             262             279
transaction    1116:             262             282
transaction    1117:             262             276
transaction    1118:             262             279
transaction    1119:             262             288
transaction    1120:             262             276
transaction    1121:             262             279
transaction    1122:             262             285
transaction    1123:             262             276
transaction    1124:             262             288
transaction    1125:             262             276
transaction    1126:             262             279
transaction    1127:             262             285
transaction    1128:             262             276
transaction    1129:             262             288
transaction    1130:             262             276
transaction    1131:             262             279
transaction    1132:             262             285
transaction    1133:             262             276
transaction    1134:             262             279
transaction    1135:             262             285
transaction    1136:             262             276
transaction    1137:             262             279
transaction    1138:             262             288
transaction    1139:             262             276
transaction    1140:             262             285
transaction    1141:             262             276
transaction    1142:             262             279
transaction    1143:             262             288
transaction    1144:             262             276
transaction    1145:             262             285
transaction    1146:             262             276
transaction    1147:             262             279
transaction    1148:             262             285
transaction    1149:             262             276
transaction    1150:             262             279
transaction    1151:             262             285
transaction    1152:             262             276
transaction    1153:             262             279
transaction    1154:             262             288
transaction    1155:             262             276
transaction    1156:             262             285
transaction    1157:             262             276
transaction    1158:             262             279
transaction    1159:             262             288
transaction    1160:             262             276
transaction    1161:             262             285
transaction    1162:             262             276
transaction    1163:             262             279
transaction    1164:             262             285
transaction    1165:             262             276
transaction    1166:             262             279
transaction    1167:             262             285
transaction    1168:             262             276
transaction    1169:             262             279
transaction    1170:             262             288
transaction    1171:             262             276
transaction    1172:             262             288
transaction    1173:             262             276
transaction    1174:             262             279
transaction    1175:             262             285
transaction    1176:             262             276
transaction    1177:             262             288
transaction    1178:             262             276
transaction    1179:             262             279
transaction    1180:             262             282
transaction    1181:             262             276
transaction    1182:             262             279
transaction    1183:             262             288
transaction    1184:             262             276
transaction    1185:             262             279
transaction    1186:             262             285
transaction    1187:             262             276
transaction    1188:             262             288
transaction    1189:             262             276
transaction    1190:             262             279
transaction    1191:             262             285
transaction    1192:             262             276
transaction    1193:             262             288
transaction    1194:             262             276
transaction    1195:             262             279
transaction    1196:             262             282
transaction    1197:             262             276
transaction    1198:             262             279
transaction    1199:             262             288
transaction    1200:             262             276
transaction    1201:             262             279
transaction    1202:             262             285
transaction    1203:             262             276
transaction    1204:             262             288
transaction    1205:             262             276
transaction    1206:             262             279
transaction    1207:             262             285
transaction    1208:             262             276
transaction    1209:             262             288
transaction    1210:             262             276
transaction    1211:             262             279
transaction    1212:             262             282
transaction    1213:             262             276
transaction    1214:             262             279
transaction    1215:             262             288
transaction    1216:             262             276
transaction    1217:             262             279
transaction    1218:             262             288
transaction    1219:             262             276
transaction    1220:             262             285
transaction    1221:             262             276
transaction    1222:             262             279
transaction    1223:             262             288
transaction    1224:             262             276
transaction    1225:             262             285
transaction    1226:             262             276
transaction    1227:             262             279
transaction    1228:             262             285
transaction    1229:             262             276
transaction    1230:             262             279
transaction    1231:             262             285
transaction    1232:             262             276
transaction    1233:             262             279
transaction    1234:             262             288
transaction    1235:             262             276
transaction    1236:             262             285
transaction    1237:             262             276
transaction    1238:             262             279
transaction    1239:             262             288
transaction    1240:             262             276
transaction    1241:             262             285
transaction    1242:             262             276
transaction    1243:             262             279
transaction    1244:             262             285
transaction    1245:             262             276
transaction    1246:             262             279
transaction    1247:             262             285
transaction    1248:             262             276
transaction    1249:             262             279
transaction    1250:             262             288
transaction    1251:             262             276
transaction    1252:             262             285
transaction    1253:             262             276
transaction    1254:             262             279
transaction    1255:             262             288
transaction    1256:             262             276
transaction    1257:             262             288
transaction    1258:             262             276
transaction    1259:             262             279
transaction    1260:             262             282
transaction    1261:             262             276
transaction    1262:             262             279
transaction    1263:             262             288
transaction    1264:             262             276
transaction    1265:             262             279
transaction    1266:             262             285
transaction    1267:             262             276
transaction    1268:             262             288
transaction    1269:             262             276
transaction    1270:             262             279
transaction    1271:             262             285
transaction    1272:             262             276
transaction    1273:             262             288
transaction    1274:             262             276
transaction    1275:             262             279
transaction    1276:             262             282
transaction    1277:             262             276
transaction    1278:             262             279
transaction    1279:             262             288
transaction    1280:             262             276
transaction    1281:             262             279
transaction    1282:             262             285
transaction    1283:             262             276
transaction    1284:             262             288
transaction    1285:             262             276
transaction    1286:             262             279
transaction    1287:             262             285
transaction    1288:             262             276
transaction    1289:             262             288
transaction    1290:             262             276
transaction    1291:             262             279
transaction    1292:             262             282
transaction    1293:             262             276
transaction    1294:             262             279
transaction    1295:             262             288
transaction    1296:             262             276
transaction    1297:             262             279
transaction    1298:             262             285
transaction    1299:             262             276
transaction    1300:             262             288
transaction    1301:             262             276
transaction    1302:             262             279
transaction    1303:             262             288
transaction    1304:             262             276
transaction    1305:             262             285
transaction    1306:             262             276
transaction    1307:             262             279
transaction    1308:             262             285
transaction    1309:             262             276
transaction    1310:             262             279
transaction    1311:             262             285
transaction    1312:             262             276
transaction    1313:             262             279
transaction    1314:             262             288
transaction    1315:             262             276
transaction    1316:             262             285
transaction    1317:             262             276
transaction    1318:             262             279
transaction    1319:             262             288
transaction    1320:             262             276
transaction    1321:             262             285
transaction    1322:             262             276
transaction    1323:             262             279
transaction    1324:             262             285
transaction    1325:             262             276
transaction    1326:             262             279
transaction    1327:             262             285
transaction    1328:             262             276
transaction    1329:             262             279
transaction    1330:             262             288
transaction    1331:             262             276
transaction    1332:             262             285
transaction    1333:             262             276
transaction    1334:             262             279
transaction    1335:             262             288
transaction    1336:             262             276
transaction    1337:             262             285
transaction    1338:             262             276
transaction    1339:             262             279
transaction    1340:             262             285
transaction    1341:             262             276
transaction    1342:             262             279
transaction    1343:             262             288
transaction    1344:             262             276
transaction    1345:             262             279
transaction    1346:             262             285
transaction    1347:             262             276
transaction    1348:             262             288
transaction    1349:             262             276
transaction    1350:             262             279
transaction    1351:             262             285
transaction    1352:             262             276
transaction    1353:             262             288
transaction    1354:             262             276
transaction    1355:             262             279
transaction    1356:             262             282
transaction    1357:             262             276
transaction    1358:             262             279
transaction    1359:             262             288
transaction    1360:             262             276
transaction    1361:             262             279
transaction    1362:             262             285
transaction    1363:             262             276
transaction    1364:             262             288
transaction    1365:             262             276
transaction    1366:             262             279
transaction    1367:             262             285
transaction    1368:             262             276
transaction    1369:             262             288
transaction    1370:             262             276
transaction    1371:             262             279
transaction    1372:             262             282
transaction    1373:             262             276
transaction    1374:             262             279
transaction    1375:             262             288
transaction    1376:             262             276
transaction    1377:             262             279
transaction    1378:             262             285
transaction    1379:             262             276
transaction    1380:             262             288
transaction    1381:             262             276
transaction    1382:             262             279
transaction    1383:             262             285
transaction    1384:             262             276
transaction    1385:             262             288
transaction    1386:             262             276
transaction    1387:             262             279
transaction    1388:             262             285
transaction    1389:             262             276
transaction    1390:             262             279
transaction    1391:             262             285
transaction    1392:             262             276
transaction    1393:             262             279
transaction    1394:             262             288
transaction    1395:             262             276
transaction    1396:             262             285
transaction    1397:             262             276
transaction    1398:             262             279
transaction    1399:             262             288
transaction    1400:             262             276
transaction    1401:             262             285
transaction    1402:             262             276
transaction    1403:             262             279
transaction    1404:             262             285
transaction    1405:             262             276
transaction    1406:             262             279
transaction    1407:             262             285
transaction    1408:             262             276
transaction    1409:             262             279
transaction    1410:             262             288
transaction    1411:             262             276
transaction    1412:             262             285
transaction    1413:             262             276
transaction    1414:             262             279
transaction    1415:             262             288
transaction    1416:             262             276
transaction    1417:             262             285
transaction    1418:             262             276
transaction    1419:             262             279
transaction    1420:             262             285
transaction    1421:             262             276
transaction    1422:             262             279
transaction    1423:             262             285
transaction    1424:             262             276
transaction    1425:             262             279
transaction    1426:             262             288
transaction    1427:             262             276
transaction    1428:             262             288
transaction    1429:             262             276
transaction    1430:             262             279
transaction    1431:             262             285
transaction    1432:             262             276
transaction    1433:             262             288
transaction    1434:             262             276
transaction    1435:             262             279
transaction    1436:             262             282
transaction    1437:             262             276
transaction    1438:             262             279
transaction    1439:             262             288
transaction    1440:             262             276
transaction    1441:             262             279
transaction    1442:             262             285
transaction    1443:             262             276
transaction    1444:             262             288
transaction    1445:             262             276
transaction    1446:             262             279
transaction    1447:             262             285
transaction    1448:             262             276
transaction    1449:             262             288
transaction    1450:             262             276
transaction    1451:             262             279
transaction    1452:             262             282
transaction    1453:             262             276
transaction    1454:             262             279
transaction    1455:             262             288
transaction    1456:             262             276
transaction    1457:             262             279
transaction    1458:             262             285
transaction    1459:             262             276
transaction    1460:             262             288
transaction    1461:             262             276
transaction    1462:             262             279
transaction    1463:             262             285
transaction    1464:             262             276
transaction    1465:             262             288
transaction    1466:             262             276
transaction    1467:             262             279
transaction    1468:             262             282
transaction    1469:             262             276
transaction    1470:             262             279
transaction    1471:             262             288
transaction    1472:             262             276
transaction    1473:             262             279
transaction    1474:             262             288
transaction    1475:             262             276
transaction    1476:             262             285
transaction    1477:             262             276
transaction    1478:             262             279
transaction    1479:             262             288
transaction    1480:             262             276
transaction    1481:             262             285
transaction    1482:             262             276
transaction    1483:             262             279
transaction    1484:             262             285
transaction    1485:             262             276
transaction    1486:             262             279
transaction    1487:             262             285
transaction    1488:             262             276
transaction    1489:             262             279
transaction    1490:             262             288
transaction    1491:             262             276
transaction    1492:             262             285
transaction    1493:             262             276
transaction    1494:             262             279
transaction    1495:             262             288
transaction    1496:             262             276
transaction    1497:             262             285
transaction    1498:             262             276
transaction    1499:             262             279
transaction    1500:             262             285
transaction    1501:             262             276
transaction    1502:             262             279
transaction    1503:             262             285
transaction    1504:             262             276
transaction    1505:             262             279
transaction    1506:             262             288
transaction    1507:             262             276
transaction    1508:             262             285
transaction    1509:             262             276
transaction    1510:             262             279
transaction    1511:             262             288
transaction    1512:             262             276
transaction    1513:             262             288
transaction    1514:             262             276
transaction    1515:             262             279
transaction    1516:             262             282
transaction    1517:             262             276
transaction    1518:             262             279
transaction    1519:             262             288
transaction    1520:             262             276
transaction    1521:             262             279
transaction    1522:             262             285
transaction    1523:             262             276
transaction    1524:             262             288
transaction    1525:             262             276
transaction    1526:             262             279
transaction    1527:             262             285
transaction    1528:             262             276
transaction    1529:             262             288
transaction    1530:             262             276
transaction    1531:             262             279
transaction    1532:             262             282
transaction    1533:             262             276
transaction    1534:             262             279
transaction    1535:             262             288
transaction    1536:             262             276
transaction    1537:             262             279
transaction    1538:             262             285
transaction    1539:             262             276
transaction    1540:             262             288
transaction    1541:             262             276
transaction    1542:             262             279
transaction    1543:             262             285
transaction    1544:             262             276
transaction    1545:             262             288
transaction    1546:             262             276
transaction    1547:             262             279
transaction    1548:             262             282
transaction    1549:             262             276
transaction    1550:             262             279
transaction    1551:             262             288
transaction    1552:             262             276
transaction    1553:             262             279
transaction    1554:             262             285
transaction    1555:             262             276
transaction    1556:             262             288
transaction    1557:             262             276
transaction    1558:             262             279
transaction    1559:             262             288
transaction    1560:             262             276
transaction    1561:             262             285
transaction    1562:             262             276
transaction    1563:             262             279
transaction    1564:             262             285
transaction    1565:             262             276
transaction    1566:             262             279
transaction    1567:             262             285
transaction    1568:             262             276
transaction    1569:             262             279
transaction    1570:             262             288
transaction    1571:             262             276
transaction    1572:             262             285
transaction    1573:             262             276
transaction    1574:             262             279
transaction    1575:             262             288
transaction    1576:             262             276
transaction    1577:             262             285
transaction    1578:             262             276
transaction    1579:             262             279
transaction    1580:             262             285
transaction    1581:             262             276
transaction    1582:             262             279
transaction    1583:             262             285
transaction    1584:             262             276
transaction    1585:             262             279
transaction    1586:             262             288
transaction    1587:             262             276
transaction    1588:             262             285
transaction    1589:             262             276
transaction    1590:             262             279
transaction    1591:             262             288
transaction    1592:             262             276
transaction    1593:             262             285
transaction    1594:             262             276
transaction    1595:             262             279
transaction    1596:             262             285
transaction    1597:             262             276
transaction    1598:             262             279
transaction    1599:             262             288
transaction    1600:             262             276
transaction    1601:             262             279
transaction    1602:             262             285
transaction    1603:             262             276
transaction    1604:             262             288
transaction    1605:             262             276
transaction    1606:             262             279
transaction    1607:             262             285
transaction    1608:             262             276
transaction    1609:             262             288
transaction    1610:             262             276
transaction    1611:             262             279
transaction    1612:             262             282
transaction    1613:             262             276
transaction    1614:             262             279
transaction    1615:             262             288
transaction    1616:             262             276
transaction    1617:             262             279
transaction    1618:             262             285
transaction    1619:             262             276
transaction    1620:             262             288
transaction    1621:             262             276
transaction    1622:             262             279
transaction    1623:             262             285
transaction    1624:             262             276
transaction    1625:             262             288
transaction    1626:             262             276
transaction    1627:             262             279
transaction    1628:             262             282
transaction    1629:             262             276
transaction    1630:             262             279
transaction    1631:             262             288
transaction    1632:             262             276
transaction    1633:             262             279
transaction    1634:             262             285
transaction    1635:             262             276
transaction    1636:             262             288
transaction    1637:             262             276
transaction    1638:             262             279
transaction    1639:             262             285
transaction    1640:             262             276
transaction    1641:             262             288
transaction    1642:             262             276
transaction    1643:             262             279
transaction    1644:             262             285
transaction    1645:             262             276
transaction    1646:             262             279
transaction    1647:             262             285
transaction    1648:             262             276
transaction    1649:             262             279
transaction    1650:             262             288
transaction    1651:             262             276
transaction    1652:             262             285
transaction    1653:             262             276
transaction    1654:             262             279
transaction    1655:             262             288
transaction    1656:             262             276
transaction    1657:             262             285
transaction    1658:             262             276
transaction    1659:             262             279
transaction    1660:             262             285
transaction    1661:             262             276
transaction    1662:             262             279
transaction    1663:             262             285
transaction    1664:             262             276
transaction    1665:             262             279
transaction    1666:             262             288
transaction    1667:             262             276
transaction    1668:             262             285
transaction    1669:             262             276
transaction    1670:             262             279
transaction    1671:             262             288
transaction    1672:             262             276
transaction    1673:             262             285
transaction    1674:             262             276
transaction    1675:             262             279
transaction    1676:             262             285
transaction    1677:             262             276
transaction    1678:             262             279
transaction    1679:             262             285
transaction    1680:             262             276
transaction    1681:             262             279
transaction    1682:             262             288
transaction    1683:             262             276
transaction    1684:             262             288
transaction    1685:             262             276
transaction    1686:             262             279
transaction    1687:             262             285
transaction    1688:             262             276
transaction    1689:             262             288
transaction    1690:             262             276
transaction    1691:             262             279
transaction    1692:             262             282
transaction    1693:             262             276
transaction    1694:             262             279
transaction    1695:             262             288
transaction    1696:             262             276
transaction    1697:             262             279
transaction    1698:             262             285
transaction    1699:             262             276
transaction    1700:             262             288
transaction    1701:             262             276
transaction    1702:             262             279
transaction    1703:             262             285
transaction    1704:             262             276
transaction    1705:             262             288
transaction    1706:             262             276
transaction    1707:             262             279
transaction    1708:             262             282
transaction    1709:             262             276
transaction    1710:             262             279
transaction    1711:             262             288
transaction    1712:             262             276
transaction    1713:             262             279
transaction    1714:             262             285
transaction    1715:             262             276
transaction    1716:             262             288
transaction    1717:             262             276
transaction    1718:             262             279
transaction    1719:             262             285
transaction    1720:             262             276
transaction    1721:             262             288
transaction    1722:             262             276
transaction    1723:             262             279
transaction    1724:             262             282
transaction    1725:             262             276
transaction    1726:             262             279
transaction    1727:             262             288
transaction    1728:             262             276
transaction    1729:             262             279
transaction    1730:             262             288
transaction    1731:             262             276
transaction    1732:             262             285
transaction    1733:             262             276
transaction    1734:             262             279
transaction    1735:             262             288
transaction    1736:             262             276
transaction    1737:             262             285
transaction    1738:             262             276
transaction    1739:             262             279
transaction    1740:             262             285
transaction    1741:             262             276
transaction    1742:             262             279
transaction    1743:             262             285
transaction    1744:             262             276
transaction    1745:             262             279
transaction    1746:             262             288
transaction    1747:             262             276
transaction    1748:             262             285
transaction    1749:             262             276
transaction    1750:             262             279
transaction    1751:             262             288
transaction    1752:             262             276
transaction    1753:             262             285
transaction    1754:             262             276
transaction    1755:             262             279
transaction    1756:             262             285
transaction    1757:             262             276
transaction    1758:             262             279
transaction    1759:             262             285
transaction    1760:             262             276
transaction    1761:             262             279
transaction    1762:             262             288
transaction    1763:             262             276
transaction    1764:             262             285
transaction    1765:             262             276
transaction    1766:             262             279
transaction    1767:             262             288
transaction    1768:             262             276
transaction    1769:             262             288
transaction    1770:             262             276
transaction    1771:             262             279
transaction    1772:             262             282
transaction    1773:             262             276
transaction    1774:             262             279
transaction    1775:             262             288
transaction    1776:             262             276
transaction    1777:             262             279
transaction    1778:             262             285
transaction    1779:             262             276
transaction    1780:             262             288
transaction    1781:             262             276
transaction    1782:             262             279
transaction    1783:             262             285
transaction    1784:             262             276
transaction    1785:             262             288
transaction    1786:             262             276
transaction    1787:             262             279
transaction    1788:             262             282
transaction    1789:             262             276
transaction    1790:             262             279
transaction    1791:             262             288
transaction    1792:             262             276
transaction    1793:             262             279
transaction    1794:             262             285
transaction    1795:             262             276
transaction    1796:             262             288
transaction    1797:             262             276
transaction    1798:             262             279
transaction    1799:             262             285
transaction    1800:             262             276
transaction    1801:             262             288
transaction    1802:             262             276
transaction    1803:             262             279
transaction    1804:             262             282
transaction    1805:             262             276
transaction    1806:             262             279
transaction    1807:             262             288
transaction    1808:             262             276
transaction    1809:             262             279
transaction    1810:             262             285
transaction    1811:             262             276
transaction    1812:             262             288
transaction    1813:             262             276
transaction    1814:             262             279
transaction    1815:             262             288
transaction    1816:             262             276
transaction    1817:             262             285
transaction    1818:             262             276
transaction    1819:             262             279
transaction    1820:             262             285
transaction    1821:             262             276
transaction    1822:             262             279
transaction    1823:             262             285
transaction    1824:             262             276
transaction    1825:             262             279
transaction    1826:             262             288
transaction    1827:             262             276
transaction    1828:             262             285
transaction    1829:             262             276
transaction    1830:             262             279
transaction    1831:             262             288
transaction    1832:             262             276
transaction    1833:             262             285
transaction    1834:             262             276
transaction    1835:             262             279
transaction    1836:             262             285
transaction    1837:             262             276
transaction    1838:             262             279
transaction    1839:             262             285
transaction    1840:             262             276
transaction    1841:             262             279
transaction    1842:             262             288
transaction    1843:             262             276
transaction    1844:             262             285
transaction    1845:             262             276
transaction    1846:             262             279
transaction    1847:             262             288
transaction    1848:             262             276
transaction    1849:             262             285
transaction    1850:             262             276
transaction    1851:             262             279
transaction    1852:             262             285
transaction    1853:             262             276
transaction    1854:             262             279
transaction    1855:             262             288
transaction    1856:             262             276
transaction    1857:             262             279
transaction    1858:             262             285
transaction    1859:             262             276
transaction    1860:             262             288
transaction    1861:             262             276
transaction    1862:             262             279
transaction    1863:             262             285
transaction    1864:             262             276
transaction    1865:             262             288
transaction    1866:             262             276
transaction    1867:             262             279
transaction    1868:             262             282
transaction    1869:             262             276
transaction    1870:             262             279
transaction    1871:             262             288
transaction    1872:             262             276
transaction    1873:             262             279
transaction    1874:             262             285
transaction    1875:             262             276
transaction    1876:             262             288
transaction    1877:             262             276
transaction    1878:             262             279
transaction    1879:             262             285
transaction    1880:             262             276
transaction    1881:             262             288
transaction    1882:             262             276
transaction    1883:             262             279
transaction    1884:             262             282
transaction    1885:             262             276
transaction    1886:             262             279
transaction    1887:             262             288
transaction    1888:             262             276
transaction    1889:             262             279
transaction    1890:             262             285
transaction    1891:             262             276
transaction    1892:             262             288
transaction    1893:             262             276
transaction    1894:             262             279
transaction    1895:             262             285
transaction    1896:             262             276
transaction    1897:             262             288
transaction    1898:             262             276
transaction    1899:             262             279
transaction    1900:             262             285
transaction    1901:             262             276
transaction    1902:             262             279
transaction    1903:             262             285
transaction    1904:             262             276
transaction    1905:             262             279
transaction    1906:             262             288
transaction    1907:             262             276
transaction    1908:             262             285
transaction    1909:             262             276
transaction    1910:             262             279
transaction    1911:             262             288
transaction    1912:             262             276
transaction    1913:             262             285
transaction    1914:             262             276
transaction    1915:             262             279
transaction    1916:             262             285
transaction    1917:             262             276
transaction    1918:             262             279
transaction    1919:             262             285
transaction    1920:             262             276
transaction    1921:             262             279
transaction    1922:             262             288
transaction    1923:             262             276
transaction    1924:             262             285
transaction    1925:             262             276
transaction    1926:             262             279
transaction    1927:             262             288
transaction    1928:             262             276
transaction    1929:             262             285
transaction    1930:             262             276
transaction    1931:             262             279
transaction    1932:             262             285
transaction    1933:             262             276
transaction    1934:             262             279
transaction    1935:             262             285
transaction    1936:             262             276
transaction    1937:             262             279
transaction    1938:             262             288
transaction    1939:             262             276
transaction    1940:             262             288
transaction    1941:             262             276
transaction    1942:             262             279
transaction    1943:             262             285
transaction    1944:             262             276
transaction    1945:             262             288
transaction    1946:             262             276
transaction    1947:             262             279
transaction    1948:             262             282
transaction    1949:             262             276
transaction    1950:             262             279
transaction    1951:             262             288
transaction    1952:             262             276
transaction    1953:             262             279
transaction    1954:             262             285
transaction    1955:             262             276
transaction    1956:             262             288
transaction    1957:             262             276
transaction    1958:             262             279
transaction    1959:             262             285
transaction    1960:             262             276
transaction    1961:             262             288
transaction    1962:             262             276
transaction    1963:             262             279
transaction    1964:             262             282
transaction    1965:             262             276
transaction    1966:             262             279
transaction    1967:             262             288
transaction    1968:             262             276
transaction    1969:             262             279
transaction    1970:             262             285
transaction    1971:             262             276
transaction    1972:             262             288
transaction    1973:             262             276
transaction    1974:             262             279
transaction    1975:             262             285
transaction    1976:             262             276
transaction    1977:             262             288
transaction    1978:             262             276
transaction    1979:             262             279
transaction    1980:             262             282
transaction    1981:             262             276
transaction    1982:             262             279
transaction    1983:             262             288
transaction    1984:             262             276
transaction    1985:             262             279
transaction    1986:             262             288
transaction    1987:             262             276
transaction    1988:             262             285
transaction    1989:             262             276
transaction    1990:             262             279
transaction    1991:             262             288
transaction    1992:             262             276
transaction    1993:             262             285
transaction    1994:             262             276
transaction    1995:             262             279
transaction    1996:             262             285
transaction    1997:             262             276
transaction    1998:             262             279
transaction    1999:             262             285
transaction    2000:             262             276
transaction    2001:             262             279
transaction    2002:             262             288
transaction    2003:             262             276
transaction    2004:             262             285
transaction    2005:             262             276
transaction    2006:             262             279
transaction    2007:             262             288
transaction    2008:             262             276
transaction    2009:             262             285
transaction    2010:             262             276
transaction    2011:             262             279
transaction    2012:             262             285
transaction    2013:             262             276
transaction    2014:             262             279
transaction    2015:             262             285
transaction    2016:             262             276
transaction    2017:             262             279
transaction    2018:             262             288
transaction    2019:             262             276
transaction    2020:             262             285
transaction    2021:             262             276
transaction    2022:             262             279
transaction    2023:             262             288
transaction    2024:             262             276
transaction    2025:             262             288
transaction    2026:             262             276
transaction    2027:             262             279
transaction    2028:             262             282
transaction    2029:             262             276
transaction    2030:             262             279
transaction    2031:             262             288
transaction    2032:             262             276
transaction    2033:             262             279
transaction    2034:             262             285
transaction    2035:             262             276
transaction    2036:             262             288
transaction    2037:             262             276
transaction    2038:             262             279
transaction    2039:             262             285
transaction    2040:             262             276
transaction    2041:             262             288
transaction    2042:             262             276
transaction    2043:             262             279
transaction    2044:             262             282
transaction    2045:             262             276
transaction    2046:             262             279
transaction    2047:             262             288
transaction    2048:             262             276
transaction    2049:             262             279
transaction    2050:             262             285
transaction    2051:             262             276
transaction    2052:             262             288
transaction    2053:             262             276
transaction    2054:             262             279
transaction    2055:             262             285
transaction    2056:             262             276
transaction    2057:             262             288
transaction    2058:             262             276
transaction    2059:             262             279
transaction    2060:             262             282
transaction    2061:             262             276
transaction    2062:             262             279
transaction    2063:             262             288
transaction    2064:             262             276
transaction    2065:             262             279
transaction    2066:             262             285
transaction    2067:             262             276
transaction    2068:             262             288
transaction    2069:             262             276
transaction    2070:             262             279
transaction    2071:             262             288
transaction    2072:             262             276
transaction    2073:             262             285
transaction    2074:             262             276
transaction    2075:             262             279
transaction    2076:             262             285
transaction    2077:             262             276
transaction    2078:             262             279
transaction    2079:             262             285
transaction    2080:             262             276
transaction    2081:             262             279
transaction    2082:             262             288
transaction    2083:             262             276
transaction    2084:             262             285
transaction    2085:             262             276
transaction    2086:             262             279
transaction    2087:             262             288
transaction    2088:             262             276
transaction    2089:             262             285
transaction    2090:             262             276
transaction    2091:             262             279
transaction    2092:             262             285
transaction    2093:             262             276
transaction    2094:             262             279
transaction    2095:             262             285
transaction    2096:             262             276
transaction    2097:             262             279
transaction    2098:             262             288
transaction    2099:             262             276
transaction    2100:             262             285
transaction    2101:             262             276
transaction    2102:             262             279
transaction    2103:             262             288
transaction    2104:             262             276
transaction    2105:             262             285
transaction    2106:             262             276
transaction    2107:             262             279
transaction    2108:             262             285
transaction    2109:             262             276
transaction    2110:             262             279
transaction    2111:             262             288
transaction    2112:             262             276
transaction    2113:             262             279
transaction    2114:             262             285
transaction    2115:             262             276
transaction    2116:             262             288
transaction    2117:             262             276
transaction    2118:             262             279
transaction    2119:             262             285
transaction    2120:             262             276
transaction    2121:             262             288
transaction    2122:             262             276
transaction    2123:             262             279
transaction    2124:             262             282
transaction    2125:             262             276
transaction    2126:             262             279
transaction    2127:             262             288
transaction    2128:             262             276
transaction    2129:             262             279
transaction    2130:             262             285
transaction    2131:             262             276
transaction    2132:             262             288
transaction    2133:             262             276
transaction    2134:             262             279
transaction    2135:             262             285
transaction    2136:             262             276
transaction    2137:             262             288
transaction    2138:             262             276
transaction    2139:             262             279
transaction    2140:             262             282
transaction    2141:             262             276
transaction    2142:             262             279
transaction    2143:             262             288
transaction    2144:             262             276
transaction    2145:             262             279
transaction    2146:             262             285
transaction    2147:             262             276
transaction    2148:             262             288
transaction    2149:             262             276
transaction    2150:             262             279
transaction    2151:             262             285
transaction    2152:             262             276
transaction    2153:             262             288
transaction    2154:             262             276
transaction    2155:             262             279
transaction    2156:             262             285
transaction    2157:             262             276
transaction    2158:             262             279
transaction    2159:             262             285
transaction    2160:             262             276
transaction    2161:             262             279
transaction    2162:             262             288
transaction    2163:             262             276
transaction    2164:             262             285
transaction    2165:             262             276
transaction    2166:             262             279
transaction    2167:             262             288
transaction    2168:             262             276
transaction    2169:             262             285
transaction    2170:             262             276
transaction    2171:             262             279
transaction    2172:             262             285
transaction    2173:             262             276
transaction    2174:             262             279
transaction    2175:             262             285
transaction    2176:             262             276
transaction    2177:             262             279
transaction    2178:             262             288
transaction    2179:             262             276
transaction    2180:             262             285
transaction    2181:             262             276
transaction    2182:             262             279
transaction    2183:             262             288
transaction    2184:             262             276
transaction    2185:             262             285
transaction    2186:             262             276
transaction    2187:             262             279
transaction    2188:             262             285
transaction    2189:             262             276
transaction    2190:             262             279
transaction    2191:             262             285
transaction    2192:             262             276
transaction    2193:             262             279
transaction    2194:             262             288
transaction    2195:             262             276
transaction    2196:             262             288
transaction    2197:             262             276
transaction    2198:             262             279
transaction    2199:             262             285
transaction    2200:             262             276
transaction    2201:             262             288
transaction    2202:             262             276
transaction    2203:             262             279
transaction    2204:             262             282
transaction    2205:             262             276
transaction    2206:             262             279
transaction    2207:             262             288
transaction    2208:             262             276
transaction    2209:             262             279
transaction    2210:             262             285
transaction    2211:             262             276
transaction    2212:             262             288
transaction    2213:             262             276
transaction    2214:             262             279
transaction    2215:             262             285
transaction    2216:             262             276
transaction    2217:             262             288
transaction    2218:             262             276
transaction    2219:             262             279
transaction    2220:             262             282
transaction    2221:             262             276
transaction    2222:             262             279
transaction    2223:             262             288
transaction    2224:             262             276
transaction    2225:             262             279
transaction    2226:             262             285
transaction    2227:             262             276
transaction    2228:             262             288
transaction    2229:             262             276
transaction    2230:             262             279
transaction    2231:             262             285
transaction    2232:             262             276
transaction    2233:             262             288
transaction    2234:             262             276
transaction    2235:             262             279
transaction    2236:             262             282
transaction    2237:             262             276
transaction    2238:             262             279
transaction    2239:             262             288
transaction    2240:             262             276
transaction    2241:             262             279
transaction    2242:             262             288
transaction    2243:             262             276
transaction    2244:             262             285
transaction    2245:             262             276
transaction    2246:             262             279
transaction    2247:             262             288
transaction    2248:             262             276
transaction    2249:             262             285
transaction    2250:             262             276
transaction    2251:             262             279
transaction    2252:             262             285
transaction    2253:             262             276
transaction    2254:             262             279
transaction    2255:             262             285
transaction    2256:             262             276
transaction    2257:             262             279
transaction    2258:             262             288
transaction    2259:             262             276
transaction    2260:             262             285
transaction    2261:             262             276
transaction    2262:             262             279
transaction    2263:             262             288
transaction    2264:             262             276
transaction    2265:             262             285
transaction    2266:             262             276
transaction    2267:             262             279
transaction    2268:             262             285
transaction    2269:             262             276
transaction    2270:             262             279
transaction    2271:             262             285
transaction    2272:             262             276
transaction    2273:             262             279
transaction    2274:             262             288
transaction    2275:             262             276
transaction    2276:             262             285
transaction    2277:             262             276
transaction    2278:             262             279
transaction    2279:             262             288
transaction    2280:             262             276
transaction    2281:             262             288
transaction    2282:             262             276
transaction    2283:             262             279
transaction    2284:             262             282
transaction    2285:             262             276
transaction    2286:             262             279
transaction    2287:             262             288
transaction    2288:             262             276
transaction    2289:             262             279
transaction    2290:             262             285
transaction    2291:             262             276
transaction    2292:             262             288
transaction    2293:             262             276
transaction    2294:             262             279
transaction    2295:             262             285
transaction    2296:             262             276
transaction    2297:             262             288
transaction    2298:             262             276
transaction    2299:             262             279
transaction    2300:             262             282
transaction    2301:             262             276
transaction    2302:             262             279
transaction    2303:             262             288
transaction    2304:             262             276
transaction    2305:             262             279
transaction    2306:             262               x
