[INFO] [1770277694.630285112] [bad_actor]: Bad Actor Node Started. Injecting faults...
[INFO] [1770277694.633081155] [ngac_gatekeeper]: NGAC Gatekeeper: Driving /cmd_vel based on Auth
[INFO] [1770277695.131604463] [bad_actor]: Sending [VALID] Command (Subject 1)
[INFO] [1770277695.132837458] [ngac_gatekeeper]: [PASS] Time: 734 ns | Cmd forwarded
[INFO] [1770277695.630584624] [bad_actor]: Sending [MALICIOUS] Command (Subject 99)
[WARN] [1770277695.631948482] [ngac_gatekeeper]: [BLOCK] Time: 762 ns | Unauthorized Subject 99
[INFO] [1770277696.171042447] [bad_actor]: Sending [VALID] Command (Subject 1)
[INFO] [1770277696.172397184] [ngac_gatekeeper]: [PASS] Time: 581 ns | Cmd forwarded
[INFO] [1770277694.175357858] [bad_actor]: Sending [MALICIOUS] Command (Subject 99)
[WARN] [1770277694.176457432] [ngac_gatekeeper]: [BLOCK] Time: 490 ns | Unauthorized Subject 99
[INFO] [1770277694.655790784] [bad_actor]: Sending [VALID] Command (Subject 1)
[INFO] [1770277694.657242149] [ngac_gatekeeper]: [PASS] Time: 944 ns | Cmd forwarded
[INFO] [1770277695.152904438] [bad_actor]: Sending [MALICIOUS] Command (Subject 99)
[WARN] [1770277695.154039128] [ngac_gatekeeper]: [BLOCK] Time: 748 ns | Unauthorized Subject 99
[INFO] [1770277695.651115486] [bad_actor]: Sending [VALID] Command (Subject 1)
[INFO] [1770277695.652163662] [ngac_gatekeeper]: [PASS] Time: 899 ns | Cmd forwarded
[INFO] [1770277696.152602022] [bad_actor]: Sending [MALICIOUS] Command (Subject 99)
[WARN] [1770277696.153994711] [ngac_gatekeeper]: [BLOCK] Time: 572 ns | Unauthorized Subject 99
[INFO] [1770277696.651232899] [bad_actor]: Sending [VALID] Command (Subject 1)
[INFO] [1770277696.652863313] [ngac_gatekeeper]: [PASS] Time: 1584 ns | Cmd forwarded
[INFO] [1770277697.157576486] [bad_actor]: Sending [MALICIOUS] Command (Subject 99)
[WARN] [1770277697.158694745] [ngac_gatekeeper]: [BLOCK] Time: 568 ns | Unauthorized Subject 99
[INFO] [1770277697.651913238] [bad_actor]: Sending [VALID] Command (Subject 1)
[INFO] [1770277697.653078797] [ngac_gatekeeper]: [PASS] Time: 765 ns | Cmd forwarded
[INFO] [1770277698.155298213] [bad_actor]: Sending [MALICIOUS] Command (Subject 99)
[WARN] [1770277698.156439949] [ngac_gatekeeper]: [BLOCK] Time: 565 ns | Unauthorized Subject 99
[INFO] [1770277698.650812350] [bad_actor]: Sending [VALID] Command (Subject 1)
[INFO] [1770277698.652009750] [ngac_gatekeeper]: [PASS] Time: 20022 ns | Cmd forwarded
[INFO] [1770277699.152411464] [bad_actor]: Sending [MALICIOUS] Command (Subject 99)
[WARN] [1770277699.153877097] [ngac_gatekeeper]: [BLOCK] Time: 656 ns | Unauthorized Subject 99
[INFO] [1770277699.650274472] [bad_actor]: Sending [VALID] Command (Subject 1)
[INFO] [1770277699.651330107] [ngac_gatekeeper]: [PASS] Time: 662 ns | Cmd forwarded
[INFO] [1770277700.157165856] [bad_actor]: Sending [MALICIOUS] Command (Subject 99)
[WARN] [1770277700.158675185] [ngac_gatekeeper]: [BLOCK] Time: 920 ns | Unauthorized Subject 99
[INFO] [1770277700.655222528] [bad_actor]: Sending [VALID] Command (Subject 1)
[INFO] [1770277700.656715643] [ngac_gatekeeper]: [PASS] Time: 1111 ns | Cmd forwarded
[INFO] [1770277701.153781829] [bad_actor]: Sending [MALICIOUS] Command (Subject 99)
[WARN] [1770277701.154996443] [ngac_gatekeeper]: [BLOCK] Time: 774 ns | Unauthorized Subject 99
[INFO] [1770277701.650615182] [bad_actor]: Sending [VALID] Command (Subject 1)
[INFO] [1770277701.651849338] [ngac_gatekeeper]: [PASS] Time: 5271 ns | Cmd forwarded
[INFO] [1770277702.152792659] [bad_actor]: Sending [MALICIOUS] Command (Subject 99)
[WARN] [1770277702.153971473] [ngac_gatekeeper]: [BLOCK] Time: 729 ns | Unauthorized Subject 99
[INFO] [1770277702.654767675] [bad_actor]: Sending [VALID] Command (Subject 1)
[INFO] [1770277702.656351394] [ngac_gatekeeper]: [PASS] Time: 1528 ns | Cmd forwarded
[INFO] [1770277703.175381715] [bad_actor]: Sending [MALICIOUS] Command (Subject 99)
[WARN] [1770277703.176409790] [ngac_gatekeeper]: [BLOCK] Time: 654 ns | Unauthorized Subject 99
[INFO] [1770277703.660915774] [bad_actor]: Sending [VALID] Command (Subject 1)
[INFO] [1770277703.662013890] [ngac_gatekeeper]: [PASS] Time: 883 ns | Cmd forwarded
[INFO] [1770277704.173350640] [bad_actor]: Sending [MALICIOUS] Command (Subject 99)
[WARN] [1770277704.174869232] [ngac_gatekeeper]: [BLOCK] Time: 3812 ns | Unauthorized Subject 99
[INFO] [1770277704.650474038] [bad_actor]: Sending [VALID] Command (Subject 1)
[INFO] [1770277704.651664156] [ngac_gatekeeper]: [PASS] Time: 1483 ns | Cmd forwarded
[INFO] [1770277705.152779341] [bad_actor]: Sending [MALICIOUS] Command (Subject 99)
[WARN] [1770277705.153783681] [ngac_gatekeeper]: [BLOCK] Time: 790 ns | Unauthorized Subject 99
[INFO] [1770277705.653403122] [bad_actor]: Sending [VALID] Command (Subject 1)
[INFO] [1770277705.654340784] [ngac_gatekeeper]: [PASS] Time: 782 ns | Cmd forwarded
[INFO] [1770277706.151254298] [bad_actor]: Sending [MALICIOUS] Command (Subject 99)
[WARN] [1770277706.153016803] [ngac_gatekeeper]: [BLOCK] Time: 875 ns | Unauthorized Subject 99
[INFO] [1770277706.653354755] [bad_actor]: Sending [VALID] Command (Subject 1)
[INFO] [1770277706.654591568] [ngac_gatekeeper]: [PASS] Time: 779 ns | Cmd forwarded
[INFO] [1770277707.150506193] [bad_actor]: Sending [MALICIOUS] Command (Subject 99)
[WARN] [1770277707.151680123] [ngac_gatekeeper]: [BLOCK] Time: 582 ns | Unauthorized Subject 99
[INFO] [1770277707.650682496] [bad_actor]: Sending [VALID] Command (Subject 1)
[INFO] [1770277707.651600919] [ngac_gatekeeper]: [PASS] Time: 660 ns | Cmd forwarded
[INFO] [1770277708.152042580] [bad_actor]: Sending [MALICIOUS] Command (Subject 99)
[WARN] [1770277708.152952016] [ngac_gatekeeper]: [BLOCK] Time: 663 ns | Unauthorized Subject 99
[INFO] [1770277708.652595088] [bad_actor]: Sending [VALID] Command (Subject 1)
[INFO] [1770277708.653528069] [ngac_gatekeeper]: [PASS] Time: 602 ns | Cmd forwarded
[INFO] [1770277709.150389203] [bad_actor]: Sending [MALICIOUS] Command (Subject 99)
[WARN] [1770277709.151435746] [ngac_gatekeeper]: [BLOCK] Time: 951 ns | Unauthorized Subject 99
[INFO] [1770277709.662550459] [bad_actor]: Sending [VALID] Command (Subject 1)
[INFO] [1770277709.663802841] [ngac_gatekeeper]: [PASS] Time: 1158 ns | Cmd forwarded
[INFO] [1770277710.159990744] [bad_actor]: Sending [MALICIOUS] Command (Subject 99)
[WARN] [1770277710.160874902] [ngac_gatekeeper]: [BLOCK] Time: 685 ns | Unauthorized Subject 99
[INFO] [1770277710.650784712] [bad_actor]: Sending [VALID] Command (Subject 1)
[INFO] [1770277710.651783747] [ngac_gatekeeper]: [PASS] Time: 1328 ns | Cmd forwarded
[INFO] [1770277711.151937522] [bad_actor]: Sending [MALICIOUS] Command (Subject 99)
[WARN] [1770277711.153479736] [ngac_gatekeeper]: [BLOCK] Time: 657 ns | Unauthorized Subject 99
[INFO] [1770277711.663584290] [bad_actor]: Sending [VALID] Command (Subject 1)
[INFO] [1770277711.665430052] [ngac_gatekeeper]: [PASS] Time: 1770 ns | Cmd forwarded
[INFO] [1770277712.150522144] [bad_actor]: Sending [MALICIOUS] Command (Subject 99)
[WARN] [1770277712.151803262] [ngac_gatekeeper]: [BLOCK] Time: 1180 ns | Unauthorized Subject 99
[INFO] [1770277712.662891599] [bad_actor]: Sending [VALID] Command (Subject 1)
[INFO] [1770277712.676224738] [ngac_gatekeeper]: [PASS] Time: 8948 ns | Cmd forwarded
[INFO] [1770277713.159635436] [bad_actor]: Sending [MALICIOUS] Command (Subject 99)
[WARN] [1770277713.160811844] [ngac_gatekeeper]: [BLOCK] Time: 578 ns | Unauthorized Subject 99
[INFO] [1770277713.650431612] [bad_actor]: Sending [VALID] Command (Subject 1)
[INFO] [1770277713.651059672] [ngac_gatekeeper]: [PASS] Time: 534 ns | Cmd forwarded
[INFO] [1770277714.151339940] [bad_actor]: Sending [MALICIOUS] Command (Subject 99)
[WARN] [1770277714.152520960] [ngac_gatekeeper]: [BLOCK] Time: 531 ns | Unauthorized Subject 99
[INFO] [1770277714.660273583] [bad_actor]: Sending [VALID] Command (Subject 1)
[INFO] [1770277714.661979086] [ngac_gatekeeper]: [PASS] Time: 672 ns | Cmd forwarded
[INFO] [1770277715.161951836] [bad_actor]: Sending [MALICIOUS] Command (Subject 99)
[WARN] [1770277715.162882757] [ngac_gatekeeper]: [BLOCK] Time: 621 ns | Unauthorized Subject 99
[INFO] [1770277715.660670381] [bad_actor]: Sending [VALID] Command (Subject 1)
[INFO] [1770277715.661763170] [ngac_gatekeeper]: [PASS] Time: 694 ns | Cmd forwarded
[INFO] [1770277716.162353251] [bad_actor]: Sending [MALICIOUS] Command (Subject 99)
[WARN] [1770277716.163521913] [ngac_gatekeeper]: [BLOCK] Time: 550 ns | Unauthorized Subject 99
[INFO] [1770277716.650450447] [bad_actor]: Sending [VALID] Command (Subject 1)
[INFO] [1770277716.651224998] [ngac_gatekeeper]: [PASS] Time: 746 ns | Cmd forwarded
[INFO] [1770277717.161393291] [bad_actor]: Sending [MALICIOUS] Command (Subject 99)
[WARN] [1770277717.162482578] [ngac_gatekeeper]: [BLOCK] Time: 576 ns | Unauthorized Subject 99
[INFO] [1770277717.687525752] [bad_actor]: Sending [VALID] Command (Subject 1)
[INFO] [1770277717.688430592] [ngac_gatekeeper]: [PASS] Time: 1616 ns | Cmd forwarded
[INFO] [1770277718.158681112] [bad_actor]: Sending [MALICIOUS] Command (Subject 99)
[WARN] [1770277718.159701878] [ngac_gatekeeper]: [BLOCK] Time: 1404 ns | Unauthorized Subject 99
[INFO] [1770277718.660178283] [bad_actor]: Sending [VALID] Command (Subject 1)
[INFO] [1770277718.661122007] [ngac_gatekeeper]: [PASS] Time: 619 ns | Cmd forwarded
[INFO] [1770277719.160670324] [bad_actor]: Sending [MALICIOUS] Command (Subject 99)
[WARN] [1770277719.161910393] [ngac_gatekeeper]: [BLOCK] Time: 506 ns | Unauthorized Subject 99
[INFO] [1770277719.650357612] [bad_actor]: Sending [VALID] Command (Subject 1)
[INFO] [1770277719.651240669] [ngac_gatekeeper]: [PASS] Time: 778 ns | Cmd forwarded
[INFO] [1770277720.151871998] [bad_actor]: Sending [MALICIOUS] Command (Subject 99)
[WARN] [1770277720.152971055] [ngac_gatekeeper]: [BLOCK] Time: 530 ns | Unauthorized Subject 99
[INFO] [1770277720.664212059] [bad_actor]: Sending [VALID] Command (Subject 1)
[INFO] [1770277720.665007787] [ngac_gatekeeper]: [PASS] Time: 718 ns | Cmd forwarded
[INFO] [1770277721.161673737] [bad_actor]: Sending [MALICIOUS] Command (Subject 99)
[WARN] [1770277721.162654255] [ngac_gatekeeper]: [BLOCK] Time: 531 ns | Unauthorized Subject 99
[INFO] [1770277721.661057953] [bad_actor]: Sending [VALID] Command (Subject 1)
[INFO] [1770277721.662414231] [ngac_gatekeeper]: [PASS] Time: 886 ns | Cmd forwarded
[INFO] [1770277722.160877537] [bad_actor]: Sending [MALICIOUS] Command (Subject 99)
[WARN] [1770277722.163820329] [ngac_gatekeeper]: [BLOCK] Time: 3676 ns | Unauthorized Subject 99
[INFO] [1770277722.650464608] [bad_actor]: Sending [VALID] Command (Subject 1)
[INFO] [1770277722.651462848] [ngac_gatekeeper]: [PASS] Time: 556 ns | Cmd forwarded
[INFO] [1770277723.161452104] [bad_actor]: Sending [MALICIOUS] Command (Subject 99)
[WARN] [1770277723.162510922] [ngac_gatekeeper]: [BLOCK] Time: 594 ns | Unauthorized Subject 99
[INFO] [1770277723.661186839] [bad_actor]: Sending [VALID] Command (Subject 1)
[INFO] [1770277723.662136195] [ngac_gatekeeper]: [PASS] Time: 783 ns | Cmd forwarded
[INFO] [1770277724.160860834] [bad_actor]: Sending [MALICIOUS] Command (Subject 99)
[WARN] [1770277724.162074519] [ngac_gatekeeper]: [BLOCK] Time: 828 ns | Unauthorized Subject 99
[INFO] [1770277724.661288924] [bad_actor]: Sending [VALID] Command (Subject 1)
[INFO] [1770277724.662314337] [ngac_gatekeeper]: [PASS] Time: 624 ns | Cmd forwarded
[INFO] [1770277725.160777494] [bad_actor]: Sending [MALICIOUS] Command (Subject 99)
[WARN] [1770277725.161967110] [ngac_gatekeeper]: [BLOCK] Time: 637 ns | Unauthorized Subject 99
[INFO] [1770277725.650797231] [bad_actor]: Sending [VALID] Command (Subject 1)
[INFO] [1770277725.651921181] [ngac_gatekeeper]: [PASS] Time: 607 ns | Cmd forwarded
[INFO] [1770277723.677591037] [bad_actor]: Sending [MALICIOUS] Command (Subject 99)
[WARN] [1770277723.678554954] [ngac_gatekeeper]: [BLOCK] Time: 671 ns | Unauthorized Subject 99
[INFO] [1770277724.177218332] [bad_actor]: Sending [VALID] Command (Subject 1)
[INFO] [1770277724.178269366] [ngac_gatekeeper]: [PASS] Time: 612 ns | Cmd forwarded
[INFO] [1770277724.709246714] [bad_actor]: Sending [MALICIOUS] Command (Subject 99)
[WARN] [1770277724.719499204] [ngac_gatekeeper]: [BLOCK] Time: 6371 ns | Unauthorized Subject 99
[INFO] [1770277725.202056860] [bad_actor]: Sending [VALID] Command (Subject 1)
[INFO] [1770277725.203157881] [ngac_gatekeeper]: [PASS] Time: 650 ns | Cmd forwarded
[INFO] [1770277725.674546981] [bad_actor]: Sending [MALICIOUS] Command (Subject 99)
[WARN] [1770277725.676633003] [ngac_gatekeeper]: [BLOCK] Time: 1030 ns | Unauthorized Subject 99
[INFO] [1770277726.180123640] [bad_actor]: Sending [VALID] Command (Subject 1)
[INFO] [1770277726.181911185] [ngac_gatekeeper]: [PASS] Time: 776 ns | Cmd forwarded
[INFO] [1770277726.669656194] [bad_actor]: Sending [MALICIOUS] Command (Subject 99)
[WARN] [1770277726.670989349] [ngac_gatekeeper]: [BLOCK] Time: 641 ns | Unauthorized Subject 99
[INFO] [1770277727.178795180] [bad_actor]: Sending [VALID] Command (Subject 1)
[INFO] [1770277727.179687942] [ngac_gatekeeper]: [PASS] Time: 788 ns | Cmd forwarded
[INFO] [1770277727.669603866] [bad_actor]: Sending [MALICIOUS] Command (Subject 99)
[WARN] [1770277727.670683245] [ngac_gatekeeper]: [BLOCK] Time: 586 ns | Unauthorized Subject 99
[INFO] [1770277728.171323215] [bad_actor]: Sending [VALID] Command (Subject 1)
[INFO] [1770277728.172295763] [ngac_gatekeeper]: [PASS] Time: 859 ns | Cmd forwarded
[INFO] [1770277728.668906469] [bad_actor]: Sending [MALICIOUS] Command (Subject 99)
[WARN] [1770277728.670099208] [ngac_gatekeeper]: [BLOCK] Time: 25328 ns | Unauthorized Subject 99
[INFO] [1770277729.174733944] [bad_actor]: Sending [VALID] Command (Subject 1)
[INFO] [1770277729.176149529] [ngac_gatekeeper]: [PASS] Time: 832 ns | Cmd forwarded
[INFO] [1770277729.669348899] [bad_actor]: Sending [MALICIOUS] Command (Subject 99)
[WARN] [1770277729.670421509] [ngac_gatekeeper]: [BLOCK] Time: 497 ns | Unauthorized Subject 99
[INFO] [1770277730.173791105] [bad_actor]: Sending [VALID] Command (Subject 1)
[INFO] [1770277730.174665003] [ngac_gatekeeper]: [PASS] Time: 660 ns | Cmd forwarded
[INFO] [1770277730.675108661] [bad_actor]: Sending [MALICIOUS] Command (Subject 99)
[WARN] [1770277730.676649194] [ngac_gatekeeper]: [BLOCK] Time: 579 ns | Unauthorized Subject 99
[INFO] [1770277731.170485801] [bad_actor]: Sending [VALID] Command (Subject 1)
[INFO] [1770277731.171436803] [ngac_gatekeeper]: [PASS] Time: 557 ns | Cmd forwarded
[INFO] [1770277731.669959561] [bad_actor]: Sending [MALICIOUS] Command (Subject 99)
[WARN] [1770277731.670983572] [ngac_gatekeeper]: [BLOCK] Time: 504 ns | Unauthorized Subject 99
[INFO] [1770277732.173051597] [bad_actor]: Sending [VALID] Command (Subject 1)
[INFO] [1770277732.173862008] [ngac_gatekeeper]: [PASS] Time: 824 ns | Cmd forwarded
[INFO] [1770277732.673631479] [bad_actor]: Sending [MALICIOUS] Command (Subject 99)
[WARN] [1770277732.674608402] [ngac_gatekeeper]: [BLOCK] Time: 547 ns | Unauthorized Subject 99
[INFO] [1770277733.169400300] [bad_actor]: Sending [VALID] Command (Subject 1)
[INFO] [1770277733.170780620] [ngac_gatekeeper]: [PASS] Time: 3779 ns | Cmd forwarded
[INFO] [1770277733.669337218] [bad_actor]: Sending [MALICIOUS] Command (Subject 99)
[WARN] [1770277733.670395434] [ngac_gatekeeper]: [BLOCK] Time: 683 ns | Unauthorized Subject 99
[INFO] [1770277734.169413025] [bad_actor]: Sending [VALID] Command (Subject 1)
[INFO] [1770277734.171375527] [ngac_gatekeeper]: [PASS] Time: 631 ns | Cmd forwarded
[INFO] [1770277734.670698112] [bad_actor]: Sending [MALICIOUS] Command (Subject 99)
[WARN] [1770277734.671929408] [ngac_gatekeeper]: [BLOCK] Time: 704 ns | Unauthorized Subject 99
[INFO] [1770277735.169278241] [bad_actor]: Sending [VALID] Command (Subject 1)
[INFO] [1770277735.170239728] [ngac_gatekeeper]: [PASS] Time: 768 ns | Cmd forwarded
[INFO] [1770277735.669026373] [bad_actor]: Sending [MALICIOUS] Command (Subject 99)
[WARN] [1770277735.669777761] [ngac_gatekeeper]: [BLOCK] Time: 614 ns | Unauthorized Subject 99
[INFO] [1770277736.170714262] [bad_actor]: Sending [VALID] Command (Subject 1)
[INFO] [1770277736.171777451] [ngac_gatekeeper]: [PASS] Time: 1270 ns | Cmd forwarded
[INFO] [1770277736.669129094] [bad_actor]: Sending [MALICIOUS] Command (Subject 99)
[WARN] [1770277736.670429245] [ngac_gatekeeper]: [BLOCK] Time: 1439 ns | Unauthorized Subject 99
[INFO] [1770277737.178422809] [bad_actor]: Sending [VALID] Command (Subject 1)
[INFO] [1770277737.179616993] [ngac_gatekeeper]: [PASS] Time: 1214 ns | Cmd forwarded
[INFO] [1770277737.669472483] [bad_actor]: Sending [MALICIOUS] Command (Subject 99)
[WARN] [1770277737.670600304] [ngac_gatekeeper]: [BLOCK] Time: 712 ns | Unauthorized Subject 99
[INFO] [1770277738.180147906] [bad_actor]: Sending [VALID] Command (Subject 1)
[INFO] [1770277738.181476646] [ngac_gatekeeper]: [PASS] Time: 899 ns | Cmd forwarded
[INFO] [1770277738.669514172] [bad_actor]: Sending [MALICIOUS] Command (Subject 99)
[WARN] [1770277738.670544069] [ngac_gatekeeper]: [BLOCK] Time: 677 ns | Unauthorized Subject 99
[INFO] [1770277739.180458213] [bad_actor]: Sending [VALID] Command (Subject 1)
[INFO] [1770277739.181435099] [ngac_gatekeeper]: [PASS] Time: 532 ns | Cmd forwarded
[INFO] [1770277739.678918681] [bad_actor]: Sending [MALICIOUS] Command (Subject 99)
[WARN] [1770277739.679845739] [ngac_gatekeeper]: [BLOCK] Time: 606 ns | Unauthorized Subject 99
[INFO] [1770277740.179478486] [bad_actor]: Sending [VALID] Command (Subject 1)
[INFO] [1770277740.180332782] [ngac_gatekeeper]: [PASS] Time: 590 ns | Cmd forwarded
[INFO] [1770277740.676710485] [bad_actor]: Sending [MALICIOUS] Command (Subject 99)
[WARN] [1770277740.678071974] [ngac_gatekeeper]: [BLOCK] Time: 591 ns | Unauthorized Subject 99
[INFO] [1770277741.180554289] [bad_actor]: Sending [VALID] Command (Subject 1)
[INFO] [1770277741.181524647] [ngac_gatekeeper]: [PASS] Time: 659 ns | Cmd forwarded
[INFO] [1770277741.671177264] [bad_actor]: Sending [MALICIOUS] Command (Subject 99)
[WARN] [1770277741.672659807] [ngac_gatekeeper]: [BLOCK] Time: 591 ns | Unauthorized Subject 99
[INFO] [1770277742.170454116] [bad_actor]: Sending [VALID] Command (Subject 1)
[INFO] [1770277742.171547527] [ngac_gatekeeper]: [PASS] Time: 515 ns | Cmd forwarded
[INFO] [1770277742.669413901] [bad_actor]: Sending [MALICIOUS] Command (Subject 99)
[WARN] [1770277742.670378345] [ngac_gatekeeper]: [BLOCK] Time: 635 ns | Unauthorized Subject 99
[INFO] [1770277743.176877426] [bad_actor]: Sending [VALID] Command (Subject 1)
[INFO] [1770277743.178818162] [ngac_gatekeeper]: [PASS] Time: 1423 ns | Cmd forwarded
[INFO] [1770277743.675410013] [bad_actor]: Sending [MALICIOUS] Command (Subject 99)
[WARN] [1770277743.676513454] [ngac_gatekeeper]: [BLOCK] Time: 573 ns | Unauthorized Subject 99
[INFO] [1770277744.173116393] [bad_actor]: Sending [VALID] Command (Subject 1)
[INFO] [1770277744.174093630] [ngac_gatekeeper]: [PASS] Time: 680 ns | Cmd forwarded
[INFO] [1770277744.675682656] [bad_actor]: Sending [MALICIOUS] Command (Subject 99)
[WARN] [1770277744.676729752] [ngac_gatekeeper]: [BLOCK] Time: 510 ns | Unauthorized Subject 99
[INFO] [1770277745.170094390] [bad_actor]: Sending [VALID] Command (Subject 1)
[INFO] [1770277745.171306017] [ngac_gatekeeper]: [PASS] Time: 1264 ns | Cmd forwarded
[INFO] [1770277745.673779373] [bad_actor]: Sending [MALICIOUS] Command (Subject 99)
[WARN] [1770277745.674914461] [ngac_gatekeeper]: [BLOCK] Time: 18359 ns | Unauthorized Subject 99
[INFO] [1770277746.182167842] [bad_actor]: Sending [VALID] Command (Subject 1)
[INFO] [1770277746.183175520] [ngac_gatekeeper]: [PASS] Time: 777 ns | Cmd forwarded
[INFO] [1770277746.674642781] [bad_actor]: Sending [MALICIOUS] Command (Subject 99)
[WARN] [1770277746.676034442] [ngac_gatekeeper]: [BLOCK] Time: 824 ns | Unauthorized Subject 99
[INFO] [1770277747.171025698] [bad_actor]: Sending [VALID] Command (Subject 1)
[INFO] [1770277747.172087071] [ngac_gatekeeper]: [PASS] Time: 775 ns | Cmd forwarded
[INFO] [1770277747.673169842] [bad_actor]: Sending [MALICIOUS] Command (Subject 99)
[WARN] [1770277747.676446596] [ngac_gatekeeper]: [BLOCK] Time: 1215 ns | Unauthorized Subject 99
[INFO] [1770277748.178187032] [bad_actor]: Sending [VALID] Command (Subject 1)
[INFO] [1770277748.179256906] [ngac_gatekeeper]: [PASS] Time: 542 ns | Cmd forwarded
[INFO] [1770277748.672872325] [bad_actor]: Sending [MALICIOUS] Command (Subject 99)
[WARN] [1770277748.673959584] [ngac_gatekeeper]: [BLOCK] Time: 604 ns | Unauthorized Subject 99
[INFO] [1770277749.173971584] [bad_actor]: Sending [VALID] Command (Subject 1)
[INFO] [1770277749.174800376] [ngac_gatekeeper]: [PASS] Time: 1434 ns | Cmd forwarded
[INFO] [1770277749.672743664] [bad_actor]: Sending [MALICIOUS] Command (Subject 99)
[WARN] [1770277749.673937410] [ngac_gatekeeper]: [BLOCK] Time: 1342 ns | Unauthorized Subject 99
[INFO] [1770277750.171406534] [bad_actor]: Sending [VALID] Command (Subject 1)
[INFO] [1770277750.172394427] [ngac_gatekeeper]: [PASS] Time: 705 ns | Cmd forwarded
[INFO] [1770277750.669979307] [bad_actor]: Sending [MALICIOUS] Command (Subject 99)
[WARN] [1770277750.670957666] [ngac_gatekeeper]: [BLOCK] Time: 570 ns | Unauthorized Subject 99
[INFO] [1770277751.177252657] [bad_actor]: Sending [VALID] Command (Subject 1)
[INFO] [1770277751.178366714] [ngac_gatekeeper]: [PASS] Time: 534 ns | Cmd forwarded
[INFO] [1770277751.672790518] [bad_actor]: Sending [MALICIOUS] Command (Subject 99)
[WARN] [1770277751.674053438] [ngac_gatekeeper]: [BLOCK] Time: 675 ns | Unauthorized Subject 99
[INFO] [1770277752.178771148] [bad_actor]: Sending [VALID] Command (Subject 1)
[INFO] [1770277752.179847741] [ngac_gatekeeper]: [PASS] Time: 1550 ns | Cmd forwarded
[INFO] [1770277752.671375618] [bad_actor]: Sending [MALICIOUS] Command (Subject 99)
[WARN] [1770277752.672275696] [ngac_gatekeeper]: [BLOCK] Time: 1198 ns | Unauthorized Subject 99
[INFO] [1770277753.175512233] [bad_actor]: Sending [VALID] Command (Subject 1)
[INFO] [1770277753.176485882] [ngac_gatekeeper]: [PASS] Time: 854 ns | Cmd forwarded
[INFO] [1770277753.671385613] [bad_actor]: Sending [MALICIOUS] Command (Subject 99)
[WARN] [1770277753.672314187] [ngac_gatekeeper]: [BLOCK] Time: 832 ns | Unauthorized Subject 99
[INFO] [1770277754.174492355] [bad_actor]: Sending [VALID] Command (Subject 1)
[INFO] [1770277754.175450966] [ngac_gatekeeper]: [PASS] Time: 640 ns | Cmd forwarded
[INFO] [1770277754.672657197] [bad_actor]: Sending [MALICIOUS] Command (Subject 99)
[WARN] [1770277754.673776605] [ngac_gatekeeper]: [BLOCK] Time: 516 ns | Unauthorized Subject 99
[INFO] [1770277755.171477535] [bad_actor]: Sending [VALID] Command (Subject 1)
[INFO] [1770277755.172549041] [ngac_gatekeeper]: [PASS] Time: 540 ns | Cmd forwarded
[INFO] [1770277755.670156484] [bad_actor]: Sending [MALICIOUS] Command (Subject 99)
[WARN] [1770277755.671313443] [ngac_gatekeeper]: [BLOCK] Time: 782 ns | Unauthorized Subject 99
[INFO] [1770277753.695754449] [bad_actor]: Sending [VALID] Command (Subject 1)
[INFO] [1770277753.696815973] [ngac_gatekeeper]: [PASS] Time: 548 ns | Cmd forwarded
[INFO] [1770277754.187895115] [bad_actor]: Sending [MALICIOUS] Command (Subject 99)
[WARN] [1770277754.189056346] [ngac_gatekeeper]: [BLOCK] Time: 546 ns | Unauthorized Subject 99
[INFO] [1770277754.703458055] [bad_actor]: Sending [VALID] Command (Subject 1)
[INFO] [1770277754.704458755] [ngac_gatekeeper]: [PASS] Time: 672 ns | Cmd forwarded
[INFO] [1770277755.203631136] [bad_actor]: Sending [MALICIOUS] Command (Subject 99)
[WARN] [1770277755.204700715] [ngac_gatekeeper]: [BLOCK] Time: 632 ns | Unauthorized Subject 99
[INFO] [1770277755.688969322] [bad_actor]: Sending [VALID] Command (Subject 1)
[INFO] [1770277755.690183005] [ngac_gatekeeper]: [PASS] Time: 828 ns | Cmd forwarded
[INFO] [1770277756.187739672] [bad_actor]: Sending [MALICIOUS] Command (Subject 99)
[WARN] [1770277756.188777249] [ngac_gatekeeper]: [BLOCK] Time: 515 ns | Unauthorized Subject 99
[INFO] [1770277756.688512347] [bad_actor]: Sending [VALID] Command (Subject 1)
[INFO] [1770277756.690013984] [ngac_gatekeeper]: [PASS] Time: 1217 ns | Cmd forwarded
[INFO] [1770277757.188095589] [bad_actor]: Sending [MALICIOUS] Command (Subject 99)
[WARN] [1770277757.189153272] [ngac_gatekeeper]: [BLOCK] Time: 582 ns | Unauthorized Subject 99
[INFO] [1770277757.688026957] [bad_actor]: Sending [VALID] Command (Subject 1)
[INFO] [1770277757.689132537] [ngac_gatekeeper]: [PASS] Time: 678 ns | Cmd forwarded
[INFO] [1770277758.187754159] [bad_actor]: Sending [MALICIOUS] Command (Subject 99)
[WARN] [1770277758.190969995] [ngac_gatekeeper]: [BLOCK] Time: 695 ns | Unauthorized Subject 99
[INFO] [1770277758.688748412] [bad_actor]: Sending [VALID] Command (Subject 1)
[INFO] [1770277758.721295959] [ngac_gatekeeper]: [PASS] Time: 1340 ns | Cmd forwarded
[INFO] [1770277759.188461562] [bad_actor]: Sending [MALICIOUS] Command (Subject 99)
[WARN] [1770277759.189834514] [ngac_gatekeeper]: [BLOCK] Time: 558 ns | Unauthorized Subject 99
[INFO] [1770277759.688198875] [bad_actor]: Sending [VALID] Command (Subject 1)
[INFO] [1770277759.689236298] [ngac_gatekeeper]: [PASS] Time: 1217 ns | Cmd forwarded
[INFO] [1770277760.190444806] [bad_actor]: Sending [MALICIOUS] Command (Subject 99)
[WARN] [1770277760.191704740] [ngac_gatekeeper]: [BLOCK] Time: 777 ns | Unauthorized Subject 99
[INFO] [1770277760.704933334] [bad_actor]: Sending [VALID] Command (Subject 1)
[INFO] [1770277760.705990254] [ngac_gatekeeper]: [PASS] Time: 626 ns | Cmd forwarded
[INFO] [1770277761.189336110] [bad_actor]: Sending [MALICIOUS] Command (Subject 99)
[WARN] [1770277761.190411537] [ngac_gatekeeper]: [BLOCK] Time: 608 ns | Unauthorized Subject 99
[INFO] [1770277761.688391739] [bad_actor]: Sending [VALID] Command (Subject 1)
[INFO] [1770277761.689551549] [ngac_gatekeeper]: [PASS] Time: 742 ns | Cmd forwarded
[INFO] [1770277762.187962644] [bad_actor]: Sending [MALICIOUS] Command (Subject 99)
[WARN] [1770277762.189117576] [ngac_gatekeeper]: [BLOCK] Time: 550 ns | Unauthorized Subject 99
[INFO] [1770277762.688881794] [bad_actor]: Sending [VALID] Command (Subject 1)
[INFO] [1770277762.689807087] [ngac_gatekeeper]: [PASS] Time: 638 ns | Cmd forwarded
[INFO] [1770277763.187912190] [bad_actor]: Sending [MALICIOUS] Command (Subject 99)
[WARN] [1770277763.188936326] [ngac_gatekeeper]: [BLOCK] Time: 549 ns | Unauthorized Subject 99
[INFO] [1770277763.688291157] [bad_actor]: Sending [VALID] Command (Subject 1)
[INFO] [1770277763.689421617] [ngac_gatekeeper]: [PASS] Time: 1247 ns | Cmd forwarded
[INFO] [1770277764.188039443] [bad_actor]: Sending [MALICIOUS] Command (Subject 99)
[WARN] [1770277764.189019342] [ngac_gatekeeper]: [BLOCK] Time: 662 ns | Unauthorized Subject 99
[INFO] [1770277764.687760878] [bad_actor]: Sending [VALID] Command (Subject 1)
[INFO] [1770277764.689195167] [ngac_gatekeeper]: [PASS] Time: 1248 ns | Cmd forwarded
[INFO] [1770277765.188219808] [bad_actor]: Sending [MALICIOUS] Command (Subject 99)
[WARN] [1770277765.189244969] [ngac_gatekeeper]: [BLOCK] Time: 577 ns | Unauthorized Subject 99
[INFO] [1770277765.688645171] [bad_actor]: Sending [VALID] Command (Subject 1)
[INFO] [1770277765.689691540] [ngac_gatekeeper]: [PASS] Time: 791 ns | Cmd forwarded
[INFO] [1770277766.197283060] [bad_actor]: Sending [MALICIOUS] Command (Subject 99)
[WARN] [1770277766.207757100] [ngac_gatekeeper]: [BLOCK] Time: 1303 ns | Unauthorized Subject 99
[INFO] [1770277766.703064055] [bad_actor]: Sending [VALID] Command (Subject 1)
[INFO] [1770277766.704098387] [ngac_gatekeeper]: [PASS] Time: 544 ns | Cmd forwarded
[INFO] [1770277767.193377883] [bad_actor]: Sending [MALICIOUS] Command (Subject 99)
[WARN] [1770277767.194282502] [ngac_gatekeeper]: [BLOCK] Time: 613 ns | Unauthorized Subject 99
[INFO] [1770277767.706718753] [bad_actor]: Sending [VALID] Command (Subject 1)
[INFO] [1770277767.708006414] [ngac_gatekeeper]: [PASS] Time: 635 ns | Cmd forwarded
[INFO] [1770277768.191127369] [bad_actor]: Sending [MALICIOUS] Command (Subject 99)
[WARN] [1770277768.192160786] [ngac_gatekeeper]: [BLOCK] Time: 537 ns | Unauthorized Subject 99
[INFO] [1770277768.694720285] [bad_actor]: Sending [VALID] Command (Subject 1)
[INFO] [1770277768.695955222] [ngac_gatekeeper]: [PASS] Time: 708 ns | Cmd forwarded
[INFO] [1770277769.190289979] [bad_actor]: Sending [MALICIOUS] Command (Subject 99)
[WARN] [1770277769.191487327] [ngac_gatekeeper]: [BLOCK] Time: 1121 ns | Unauthorized Subject 99
[INFO] [1770277769.688155626] [bad_actor]: Sending [VALID] Command (Subject 1)
[INFO] [1770277769.689004813] [ngac_gatekeeper]: [PASS] Time: 1113 ns | Cmd forwarded
[INFO] [1770277770.188427986] [bad_actor]: Sending [MALICIOUS] Command (Subject 99)
[WARN] [1770277770.189544051] [ngac_gatekeeper]: [BLOCK] Time: 624 ns | Unauthorized Subject 99
[INFO] [1770277770.689234686] [bad_actor]: Sending [VALID] Command (Subject 1)
[INFO] [1770277770.690411177] [ngac_gatekeeper]: [PASS] Time: 1278 ns | Cmd forwarded
[INFO] [1770277771.195934965] [bad_actor]: Sending [MALICIOUS] Command (Subject 99)
[WARN] [1770277771.196962228] [ngac_gatekeeper]: [BLOCK] Time: 502 ns | Unauthorized Subject 99
[INFO] [1770277771.693933345] [bad_actor]: Sending [VALID] Command (Subject 1)
[INFO] [1770277771.694855519] [ngac_gatekeeper]: [PASS] Time: 639 ns | Cmd forwarded
[INFO] [1770277772.193040615] [bad_actor]: Sending [MALICIOUS] Command (Subject 99)
[WARN] [1770277772.193854573] [ngac_gatekeeper]: [BLOCK] Time: 523 ns | Unauthorized Subject 99
[INFO] [1770277772.691630408] [bad_actor]: Sending [VALID] Command (Subject 1)
[INFO] [1770277772.692810584] [ngac_gatekeeper]: [PASS] Time: 649 ns | Cmd forwarded
[INFO] [1770277773.189726699] [bad_actor]: Sending [MALICIOUS] Command (Subject 99)
[WARN] [1770277773.191240423] [ngac_gatekeeper]: [BLOCK] Time: 628 ns | Unauthorized Subject 99
[INFO] [1770277773.688071904] [bad_actor]: Sending [VALID] Command (Subject 1)
[INFO] [1770277773.689151471] [ngac_gatekeeper]: [PASS] Time: 1241 ns | Cmd forwarded
[INFO] [1770277774.192182005] [bad_actor]: Sending [MALICIOUS] Command (Subject 99)
[WARN] [1770277774.193350415] [ngac_gatekeeper]: [BLOCK] Time: 1153 ns | Unauthorized Subject 99
[INFO] [1770277774.692987104] [bad_actor]: Sending [VALID] Command (Subject 1)
[INFO] [1770277774.694085085] [ngac_gatekeeper]: [PASS] Time: 614 ns | Cmd forwarded
[INFO] [1770277775.191307399] [bad_actor]: Sending [MALICIOUS] Command (Subject 99)
[WARN] [1770277775.192376624] [ngac_gatekeeper]: [BLOCK] Time: 518 ns | Unauthorized Subject 99
[INFO] [1770277775.689280596] [bad_actor]: Sending [VALID] Command (Subject 1)
[INFO] [1770277775.690265510] [ngac_gatekeeper]: [PASS] Time: 1313 ns | Cmd forwarded
[INFO] [1770277776.195434012] [bad_actor]: Sending [MALICIOUS] Command (Subject 99)
[WARN] [1770277776.196707041] [ngac_gatekeeper]: [BLOCK] Time: 1198 ns | Unauthorized Subject 99
[INFO] [1770277776.689697561] [bad_actor]: Sending [VALID] Command (Subject 1)
[INFO] [1770277776.690793589] [ngac_gatekeeper]: [PASS] Time: 642 ns | Cmd forwarded
[INFO] [1770277777.200540159] [bad_actor]: Sending [MALICIOUS] Command (Subject 99)
[WARN] [1770277777.201629747] [ngac_gatekeeper]: [BLOCK] Time: 570 ns | Unauthorized Subject 99
[INFO] [1770277777.689724892] [bad_actor]: Sending [VALID] Command (Subject 1)
[INFO] [1770277777.691025675] [ngac_gatekeeper]: [PASS] Time: 704 ns | Cmd forwarded
[INFO] [1770277778.199446418] [bad_actor]: Sending [MALICIOUS] Command (Subject 99)
[WARN] [1770277778.200904205] [ngac_gatekeeper]: [BLOCK] Time: 721 ns | Unauthorized Subject 99
[INFO] [1770277778.688001794] [bad_actor]: Sending [VALID] Command (Subject 1)
[INFO] [1770277778.689060882] [ngac_gatekeeper]: [PASS] Time: 1200 ns | Cmd forwarded
[INFO] [1770277779.195929714] [bad_actor]: Sending [MALICIOUS] Command (Subject 99)
[WARN] [1770277779.197443733] [ngac_gatekeeper]: [BLOCK] Time: 634 ns | Unauthorized Subject 99
[INFO] [1770277779.688649293] [bad_actor]: Sending [VALID] Command (Subject 1)
[INFO] [1770277779.689498288] [ngac_gatekeeper]: [PASS] Time: 642 ns | Cmd forwarded
[INFO] [1770277780.192615328] [bad_actor]: Sending [MALICIOUS] Command (Subject 99)
[WARN] [1770277780.193454962] [ngac_gatekeeper]: [BLOCK] Time: 669 ns | Unauthorized Subject 99
[INFO] [1770277780.688065462] [bad_actor]: Sending [VALID] Command (Subject 1)
[INFO] [1770277780.689368687] [ngac_gatekeeper]: [PASS] Time: 609 ns | Cmd forwarded
[INFO] [1770277781.190597047] [bad_actor]: Sending [MALICIOUS] Command (Subject 99)
[WARN] [1770277781.191555571] [ngac_gatekeeper]: [BLOCK] Time: 584 ns | Unauthorized Subject 99
[INFO] [1770277781.688283083] [bad_actor]: Sending [VALID] Command (Subject 1)
[INFO] [1770277781.689376728] [ngac_gatekeeper]: [PASS] Time: 738 ns | Cmd forwarded
[INFO] [1770277782.189685595] [bad_actor]: Sending [MALICIOUS] Command (Subject 99)
[WARN] [1770277782.190814562] [ngac_gatekeeper]: [BLOCK] Time: 571 ns | Unauthorized Subject 99
[INFO] [1770277782.690481633] [bad_actor]: Sending [VALID] Command (Subject 1)
[INFO] [1770277782.742928986] [ngac_gatekeeper]: [PASS] Time: 7143 ns | Cmd forwarded
[INFO] [1770277783.195125433] [bad_actor]: Sending [MALICIOUS] Command (Subject 99)
[WARN] [1770277783.196137223] [ngac_gatekeeper]: [BLOCK] Time: 1524 ns | Unauthorized Subject 99
[INFO] [1770277783.688317415] [bad_actor]: Sending [VALID] Command (Subject 1)
[INFO] [1770277783.689222459] [ngac_gatekeeper]: [PASS] Time: 577 ns | Cmd forwarded
[INFO] [1770277784.189474454] [bad_actor]: Sending [MALICIOUS] Command (Subject 99)
[WARN] [1770277784.190869060] [ngac_gatekeeper]: [BLOCK] Time: 4419 ns | Unauthorized Subject 99
[INFO] [1770277784.688544777] [bad_actor]: Sending [VALID] Command (Subject 1)
[INFO] [1770277784.689823586] [ngac_gatekeeper]: [PASS] Time: 982 ns | Cmd forwarded
[INFO] [1770277785.196030771] [bad_actor]: Sending [MALICIOUS] Command (Subject 99)
[WARN] [1770277785.197626259] [ngac_gatekeeper]: [BLOCK] Time: 777 ns | Unauthorized Subject 99
[INFO] [1770277783.209518056] [bad_actor]: Sending [VALID] Command (Subject 1)
[INFO] [1770277783.210608373] [ngac_gatekeeper]: [PASS] Time: 704 ns | Cmd forwarded
[INFO] [1770277783.709096411] [bad_actor]: Sending [MALICIOUS] Command (Subject 99)
[WARN] [1770277783.710232120] [ngac_gatekeeper]: [BLOCK] Time: 551 ns | Unauthorized Subject 99
[INFO] [1770277784.211695871] [bad_actor]: Sending [VALID] Command (Subject 1)
[INFO] [1770277784.212714519] [ngac_gatekeeper]: [PASS] Time: 1065 ns | Cmd forwarded
[INFO] [1770277784.709864611] [bad_actor]: Sending [MALICIOUS] Command (Subject 99)
[WARN] [1770277784.710951045] [ngac_gatekeeper]: [BLOCK] Time: 563 ns | Unauthorized Subject 99
[INFO] [1770277785.213444934] [bad_actor]: Sending [VALID] Command (Subject 1)
[INFO] [1770277785.214482891] [ngac_gatekeeper]: [PASS] Time: 883 ns | Cmd forwarded
[INFO] [1770277785.713884432] [bad_actor]: Sending [MALICIOUS] Command (Subject 99)
[WARN] [1770277785.736407400] [ngac_gatekeeper]: [BLOCK] Time: 5084 ns | Unauthorized Subject 99
[INFO] [1770277786.208482974] [bad_actor]: Sending [VALID] Command (Subject 1)
[INFO] [1770277786.209458658] [ngac_gatekeeper]: [PASS] Time: 520 ns | Cmd forwarded
[INFO] [1770277786.708673078] [bad_actor]: Sending [MALICIOUS] Command (Subject 99)
[WARN] [1770277786.709670127] [ngac_gatekeeper]: [BLOCK] Time: 554 ns | Unauthorized Subject 99
[INFO] [1770277787.209278755] [bad_actor]: Sending [VALID] Command (Subject 1)
[INFO] [1770277787.210812454] [ngac_gatekeeper]: [PASS] Time: 1569 ns | Cmd forwarded
[INFO] [1770277787.708739157] [bad_actor]: Sending [MALICIOUS] Command (Subject 99)
[WARN] [1770277787.709544547] [ngac_gatekeeper]: [BLOCK] Time: 562 ns | Unauthorized Subject 99
[INFO] [1770277788.208947718] [bad_actor]: Sending [VALID] Command (Subject 1)
[INFO] [1770277788.210098817] [ngac_gatekeeper]: [PASS] Time: 607 ns | Cmd forwarded
[INFO] [1770277788.709759332] [bad_actor]: Sending [MALICIOUS] Command (Subject 99)
[WARN] [1770277788.710616018] [ngac_gatekeeper]: [BLOCK] Time: 614 ns | Unauthorized Subject 99
[INFO] [1770277789.209163673] [bad_actor]: Sending [VALID] Command (Subject 1)
[INFO] [1770277789.210088547] [ngac_gatekeeper]: [PASS] Time: 619 ns | Cmd forwarded
[INFO] [1770277789.710023689] [bad_actor]: Sending [MALICIOUS] Command (Subject 99)
[WARN] [1770277789.711112057] [ngac_gatekeeper]: [BLOCK] Time: 752 ns | Unauthorized Subject 99
[INFO] [1770277790.208982951] [bad_actor]: Sending [VALID] Command (Subject 1)
[INFO] [1770277790.210764556] [ngac_gatekeeper]: [PASS] Time: 1301 ns | Cmd forwarded
[INFO] [1770277790.709803222] [bad_actor]: Sending [MALICIOUS] Command (Subject 99)
[WARN] [1770277790.710994888] [ngac_gatekeeper]: [BLOCK] Time: 521 ns | Unauthorized Subject 99
[INFO] [1770277791.209866733] [bad_actor]: Sending [VALID] Command (Subject 1)
[INFO] [1770277791.211080779] [ngac_gatekeeper]: [PASS] Time: 2178 ns | Cmd forwarded
[INFO] [1770277791.709960652] [bad_actor]: Sending [MALICIOUS] Command (Subject 99)
[WARN] [1770277791.710974432] [ngac_gatekeeper]: [BLOCK] Time: 537 ns | Unauthorized Subject 99
[INFO] [1770277792.209332915] [bad_actor]: Sending [VALID] Command (Subject 1)
[INFO] [1770277792.210508397] [ngac_gatekeeper]: [PASS] Time: 5112 ns | Cmd forwarded
[INFO] [1770277792.715671452] [bad_actor]: Sending [MALICIOUS] Command (Subject 99)
[WARN] [1770277792.716780878] [ngac_gatekeeper]: [BLOCK] Time: 499 ns | Unauthorized Subject 99
[INFO] [1770277793.208691999] [bad_actor]: Sending [VALID] Command (Subject 1)
[INFO] [1770277793.209790615] [ngac_gatekeeper]: [PASS] Time: 664 ns | Cmd forwarded
[INFO] [1770277793.709946194] [bad_actor]: Sending [MALICIOUS] Command (Subject 99)
[WARN] [1770277793.710810988] [ngac_gatekeeper]: [BLOCK] Time: 722 ns | Unauthorized Subject 99
[INFO] [1770277794.209910374] [bad_actor]: Sending [VALID] Command (Subject 1)
[INFO] [1770277794.210789460] [ngac_gatekeeper]: [PASS] Time: 568 ns | Cmd forwarded
[INFO] [1770277794.708825657] [bad_actor]: Sending [MALICIOUS] Command (Subject 99)
[WARN] [1770277794.709756051] [ngac_gatekeeper]: [BLOCK] Time: 596 ns | Unauthorized Subject 99
[INFO] [1770277795.208917209] [bad_actor]: Sending [VALID] Command (Subject 1)
[INFO] [1770277795.209981637] [ngac_gatekeeper]: [PASS] Time: 554 ns | Cmd forwarded
[INFO] [1770277795.709263678] [bad_actor]: Sending [MALICIOUS] Command (Subject 99)
[WARN] [1770277795.710438216] [ngac_gatekeeper]: [BLOCK] Time: 1122 ns | Unauthorized Subject 99
[INFO] [1770277796.210467282] [bad_actor]: Sending [VALID] Command (Subject 1)
[INFO] [1770277796.211404053] [ngac_gatekeeper]: [PASS] Time: 583 ns | Cmd forwarded
[INFO] [1770277796.709821818] [bad_actor]: Sending [MALICIOUS] Command (Subject 99)
[WARN] [1770277796.758785470] [ngac_gatekeeper]: [BLOCK] Time: 5868 ns | Unauthorized Subject 99
[INFO] [1770277797.244498549] [bad_actor]: Sending [VALID] Command (Subject 1)
[INFO] [1770277797.245421045] [ngac_gatekeeper]: [PASS] Time: 695 ns | Cmd forwarded
[INFO] [1770277797.746264438] [bad_actor]: Sending [MALICIOUS] Command (Subject 99)
[WARN] [1770277797.747319972] [ngac_gatekeeper]: [BLOCK] Time: 586 ns | Unauthorized Subject 99
[INFO] [1770277798.245697641] [bad_actor]: Sending [VALID] Command (Subject 1)
[INFO] [1770277798.246655190] [ngac_gatekeeper]: [PASS] Time: 791 ns | Cmd forwarded
[INFO] [1770277798.719221187] [bad_actor]: Sending [MALICIOUS] Command (Subject 99)
[WARN] [1770277798.720130609] [ngac_gatekeeper]: [BLOCK] Time: 524 ns | Unauthorized Subject 99
[INFO] [1770277799.209873742] [bad_actor]: Sending [VALID] Command (Subject 1)
[INFO] [1770277799.210858625] [ngac_gatekeeper]: [PASS] Time: 521 ns | Cmd forwarded
[INFO] [1770277799.717960650] [bad_actor]: Sending [MALICIOUS] Command (Subject 99)
[WARN] [1770277799.718991778] [ngac_gatekeeper]: [BLOCK] Time: 1066 ns | Unauthorized Subject 99
[INFO] [1770277800.208773364] [bad_actor]: Sending [VALID] Command (Subject 1)
[INFO] [1770277800.209766571] [ngac_gatekeeper]: [PASS] Time: 615 ns | Cmd forwarded
[INFO] [1770277800.709318862] [bad_actor]: Sending [MALICIOUS] Command (Subject 99)
[WARN] [1770277800.710351922] [ngac_gatekeeper]: [BLOCK] Time: 595 ns | Unauthorized Subject 99
[INFO] [1770277801.209062044] [bad_actor]: Sending [VALID] Command (Subject 1)
[INFO] [1770277801.210022955] [ngac_gatekeeper]: [PASS] Time: 782 ns | Cmd forwarded
[INFO] [1770277801.709108029] [bad_actor]: Sending [MALICIOUS] Command (Subject 99)
[WARN] [1770277801.710255491] [ngac_gatekeeper]: [BLOCK] Time: 511 ns | Unauthorized Subject 99
[INFO] [1770277802.208565938] [bad_actor]: Sending [VALID] Command (Subject 1)
[INFO] [1770277802.209711546] [ngac_gatekeeper]: [PASS] Time: 647 ns | Cmd forwarded
[INFO] [1770277802.708897506] [bad_actor]: Sending [MALICIOUS] Command (Subject 99)
[WARN] [1770277802.709988526] [ngac_gatekeeper]: [BLOCK] Time: 601 ns | Unauthorized Subject 99
[INFO] [1770277803.209215597] [bad_actor]: Sending [VALID] Command (Subject 1)
[INFO] [1770277803.210362647] [ngac_gatekeeper]: [PASS] Time: 691 ns | Cmd forwarded
[INFO] [1770277803.710059239] [bad_actor]: Sending [MALICIOUS] Command (Subject 99)
[WARN] [1770277803.711109027] [ngac_gatekeeper]: [BLOCK] Time: 559 ns | Unauthorized Subject 99
[INFO] [1770277804.215987518] [bad_actor]: Sending [VALID] Command (Subject 1)
[INFO] [1770277804.216790996] [ngac_gatekeeper]: [PASS] Time: 696 ns | Cmd forwarded
[INFO] [1770277804.728795247] [bad_actor]: Sending [MALICIOUS] Command (Subject 99)
[WARN] [1770277804.729712282] [ngac_gatekeeper]: [BLOCK] Time: 576 ns | Unauthorized Subject 99
[INFO] [1770277805.208767774] [bad_actor]: Sending [VALID] Command (Subject 1)
[INFO] [1770277805.209803629] [ngac_gatekeeper]: [PASS] Time: 766 ns | Cmd forwarded
[INFO] [1770277805.709192985] [bad_actor]: Sending [MALICIOUS] Command (Subject 99)
[WARN] [1770277805.710337417] [ngac_gatekeeper]: [BLOCK] Time: 783 ns | Unauthorized Subject 99
[INFO] [1770277806.208658880] [bad_actor]: Sending [VALID] Command (Subject 1)
[INFO] [1770277806.209612069] [ngac_gatekeeper]: [PASS] Time: 967 ns | Cmd forwarded
[INFO] [1770277806.709042841] [bad_actor]: Sending [MALICIOUS] Command (Subject 99)
[WARN] [1770277806.710252554] [ngac_gatekeeper]: [BLOCK] Time: 846 ns | Unauthorized Subject 99
[INFO] [1770277807.208726299] [bad_actor]: Sending [VALID] Command (Subject 1)
[INFO] [1770277807.209881925] [ngac_gatekeeper]: [PASS] Time: 634 ns | Cmd forwarded
[INFO] [1770277807.708938363] [bad_actor]: Sending [MALICIOUS] Command (Subject 99)
[WARN] [1770277807.710130654] [ngac_gatekeeper]: [BLOCK] Time: 541 ns | Unauthorized Subject 99
[INFO] [1770277808.209210284] [bad_actor]: Sending [VALID] Command (Subject 1)
[INFO] [1770277808.210338522] [ngac_gatekeeper]: [PASS] Time: 639 ns | Cmd forwarded
[INFO] [1770277808.709062918] [bad_actor]: Sending [MALICIOUS] Command (Subject 99)
[WARN] [1770277808.710070286] [ngac_gatekeeper]: [BLOCK] Time: 511 ns | Unauthorized Subject 99
[INFO] [1770277809.211071972] [bad_actor]: Sending [VALID] Command (Subject 1)
[INFO] [1770277809.212133599] [ngac_gatekeeper]: [PASS] Time: 756 ns | Cmd forwarded
[INFO] [1770277809.709966420] [bad_actor]: Sending [MALICIOUS] Command (Subject 99)
[WARN] [1770277809.711085784] [ngac_gatekeeper]: [BLOCK] Time: 655 ns | Unauthorized Subject 99
[INFO] [1770277810.208770296] [bad_actor]: Sending [VALID] Command (Subject 1)
[INFO] [1770277810.209818181] [ngac_gatekeeper]: [PASS] Time: 660 ns | Cmd forwarded
[INFO] [1770277810.716243014] [bad_actor]: Sending [MALICIOUS] Command (Subject 99)
[WARN] [1770277810.717462325] [ngac_gatekeeper]: [BLOCK] Time: 513 ns | Unauthorized Subject 99
[INFO] [1770277811.208882853] [bad_actor]: Sending [VALID] Command (Subject 1)
[INFO] [1770277811.209904958] [ngac_gatekeeper]: [PASS] Time: 647 ns | Cmd forwarded
[INFO] [1770277811.710524226] [bad_actor]: Sending [MALICIOUS] Command (Subject 99)
[WARN] [1770277811.751503290] [ngac_gatekeeper]: [BLOCK] Time: 3044 ns | Unauthorized Subject 99
[INFO] [1770277812.212537624] [bad_actor]: Sending [VALID] Command (Subject 1)
[INFO] [1770277812.213878037] [ngac_gatekeeper]: [PASS] Time: 1110 ns | Cmd forwarded
[INFO] [1770277812.711804494] [bad_actor]: Sending [MALICIOUS] Command (Subject 99)
[WARN] [1770277812.712736635] [ngac_gatekeeper]: [BLOCK] Time: 660 ns | Unauthorized Subject 99
[INFO] [1770277813.209885497] [bad_actor]: Sending [VALID] Command (Subject 1)
[INFO] [1770277813.211182935] [ngac_gatekeeper]: [PASS] Time: 2327 ns | Cmd forwarded
[INFO] [1770277813.709093140] [bad_actor]: Sending [MALICIOUS] Command (Subject 99)
[WARN] [1770277813.710323926] [ngac_gatekeeper]: [BLOCK] Time: 716 ns | Unauthorized Subject 99
[INFO] [1770277814.208751389] [bad_actor]: Sending [VALID] Command (Subject 1)
[INFO] [1770277814.209695881] [ngac_gatekeeper]: [PASS] Time: 706 ns | Cmd forwarded
[INFO] [1770277814.708991656] [bad_actor]: Sending [MALICIOUS] Command (Subject 99)
[WARN] [1770277814.710152171] [ngac_gatekeeper]: [BLOCK] Time: 587 ns | Unauthorized Subject 99
[INFO] [1770277815.208733400] [bad_actor]: Sending [VALID] Command (Subject 1)
[INFO] [1770277815.209880665] [ngac_gatekeeper]: [PASS] Time: 666 ns | Cmd forwarded
[INFO] [1770277813.226237981] [bad_actor]: Sending [MALICIOUS] Command (Subject 99)
[WARN] [1770277813.227242450] [ngac_gatekeeper]: [BLOCK] Time: 558 ns | Unauthorized Subject 99
[INFO] [1770277813.726581238] [bad_actor]: Sending [VALID] Command (Subject 1)
[INFO] [1770277813.727557284] [ngac_gatekeeper]: [PASS] Time: 668 ns | Cmd forwarded
[INFO] [1770277814.226906771] [bad_actor]: Sending [MALICIOUS] Command (Subject 99)
[WARN] [1770277814.227946858] [ngac_gatekeeper]: [BLOCK] Time: 720 ns | Unauthorized Subject 99
[INFO] [1770277814.730504264] [bad_actor]: Sending [VALID] Command (Subject 1)
[INFO] [1770277814.731776589] [ngac_gatekeeper]: [PASS] Time: 1495 ns | Cmd forwarded
[INFO] [1770277815.228801132] [bad_actor]: Sending [MALICIOUS] Command (Subject 99)
[WARN] [1770277815.230223205] [ngac_gatekeeper]: [BLOCK] Time: 794 ns | Unauthorized Subject 99
[INFO] [1770277815.726837859] [bad_actor]: Sending [VALID] Command (Subject 1)
[INFO] [1770277815.728071233] [ngac_gatekeeper]: [PASS] Time: 726 ns | Cmd forwarded
[INFO] [1770277816.233852178] [bad_actor]: Sending [MALICIOUS] Command (Subject 99)
[WARN] [1770277816.235203129] [ngac_gatekeeper]: [BLOCK] Time: 1641 ns | Unauthorized Subject 99
[INFO] [1770277816.732937421] [bad_actor]: Sending [VALID] Command (Subject 1)
[INFO] [1770277816.733883136] [ngac_gatekeeper]: [PASS] Time: 667 ns | Cmd forwarded
[INFO] [1770277817.231389149] [bad_actor]: Sending [MALICIOUS] Command (Subject 99)
[WARN] [1770277817.232386046] [ngac_gatekeeper]: [BLOCK] Time: 544 ns | Unauthorized Subject 99
[INFO] [1770277817.729899401] [bad_actor]: Sending [VALID] Command (Subject 1)
[INFO] [1770277817.731019154] [ngac_gatekeeper]: [PASS] Time: 660 ns | Cmd forwarded
[INFO] [1770277818.228435266] [bad_actor]: Sending [MALICIOUS] Command (Subject 99)
[WARN] [1770277818.229529811] [ngac_gatekeeper]: [BLOCK] Time: 595 ns | Unauthorized Subject 99
[INFO] [1770277818.726778222] [bad_actor]: Sending [VALID] Command (Subject 1)
[INFO] [1770277818.728652656] [ngac_gatekeeper]: [PASS] Time: 663 ns | Cmd forwarded
[INFO] [1770277819.233128317] [bad_actor]: Sending [MALICIOUS] Command (Subject 99)
[WARN] [1770277819.234003006] [ngac_gatekeeper]: [BLOCK] Time: 715 ns | Unauthorized Subject 99
[INFO] [1770277819.726972763] [bad_actor]: Sending [VALID] Command (Subject 1)
[INFO] [1770277819.728712641] [ngac_gatekeeper]: [PASS] Time: 1126 ns | Cmd forwarded
[INFO] [1770277820.227427330] [bad_actor]: Sending [MALICIOUS] Command (Subject 99)
[WARN] [1770277820.229138094] [ngac_gatekeeper]: [BLOCK] Time: 1215 ns | Unauthorized Subject 99
[INFO] [1770277820.726782261] [bad_actor]: Sending [VALID] Command (Subject 1)
[INFO] [1770277820.727669681] [ngac_gatekeeper]: [PASS] Time: 716 ns | Cmd forwarded
[INFO] [1770277821.228307041] [bad_actor]: Sending [MALICIOUS] Command (Subject 99)
[WARN] [1770277821.229391435] [ngac_gatekeeper]: [BLOCK] Time: 713 ns | Unauthorized Subject 99
[INFO] [1770277821.726804208] [bad_actor]: Sending [VALID] Command (Subject 1)
[INFO] [1770277821.727907657] [ngac_gatekeeper]: [PASS] Time: 791 ns | Cmd forwarded
[INFO] [1770277822.233110795] [bad_actor]: Sending [MALICIOUS] Command (Subject 99)
[WARN] [1770277822.234421753] [ngac_gatekeeper]: [BLOCK] Time: 539 ns | Unauthorized Subject 99
[INFO] [1770277822.732213174] [bad_actor]: Sending [VALID] Command (Subject 1)
[INFO] [1770277822.733167475] [ngac_gatekeeper]: [PASS] Time: 598 ns | Cmd forwarded
[INFO] [1770277823.226410681] [bad_actor]: Sending [MALICIOUS] Command (Subject 99)
[WARN] [1770277823.227503802] [ngac_gatekeeper]: [BLOCK] Time: 502 ns | Unauthorized Subject 99
[INFO] [1770277823.729786010] [bad_actor]: Sending [VALID] Command (Subject 1)
[INFO] [1770277823.730752010] [ngac_gatekeeper]: [PASS] Time: 1109 ns | Cmd forwarded
[INFO] [1770277824.228735648] [bad_actor]: Sending [MALICIOUS] Command (Subject 99)
[WARN] [1770277824.229756914] [ngac_gatekeeper]: [BLOCK] Time: 1427 ns | Unauthorized Subject 99
[INFO] [1770277824.727215393] [bad_actor]: Sending [VALID] Command (Subject 1)
[INFO] [1770277824.728397258] [ngac_gatekeeper]: [PASS] Time: 1466 ns | Cmd forwarded
[INFO] [1770277825.233808661] [bad_actor]: Sending [MALICIOUS] Command (Subject 99)
[WARN] [1770277825.234765475] [ngac_gatekeeper]: [BLOCK] Time: 572 ns | Unauthorized Subject 99
[INFO] [1770277825.733806905] [bad_actor]: Sending [VALID] Command (Subject 1)
[INFO] [1770277825.734791064] [ngac_gatekeeper]: [PASS] Time: 529 ns | Cmd forwarded
[INFO] [1770277826.237424483] [bad_actor]: Sending [MALICIOUS] Command (Subject 99)
[WARN] [1770277826.238314885] [ngac_gatekeeper]: [BLOCK] Time: 587 ns | Unauthorized Subject 99
[INFO] [1770277826.731834500] [bad_actor]: Sending [VALID] Command (Subject 1)
[INFO] [1770277826.732705965] [ngac_gatekeeper]: [PASS] Time: 659 ns | Cmd forwarded
[INFO] [1770277827.238574921] [bad_actor]: Sending [MALICIOUS] Command (Subject 99)
[WARN] [1770277827.239676342] [ngac_gatekeeper]: [BLOCK] Time: 645 ns | Unauthorized Subject 99
[INFO] [1770277827.729769054] [bad_actor]: Sending [VALID] Command (Subject 1)
[INFO] [1770277827.730927292] [ngac_gatekeeper]: [PASS] Time: 699 ns | Cmd forwarded
[INFO] [1770277828.239817555] [bad_actor]: Sending [MALICIOUS] Command (Subject 99)
[WARN] [1770277828.254109776] [ngac_gatekeeper]: [BLOCK] Time: 5937 ns | Unauthorized Subject 99
[INFO] [1770277828.726514165] [bad_actor]: Sending [VALID] Command (Subject 1)
[INFO] [1770277828.727402774] [ngac_gatekeeper]: [PASS] Time: 812 ns | Cmd forwarded
[INFO] [1770277829.237860920] [bad_actor]: Sending [MALICIOUS] Command (Subject 99)
[WARN] [1770277829.238808971] [ngac_gatekeeper]: [BLOCK] Time: 518 ns | Unauthorized Subject 99
[INFO] [1770277829.738627099] [bad_actor]: Sending [VALID] Command (Subject 1)
[INFO] [1770277829.739447621] [ngac_gatekeeper]: [PASS] Time: 777 ns | Cmd forwarded
[INFO] [1770277830.236337737] [bad_actor]: Sending [MALICIOUS] Command (Subject 99)
[WARN] [1770277830.237995173] [ngac_gatekeeper]: [BLOCK] Time: 2213 ns | Unauthorized Subject 99
[INFO] [1770277830.733390934] [bad_actor]: Sending [VALID] Command (Subject 1)
[INFO] [1770277830.734664404] [ngac_gatekeeper]: [PASS] Time: 741 ns | Cmd forwarded
[INFO] [1770277831.236236853] [bad_actor]: Sending [MALICIOUS] Command (Subject 99)
[WARN] [1770277831.238031388] [ngac_gatekeeper]: [BLOCK] Time: 985 ns | Unauthorized Subject 99
[INFO] [1770277831.738539795] [bad_actor]: Sending [VALID] Command (Subject 1)
[INFO] [1770277831.739326079] [ngac_gatekeeper]: [PASS] Time: 660 ns | Cmd forwarded
[INFO] [1770277832.234980244] [bad_actor]: Sending [MALICIOUS] Command (Subject 99)
[WARN] [1770277832.236268414] [ngac_gatekeeper]: [BLOCK] Time: 718 ns | Unauthorized Subject 99
[INFO] [1770277832.736725753] [bad_actor]: Sending [VALID] Command (Subject 1)
[INFO] [1770277832.738205710] [ngac_gatekeeper]: [PASS] Time: 1153 ns | Cmd forwarded
[INFO] [1770277833.233732361] [bad_actor]: Sending [MALICIOUS] Command (Subject 99)
[WARN] [1770277833.234949518] [ngac_gatekeeper]: [BLOCK] Time: 1101 ns | Unauthorized Subject 99
[INFO] [1770277833.733248144] [bad_actor]: Sending [VALID] Command (Subject 1)
[INFO] [1770277833.734998715] [ngac_gatekeeper]: [PASS] Time: 1258 ns | Cmd forwarded
[INFO] [1770277834.233820673] [bad_actor]: Sending [MALICIOUS] Command (Subject 99)
[WARN] [1770277834.235080265] [ngac_gatekeeper]: [BLOCK] Time: 1260 ns | Unauthorized Subject 99
[INFO] [1770277834.728842445] [bad_actor]: Sending [VALID] Command (Subject 1)
[INFO] [1770277834.729832516] [ngac_gatekeeper]: [PASS] Time: 1088 ns | Cmd forwarded
[INFO] [1770277835.236898265] [bad_actor]: Sending [MALICIOUS] Command (Subject 99)
[WARN] [1770277835.237878846] [ngac_gatekeeper]: [BLOCK] Time: 1241 ns | Unauthorized Subject 99
[INFO] [1770277835.739077779] [bad_actor]: Sending [VALID] Command (Subject 1)
[INFO] [1770277835.740460576] [ngac_gatekeeper]: [PASS] Time: 1625 ns | Cmd forwarded
[INFO] [1770277836.232054304] [bad_actor]: Sending [MALICIOUS] Command (Subject 99)
[WARN] [1770277836.233396272] [ngac_gatekeeper]: [BLOCK] Time: 730 ns | Unauthorized Subject 99
[INFO] [1770277836.733311421] [bad_actor]: Sending [VALID] Command (Subject 1)
[INFO] [1770277836.734319885] [ngac_gatekeeper]: [PASS] Time: 779 ns | Cmd forwarded
[INFO] [1770277837.231540582] [bad_actor]: Sending [MALICIOUS] Command (Subject 99)
[WARN] [1770277837.232416364] [ngac_gatekeeper]: [BLOCK] Time: 681 ns | Unauthorized Subject 99
[INFO] [1770277837.729588813] [bad_actor]: Sending [VALID] Command (Subject 1)
[INFO] [1770277837.730605412] [ngac_gatekeeper]: [PASS] Time: 721 ns | Cmd forwarded
[INFO] [1770277838.228821944] [bad_actor]: Sending [MALICIOUS] Command (Subject 99)
[WARN] [1770277838.229935847] [ngac_gatekeeper]: [BLOCK] Time: 1034 ns | Unauthorized Subject 99
[INFO] [1770277838.727391426] [bad_actor]: Sending [VALID] Command (Subject 1)
[INFO] [1770277838.728415679] [ngac_gatekeeper]: [PASS] Time: 1836 ns | Cmd forwarded
[INFO] [1770277839.226102816] [bad_actor]: Sending [MALICIOUS] Command (Subject 99)
[WARN] [1770277839.227866588] [ngac_gatekeeper]: [BLOCK] Time: 844 ns | Unauthorized Subject 99
[INFO] [1770277839.728851505] [bad_actor]: Sending [VALID] Command (Subject 1)
[INFO] [1770277839.731256642] [ngac_gatekeeper]: [PASS] Time: 1342 ns | Cmd forwarded
[INFO] [1770277840.228688040] [bad_actor]: Sending [MALICIOUS] Command (Subject 99)
[WARN] [1770277840.229593081] [ngac_gatekeeper]: [BLOCK] Time: 609 ns | Unauthorized Subject 99
[INFO] [1770277840.731578709] [bad_actor]: Sending [VALID] Command (Subject 1)
[INFO] [1770277840.732553498] [ngac_gatekeeper]: [PASS] Time: 690 ns | Cmd forwarded
[INFO] [1770277841.227991505] [bad_actor]: Sending [MALICIOUS] Command (Subject 99)
[WARN] [1770277841.229482618] [ngac_gatekeeper]: [BLOCK] Time: 1702 ns | Unauthorized Subject 99
[INFO] [1770277841.729211647] [bad_actor]: Sending [VALID] Command (Subject 1)
[INFO] [1770277841.730770848] [ngac_gatekeeper]: [PASS] Time: 1442 ns | Cmd forwarded
[INFO] [1770277842.227453026] [bad_actor]: Sending [MALICIOUS] Command (Subject 99)
[WARN] [1770277842.228728229] [ngac_gatekeeper]: [BLOCK] Time: 1112 ns | Unauthorized Subject 99
[INFO] [1770277842.727576512] [bad_actor]: Sending [VALID] Command (Subject 1)
[INFO] [1770277842.728601276] [ngac_gatekeeper]: [PASS] Time: 623 ns | Cmd forwarded
[INFO] [1770277843.236819497] [bad_actor]: Sending [MALICIOUS] Command (Subject 99)
[WARN] [1770277843.238411454] [ngac_gatekeeper]: [BLOCK] Time: 1785 ns | Unauthorized Subject 99
[INFO] [1770277843.732579691] [bad_actor]: Sending [VALID] Command (Subject 1)
[INFO] [1770277843.733831929] [ngac_gatekeeper]: [PASS] Time: 648 ns | Cmd forwarded
[INFO] [1770277844.235116494] [bad_actor]: Sending [MALICIOUS] Command (Subject 99)
[WARN] [1770277844.236166432] [ngac_gatekeeper]: [BLOCK] Time: 1153 ns | Unauthorized Subject 99
[INFO] [1770277844.731736707] [bad_actor]: Sending [VALID] Command (Subject 1)
[INFO] [1770277844.732850121] [ngac_gatekeeper]: [PASS] Time: 628 ns | Cmd forwarded
[INFO] [1770277842.746968776] [bad_actor]: Sending [MALICIOUS] Command (Subject 99)
[WARN] [1770277842.747738666] [ngac_gatekeeper]: [BLOCK] Time: 565 ns | Unauthorized Subject 99
[INFO] [1770277843.264271260] [bad_actor]: Sending [VALID] Command (Subject 1)
[INFO] [1770277843.265246996] [ngac_gatekeeper]: [PASS] Time: 616 ns | Cmd forwarded
[INFO] [1770277843.779648745] [bad_actor]: Sending [MALICIOUS] Command (Subject 99)
[WARN] [1770277843.780792791] [ngac_gatekeeper]: [BLOCK] Time: 605 ns | Unauthorized Subject 99
[INFO] [1770277844.251427603] [bad_actor]: Sending [VALID] Command (Subject 1)
[INFO] [1770277844.253010432] [ngac_gatekeeper]: [PASS] Time: 613 ns | Cmd forwarded
[INFO] [1770277844.773653359] [bad_actor]: Sending [MALICIOUS] Command (Subject 99)
[WARN] [1770277844.774962665] [ngac_gatekeeper]: [BLOCK] Time: 670 ns | Unauthorized Subject 99
[INFO] [1770277845.256144063] [bad_actor]: Sending [VALID] Command (Subject 1)
[INFO] [1770277845.257144022] [ngac_gatekeeper]: [PASS] Time: 570 ns | Cmd forwarded
[INFO] [1770277845.746254069] [bad_actor]: Sending [MALICIOUS] Command (Subject 99)
[WARN] [1770277845.747477753] [ngac_gatekeeper]: [BLOCK] Time: 615 ns | Unauthorized Subject 99
[INFO] [1770277846.247626391] [bad_actor]: Sending [VALID] Command (Subject 1)
[INFO] [1770277846.248742139] [ngac_gatekeeper]: [PASS] Time: 684 ns | Cmd forwarded
[INFO] [1770277846.746066171] [bad_actor]: Sending [MALICIOUS] Command (Subject 99)
[WARN] [1770277846.746906742] [ngac_gatekeeper]: [BLOCK] Time: 736 ns | Unauthorized Subject 99
[INFO] [1770277847.246041718] [bad_actor]: Sending [VALID] Command (Subject 1)
[INFO] [1770277847.246795626] [ngac_gatekeeper]: [PASS] Time: 614 ns | Cmd forwarded
[INFO] [1770277847.746526441] [bad_actor]: Sending [MALICIOUS] Command (Subject 99)
[WARN] [1770277847.748228782] [ngac_gatekeeper]: [BLOCK] Time: 790 ns | Unauthorized Subject 99
[INFO] [1770277848.246174147] [bad_actor]: Sending [VALID] Command (Subject 1)
[INFO] [1770277848.248107259] [ngac_gatekeeper]: [PASS] Time: 680 ns | Cmd forwarded
[INFO] [1770277848.748133854] [bad_actor]: Sending [MALICIOUS] Command (Subject 99)
[WARN] [1770277848.748939482] [ngac_gatekeeper]: [BLOCK] Time: 536 ns | Unauthorized Subject 99
[INFO] [1770277849.247052423] [bad_actor]: Sending [VALID] Command (Subject 1)
[INFO] [1770277849.248481560] [ngac_gatekeeper]: [PASS] Time: 743 ns | Cmd forwarded
[INFO] [1770277849.746827517] [bad_actor]: Sending [MALICIOUS] Command (Subject 99)
[WARN] [1770277849.748023453] [ngac_gatekeeper]: [BLOCK] Time: 633 ns | Unauthorized Subject 99
[INFO] [1770277850.246568850] [bad_actor]: Sending [VALID] Command (Subject 1)
[INFO] [1770277850.247748002] [ngac_gatekeeper]: [PASS] Time: 756 ns | Cmd forwarded
[INFO] [1770277850.747618628] [bad_actor]: Sending [MALICIOUS] Command (Subject 99)
[WARN] [1770277850.748841388] [ngac_gatekeeper]: [BLOCK] Time: 679 ns | Unauthorized Subject 99
[INFO] [1770277851.245989631] [bad_actor]: Sending [VALID] Command (Subject 1)
[INFO] [1770277851.246947424] [ngac_gatekeeper]: [PASS] Time: 1276 ns | Cmd forwarded
[INFO] [1770277851.747441938] [bad_actor]: Sending [MALICIOUS] Command (Subject 99)
[WARN] [1770277851.748620753] [ngac_gatekeeper]: [BLOCK] Time: 603 ns | Unauthorized Subject 99
[INFO] [1770277852.246629938] [bad_actor]: Sending [VALID] Command (Subject 1)
[INFO] [1770277852.247571763] [ngac_gatekeeper]: [PASS] Time: 719 ns | Cmd forwarded
[INFO] [1770277852.746372625] [bad_actor]: Sending [MALICIOUS] Command (Subject 99)
[WARN] [1770277852.747671936] [ngac_gatekeeper]: [BLOCK] Time: 913 ns | Unauthorized Subject 99
[INFO] [1770277853.245801196] [bad_actor]: Sending [VALID] Command (Subject 1)
[INFO] [1770277853.246743842] [ngac_gatekeeper]: [PASS] Time: 534 ns | Cmd forwarded
[INFO] [1770277853.746038056] [bad_actor]: Sending [MALICIOUS] Command (Subject 99)
[WARN] [1770277853.747195947] [ngac_gatekeeper]: [BLOCK] Time: 607 ns | Unauthorized Subject 99
[INFO] [1770277854.246048507] [bad_actor]: Sending [VALID] Command (Subject 1)
[INFO] [1770277854.247008432] [ngac_gatekeeper]: [PASS] Time: 814 ns | Cmd forwarded
[INFO] [1770277854.757022689] [bad_actor]: Sending [MALICIOUS] Command (Subject 99)
[WARN] [1770277854.758067384] [ngac_gatekeeper]: [BLOCK] Time: 583 ns | Unauthorized Subject 99
[INFO] [1770277855.252022119] [bad_actor]: Sending [VALID] Command (Subject 1)
[INFO] [1770277855.253201384] [ngac_gatekeeper]: [PASS] Time: 585 ns | Cmd forwarded
[INFO] [1770277855.756700306] [bad_actor]: Sending [MALICIOUS] Command (Subject 99)
[WARN] [1770277855.757678448] [ngac_gatekeeper]: [BLOCK] Time: 601 ns | Unauthorized Subject 99
[INFO] [1770277856.250571886] [bad_actor]: Sending [VALID] Command (Subject 1)
[INFO] [1770277856.251436444] [ngac_gatekeeper]: [PASS] Time: 1791 ns | Cmd forwarded
[INFO] [1770277856.756527780] [bad_actor]: Sending [MALICIOUS] Command (Subject 99)
[WARN] [1770277856.758029281] [ngac_gatekeeper]: [BLOCK] Time: 1025 ns | Unauthorized Subject 99
[INFO] [1770277857.251571453] [bad_actor]: Sending [VALID] Command (Subject 1)
[INFO] [1770277857.252623554] [ngac_gatekeeper]: [PASS] Time: 1296 ns | Cmd forwarded
[INFO] [1770277857.755776915] [bad_actor]: Sending [MALICIOUS] Command (Subject 99)
[WARN] [1770277857.757117227] [ngac_gatekeeper]: [BLOCK] Time: 756 ns | Unauthorized Subject 99
[INFO] [1770277858.249983856] [bad_actor]: Sending [VALID] Command (Subject 1)
[INFO] [1770277858.251018468] [ngac_gatekeeper]: [PASS] Time: 657 ns | Cmd forwarded
[INFO] [1770277858.745990182] [bad_actor]: Sending [MALICIOUS] Command (Subject 99)
[WARN] [1770277858.747122170] [ngac_gatekeeper]: [BLOCK] Time: 550 ns | Unauthorized Subject 99
[INFO] [1770277859.246303945] [bad_actor]: Sending [VALID] Command (Subject 1)
[INFO] [1770277859.247343679] [ngac_gatekeeper]: [PASS] Time: 553 ns | Cmd forwarded
[INFO] [1770277859.748074226] [bad_actor]: Sending [MALICIOUS] Command (Subject 99)
[WARN] [1770277859.749257034] [ngac_gatekeeper]: [BLOCK] Time: 551 ns | Unauthorized Subject 99
[INFO] [1770277860.251364062] [bad_actor]: Sending [VALID] Command (Subject 1)
[INFO] [1770277860.252415515] [ngac_gatekeeper]: [PASS] Time: 725 ns | Cmd forwarded
[INFO] [1770277860.746184123] [bad_actor]: Sending [MALICIOUS] Command (Subject 99)
[WARN] [1770277860.747128690] [ngac_gatekeeper]: [BLOCK] Time: 591 ns | Unauthorized Subject 99
[INFO] [1770277861.247850987] [bad_actor]: Sending [VALID] Command (Subject 1)
[INFO] [1770277861.248743172] [ngac_gatekeeper]: [PASS] Time: 726 ns | Cmd forwarded
[INFO] [1770277861.745981694] [bad_actor]: Sending [MALICIOUS] Command (Subject 99)
[WARN] [1770277861.747035003] [ngac_gatekeeper]: [BLOCK] Time: 512 ns | Unauthorized Subject 99
[INFO] [1770277862.246395310] [bad_actor]: Sending [VALID] Command (Subject 1)
[INFO] [1770277862.247827945] [ngac_gatekeeper]: [PASS] Time: 664 ns | Cmd forwarded
[INFO] [1770277862.749878353] [bad_actor]: Sending [MALICIOUS] Command (Subject 99)
[WARN] [1770277862.750957391] [ngac_gatekeeper]: [BLOCK] Time: 649 ns | Unauthorized Subject 99
[INFO] [1770277863.246483921] [bad_actor]: Sending [VALID] Command (Subject 1)
[INFO] [1770277863.247446677] [ngac_gatekeeper]: [PASS] Time: 583 ns | Cmd forwarded
[INFO] [1770277863.752970474] [bad_actor]: Sending [MALICIOUS] Command (Subject 99)
[WARN] [1770277863.754066905] [ngac_gatekeeper]: [BLOCK] Time: 912 ns | Unauthorized Subject 99
[INFO] [1770277864.247077099] [bad_actor]: Sending [VALID] Command (Subject 1)
[INFO] [1770277864.248040353] [ngac_gatekeeper]: [PASS] Time: 891 ns | Cmd forwarded
[INFO] [1770277864.746189579] [bad_actor]: Sending [MALICIOUS] Command (Subject 99)
[WARN] [1770277864.747309739] [ngac_gatekeeper]: [BLOCK] Time: 590 ns | Unauthorized Subject 99
[INFO] [1770277865.258718308] [bad_actor]: Sending [VALID] Command (Subject 1)
[INFO] [1770277865.259772431] [ngac_gatekeeper]: [PASS] Time: 534 ns | Cmd forwarded
[INFO] [1770277865.755356232] [bad_actor]: Sending [MALICIOUS] Command (Subject 99)
[WARN] [1770277865.756419159] [ngac_gatekeeper]: [BLOCK] Time: 534 ns | Unauthorized Subject 99
[INFO] [1770277866.246358987] [bad_actor]: Sending [VALID] Command (Subject 1)
[INFO] [1770277866.247466892] [ngac_gatekeeper]: [PASS] Time: 773 ns | Cmd forwarded
[INFO] [1770277866.746202150] [bad_actor]: Sending [MALICIOUS] Command (Subject 99)
[WARN] [1770277866.747364350] [ngac_gatekeeper]: [BLOCK] Time: 1672 ns | Unauthorized Subject 99
[INFO] [1770277867.245759557] [bad_actor]: Sending [VALID] Command (Subject 1)
[INFO] [1770277867.246859060] [ngac_gatekeeper]: [PASS] Time: 605 ns | Cmd forwarded
[INFO] [1770277867.747657979] [bad_actor]: Sending [MALICIOUS] Command (Subject 99)
[WARN] [1770277867.748561934] [ngac_gatekeeper]: [BLOCK] Time: 853 ns | Unauthorized Subject 99
[INFO] [1770277868.248573565] [bad_actor]: Sending [VALID] Command (Subject 1)
[INFO] [1770277868.249612073] [ngac_gatekeeper]: [PASS] Time: 1023 ns | Cmd forwarded
[INFO] [1770277868.746384693] [bad_actor]: Sending [MALICIOUS] Command (Subject 99)
[WARN] [1770277868.747390903] [ngac_gatekeeper]: [BLOCK] Time: 575 ns | Unauthorized Subject 99
[INFO] [1770277869.248665864] [bad_actor]: Sending [VALID] Command (Subject 1)
[INFO] [1770277869.250007990] [ngac_gatekeeper]: [PASS] Time: 530 ns | Cmd forwarded
[INFO] [1770277869.756794053] [bad_actor]: Sending [MALICIOUS] Command (Subject 99)
[WARN] [1770277869.757816632] [ngac_gatekeeper]: [BLOCK] Time: 504 ns | Unauthorized Subject 99
[INFO] [1770277870.248252965] [bad_actor]: Sending [VALID] Command (Subject 1)
[INFO] [1770277870.249409618] [ngac_gatekeeper]: [PASS] Time: 562 ns | Cmd forwarded
[INFO] [1770277870.747958149] [bad_actor]: Sending [MALICIOUS] Command (Subject 99)
[WARN] [1770277870.803392638] [ngac_gatekeeper]: [BLOCK] Time: 5450 ns | Unauthorized Subject 99
[INFO] [1770277871.246621720] [bad_actor]: Sending [VALID] Command (Subject 1)
[INFO] [1770277871.247664781] [ngac_gatekeeper]: [PASS] Time: 494 ns | Cmd forwarded
[INFO] [1770277871.745993742] [bad_actor]: Sending [MALICIOUS] Command (Subject 99)
[WARN] [1770277871.747320172] [ngac_gatekeeper]: [BLOCK] Time: 531 ns | Unauthorized Subject 99
[INFO] [1770277872.246296122] [bad_actor]: Sending [VALID] Command (Subject 1)
[INFO] [1770277872.247423820] [ngac_gatekeeper]: [PASS] Time: 519 ns | Cmd forwarded
[INFO] [1770277872.756878576] [bad_actor]: Sending [MALICIOUS] Command (Subject 99)
[WARN] [1770277872.758099664] [ngac_gatekeeper]: [BLOCK] Time: 828 ns | Unauthorized Subject 99
[INFO] [1770277873.246698309] [bad_actor]: Sending [VALID] Command (Subject 1)
[INFO] [1770277873.247578713] [ngac_gatekeeper]: [PASS] Time: 769 ns | Cmd forwarded
[INFO] [1770277873.756165625] [bad_actor]: Sending [MALICIOUS] Command (Subject 99)
[WARN] [1770277873.757449145] [ngac_gatekeeper]: [BLOCK] Time: 740 ns | Unauthorized Subject 99
[INFO] [1770277874.256387410] [bad_actor]: Sending [VALID] Command (Subject 1)
[INFO] [1770277874.257442052] [ngac_gatekeeper]: [PASS] Time: 561 ns | Cmd forwarded
[INFO] [1770277874.755490808] [bad_actor]: Sending [MALICIOUS] Command (Subject 99)
[WARN] [1770277874.756665147] [ngac_gatekeeper]: [BLOCK] Time: 1278 ns | Unauthorized Subject 99
[INFO] [1770277872.767811611] [bad_actor]: Sending [VALID] Command (Subject 1)
[INFO] [1770277872.769629764] [ngac_gatekeeper]: [PASS] Time: 869 ns | Cmd forwarded
[INFO] [1770277873.272258378] [bad_actor]: Sending [MALICIOUS] Command (Subject 99)
[WARN] [1770277873.273458382] [ngac_gatekeeper]: [BLOCK] Time: 517 ns | Unauthorized Subject 99
[INFO] [1770277873.770479523] [bad_actor]: Sending [VALID] Command (Subject 1)
[INFO] [1770277873.771724227] [ngac_gatekeeper]: [PASS] Time: 979 ns | Cmd forwarded
[INFO] [1770277874.269189948] [bad_actor]: Sending [MALICIOUS] Command (Subject 99)
[WARN] [1770277874.270597317] [ngac_gatekeeper]: [BLOCK] Time: 564 ns | Unauthorized Subject 99
[INFO] [1770277874.773812217] [bad_actor]: Sending [VALID] Command (Subject 1)
[INFO] [1770277874.774810635] [ngac_gatekeeper]: [PASS] Time: 632 ns | Cmd forwarded
[INFO] [1770277875.294673962] [bad_actor]: Sending [MALICIOUS] Command (Subject 99)
[WARN] [1770277875.295699366] [ngac_gatekeeper]: [BLOCK] Time: 538 ns | Unauthorized Subject 99
[INFO] [1770277875.775143399] [bad_actor]: Sending [VALID] Command (Subject 1)
[INFO] [1770277875.776447444] [ngac_gatekeeper]: [PASS] Time: 664 ns | Cmd forwarded
[INFO] [1770277876.269295669] [bad_actor]: Sending [MALICIOUS] Command (Subject 99)
[WARN] [1770277876.282738208] [ngac_gatekeeper]: [BLOCK] Time: 6048 ns | Unauthorized Subject 99
[INFO] [1770277876.768814681] [bad_actor]: Sending [VALID] Command (Subject 1)
[INFO] [1770277876.769805074] [ngac_gatekeeper]: [PASS] Time: 635 ns | Cmd forwarded
[INFO] [1770277877.285110843] [bad_actor]: Sending [MALICIOUS] Command (Subject 99)
[WARN] [1770277877.286229957] [ngac_gatekeeper]: [BLOCK] Time: 570 ns | Unauthorized Subject 99
[INFO] [1770277877.767705897] [bad_actor]: Sending [VALID] Command (Subject 1)
[INFO] [1770277877.768809048] [ngac_gatekeeper]: [PASS] Time: 674 ns | Cmd forwarded
[INFO] [1770277878.278134335] [bad_actor]: Sending [MALICIOUS] Command (Subject 99)
[WARN] [1770277878.279442442] [ngac_gatekeeper]: [BLOCK] Time: 1118 ns | Unauthorized Subject 99
[INFO] [1770277878.777634391] [bad_actor]: Sending [VALID] Command (Subject 1)
[INFO] [1770277878.778792988] [ngac_gatekeeper]: [PASS] Time: 607 ns | Cmd forwarded
[INFO] [1770277879.277300678] [bad_actor]: Sending [MALICIOUS] Command (Subject 99)
[WARN] [1770277879.278387411] [ngac_gatekeeper]: [BLOCK] Time: 657 ns | Unauthorized Subject 99
[INFO] [1770277879.771409069] [bad_actor]: Sending [VALID] Command (Subject 1)
[INFO] [1770277879.772530561] [ngac_gatekeeper]: [PASS] Time: 681 ns | Cmd forwarded
[INFO] [1770277880.269405423] [bad_actor]: Sending [MALICIOUS] Command (Subject 99)
[WARN] [1770277880.270716146] [ngac_gatekeeper]: [BLOCK] Time: 928 ns | Unauthorized Subject 99
[INFO] [1770277880.767382644] [bad_actor]: Sending [VALID] Command (Subject 1)
[INFO] [1770277880.768916475] [ngac_gatekeeper]: [PASS] Time: 676 ns | Cmd forwarded
[INFO] [1770277881.274391788] [bad_actor]: Sending [MALICIOUS] Command (Subject 99)
[WARN] [1770277881.275443092] [ngac_gatekeeper]: [BLOCK] Time: 1317 ns | Unauthorized Subject 99
[INFO] [1770277881.768671385] [bad_actor]: Sending [VALID] Command (Subject 1)
[INFO] [1770277881.769608830] [ngac_gatekeeper]: [PASS] Time: 705 ns | Cmd forwarded
[INFO] [1770277882.267853119] [bad_actor]: Sending [MALICIOUS] Command (Subject 99)
[WARN] [1770277882.269075410] [ngac_gatekeeper]: [BLOCK] Time: 549 ns | Unauthorized Subject 99
[INFO] [1770277882.767393548] [bad_actor]: Sending [VALID] Command (Subject 1)
[INFO] [1770277882.768700345] [ngac_gatekeeper]: [PASS] Time: 925 ns | Cmd forwarded
[INFO] [1770277883.268110413] [bad_actor]: Sending [MALICIOUS] Command (Subject 99)
[WARN] [1770277883.269568728] [ngac_gatekeeper]: [BLOCK] Time: 687 ns | Unauthorized Subject 99
[INFO] [1770277883.767435502] [bad_actor]: Sending [VALID] Command (Subject 1)
[INFO] [1770277883.768817200] [ngac_gatekeeper]: [PASS] Time: 529 ns | Cmd forwarded
[INFO] [1770277884.270066754] [bad_actor]: Sending [MALICIOUS] Command (Subject 99)
[WARN] [1770277884.271186123] [ngac_gatekeeper]: [BLOCK] Time: 618 ns | Unauthorized Subject 99
[INFO] [1770277884.769214926] [bad_actor]: Sending [VALID] Command (Subject 1)
[INFO] [1770277884.770103014] [ngac_gatekeeper]: [PASS] Time: 589 ns | Cmd forwarded
[INFO] [1770277885.272975578] [bad_actor]: Sending [MALICIOUS] Command (Subject 99)
[WARN] [1770277885.273784986] [ngac_gatekeeper]: [BLOCK] Time: 629 ns | Unauthorized Subject 99
[INFO] [1770277885.769212541] [bad_actor]: Sending [VALID] Command (Subject 1)
[INFO] [1770277885.770372640] [ngac_gatekeeper]: [PASS] Time: 754 ns | Cmd forwarded
[INFO] [1770277886.267818403] [bad_actor]: Sending [MALICIOUS] Command (Subject 99)
[WARN] [1770277886.268734902] [ngac_gatekeeper]: [BLOCK] Time: 529 ns | Unauthorized Subject 99
[INFO] [1770277886.774042758] [bad_actor]: Sending [VALID] Command (Subject 1)
[INFO] [1770277886.775091158] [ngac_gatekeeper]: [PASS] Time: 607 ns | Cmd forwarded
[INFO] [1770277887.275397703] [bad_actor]: Sending [MALICIOUS] Command (Subject 99)
[WARN] [1770277887.276720861] [ngac_gatekeeper]: [BLOCK] Time: 974 ns | Unauthorized Subject 99
[INFO] [1770277887.773621196] [bad_actor]: Sending [VALID] Command (Subject 1)
[INFO] [1770277887.774564004] [ngac_gatekeeper]: [PASS] Time: 523 ns | Cmd forwarded
[INFO] [1770277888.271990701] [bad_actor]: Sending [MALICIOUS] Command (Subject 99)
[WARN] [1770277888.273103270] [ngac_gatekeeper]: [BLOCK] Time: 661 ns | Unauthorized Subject 99
[INFO] [1770277888.772008979] [bad_actor]: Sending [VALID] Command (Subject 1)
[INFO] [1770277888.773171422] [ngac_gatekeeper]: [PASS] Time: 653 ns | Cmd forwarded
[INFO] [1770277889.270154722] [bad_actor]: Sending [MALICIOUS] Command (Subject 99)
[WARN] [1770277889.271114907] [ngac_gatekeeper]: [BLOCK] Time: 695 ns | Unauthorized Subject 99
[INFO] [1770277889.768944241] [bad_actor]: Sending [VALID] Command (Subject 1)
[INFO] [1770277889.769963881] [ngac_gatekeeper]: [PASS] Time: 569 ns | Cmd forwarded
[INFO] [1770277890.267724292] [bad_actor]: Sending [MALICIOUS] Command (Subject 99)
[WARN] [1770277890.268980096] [ngac_gatekeeper]: [BLOCK] Time: 620 ns | Unauthorized Subject 99
[INFO] [1770277890.774255077] [bad_actor]: Sending [VALID] Command (Subject 1)
[INFO] [1770277890.775122856] [ngac_gatekeeper]: [PASS] Time: 815 ns | Cmd forwarded
[INFO] [1770277891.274418650] [bad_actor]: Sending [MALICIOUS] Command (Subject 99)
[WARN] [1770277891.275627034] [ngac_gatekeeper]: [BLOCK] Time: 576 ns | Unauthorized Subject 99
[INFO] [1770277891.773625128] [bad_actor]: Sending [VALID] Command (Subject 1)
[INFO] [1770277891.774910702] [ngac_gatekeeper]: [PASS] Time: 603 ns | Cmd forwarded
[INFO] [1770277892.271989944] [bad_actor]: Sending [MALICIOUS] Command (Subject 99)
[WARN] [1770277892.273002502] [ngac_gatekeeper]: [BLOCK] Time: 661 ns | Unauthorized Subject 99
[INFO] [1770277892.770945474] [bad_actor]: Sending [VALID] Command (Subject 1)
[INFO] [1770277892.772547170] [ngac_gatekeeper]: [PASS] Time: 1337 ns | Cmd forwarded
[INFO] [1770277893.269091200] [bad_actor]: Sending [MALICIOUS] Command (Subject 99)
[WARN] [1770277893.270356009] [ngac_gatekeeper]: [BLOCK] Time: 608 ns | Unauthorized Subject 99
[INFO] [1770277893.775396716] [bad_actor]: Sending [VALID] Command (Subject 1)
[INFO] [1770277893.777106392] [ngac_gatekeeper]: [PASS] Time: 865 ns | Cmd forwarded
[INFO] [1770277894.273708387] [bad_actor]: Sending [MALICIOUS] Command (Subject 99)
[WARN] [1770277894.274632171] [ngac_gatekeeper]: [BLOCK] Time: 590 ns | Unauthorized Subject 99
[INFO] [1770277894.773643239] [bad_actor]: Sending [VALID] Command (Subject 1)
[INFO] [1770277894.774657499] [ngac_gatekeeper]: [PASS] Time: 18667 ns | Cmd forwarded
[INFO] [1770277895.273188168] [bad_actor]: Sending [MALICIOUS] Command (Subject 99)
[WARN] [1770277895.274399357] [ngac_gatekeeper]: [BLOCK] Time: 1187 ns | Unauthorized Subject 99
[INFO] [1770277895.774761812] [bad_actor]: Sending [VALID] Command (Subject 1)
[INFO] [1770277895.775936527] [ngac_gatekeeper]: [PASS] Time: 793 ns | Cmd forwarded
[INFO] [1770277896.275339571] [bad_actor]: Sending [MALICIOUS] Command (Subject 99)
[WARN] [1770277896.276637616] [ngac_gatekeeper]: [BLOCK] Time: 1309 ns | Unauthorized Subject 99
[INFO] [1770277896.769514236] [bad_actor]: Sending [VALID] Command (Subject 1)
[INFO] [1770277896.770571589] [ngac_gatekeeper]: [PASS] Time: 610 ns | Cmd forwarded
[INFO] [1770277897.267598691] [bad_actor]: Sending [MALICIOUS] Command (Subject 99)
[WARN] [1770277897.268790631] [ngac_gatekeeper]: [BLOCK] Time: 590 ns | Unauthorized Subject 99
[INFO] [1770277897.773220045] [bad_actor]: Sending [VALID] Command (Subject 1)
[INFO] [1770277897.774423513] [ngac_gatekeeper]: [PASS] Time: 730 ns | Cmd forwarded
[INFO] [1770277898.271993225] [bad_actor]: Sending [MALICIOUS] Command (Subject 99)
[WARN] [1770277898.272876637] [ngac_gatekeeper]: [BLOCK] Time: 549 ns | Unauthorized Subject 99
[INFO] [1770277898.773561985] [bad_actor]: Sending [VALID] Command (Subject 1)
[INFO] [1770277898.774973861] [ngac_gatekeeper]: [PASS] Time: 1088 ns | Cmd forwarded
[INFO] [1770277899.272240577] [bad_actor]: Sending [MALICIOUS] Command (Subject 99)
[WARN] [1770277899.273854121] [ngac_gatekeeper]: [BLOCK] Time: 817 ns | Unauthorized Subject 99
[INFO] [1770277899.770743215] [bad_actor]: Sending [VALID] Command (Subject 1)
[INFO] [1770277899.771888942] [ngac_gatekeeper]: [PASS] Time: 1246 ns | Cmd forwarded
[INFO] [1770277900.272007934] [bad_actor]: Sending [MALICIOUS] Command (Subject 99)
[WARN] [1770277900.273225906] [ngac_gatekeeper]: [BLOCK] Time: 2205 ns | Unauthorized Subject 99
[INFO] [1770277900.773475997] [bad_actor]: Sending [VALID] Command (Subject 1)
[INFO] [1770277900.774876801] [ngac_gatekeeper]: [PASS] Time: 1164 ns | Cmd forwarded
[INFO] [1770277901.269976425] [bad_actor]: Sending [MALICIOUS] Command (Subject 99)
[WARN] [1770277901.271198343] [ngac_gatekeeper]: [BLOCK] Time: 615 ns | Unauthorized Subject 99
[INFO] [1770277901.771417336] [bad_actor]: Sending [VALID] Command (Subject 1)
[INFO] [1770277901.772493397] [ngac_gatekeeper]: [PASS] Time: 561 ns | Cmd forwarded
[INFO] [1770277902.269552389] [bad_actor]: Sending [MALICIOUS] Command (Subject 99)
[WARN] [1770277902.271526306] [ngac_gatekeeper]: [BLOCK] Time: 891 ns | Unauthorized Subject 99
[INFO] [1770277902.772963183] [bad_actor]: Sending [VALID] Command (Subject 1)
[INFO] [1770277902.774410815] [ngac_gatekeeper]: [PASS] Time: 1288 ns | Cmd forwarded
[INFO] [1770277903.267677327] [bad_actor]: Sending [MALICIOUS] Command (Subject 99)
[WARN] [1770277903.268963371] [ngac_gatekeeper]: [BLOCK] Time: 524 ns | Unauthorized Subject 99
[INFO] [1770277903.772587228] [bad_actor]: Sending [VALID] Command (Subject 1)
[INFO] [1770277903.773534507] [ngac_gatekeeper]: [PASS] Time: 540 ns | Cmd forwarded
[INFO] [1770277904.267470853] [bad_actor]: Sending [MALICIOUS] Command (Subject 99)
[WARN] [1770277904.268447347] [ngac_gatekeeper]: [BLOCK] Time: 587 ns | Unauthorized Subject 99
[INFO] [1770277902.284090344] [bad_actor]: Sending [VALID] Command (Subject 1)
[INFO] [1770277902.285176909] [ngac_gatekeeper]: [PASS] Time: 714 ns | Cmd forwarded
[INFO] [1770277902.786558075] [bad_actor]: Sending [MALICIOUS] Command (Subject 99)
[WARN] [1770277902.787658785] [ngac_gatekeeper]: [BLOCK] Time: 501 ns | Unauthorized Subject 99
[INFO] [1770277903.286157876] [bad_actor]: Sending [VALID] Command (Subject 1)
[INFO] [1770277903.293964663] [ngac_gatekeeper]: [PASS] Time: 8063 ns | Cmd forwarded
[INFO] [1770277903.783122021] [bad_actor]: Sending [MALICIOUS] Command (Subject 99)
[WARN] [1770277903.784212106] [ngac_gatekeeper]: [BLOCK] Time: 604 ns | Unauthorized Subject 99
[INFO] [1770277904.287475486] [bad_actor]: Sending [VALID] Command (Subject 1)
[INFO] [1770277904.288761875] [ngac_gatekeeper]: [PASS] Time: 695 ns | Cmd forwarded
[INFO] [1770277904.782991693] [bad_actor]: Sending [MALICIOUS] Command (Subject 99)
[WARN] [1770277904.783946904] [ngac_gatekeeper]: [BLOCK] Time: 1191 ns | Unauthorized Subject 99
[INFO] [1770277905.283189478] [bad_actor]: Sending [VALID] Command (Subject 1)
[INFO] [1770277905.284827277] [ngac_gatekeeper]: [PASS] Time: 730 ns | Cmd forwarded
[INFO] [1770277905.783206011] [bad_actor]: Sending [MALICIOUS] Command (Subject 99)
[WARN] [1770277905.784529028] [ngac_gatekeeper]: [BLOCK] Time: 1500 ns | Unauthorized Subject 99
[INFO] [1770277906.284238166] [bad_actor]: Sending [VALID] Command (Subject 1)
[INFO] [1770277906.285298257] [ngac_gatekeeper]: [PASS] Time: 774 ns | Cmd forwarded
[INFO] [1770277906.782877166] [bad_actor]: Sending [MALICIOUS] Command (Subject 99)
[WARN] [1770277906.784860101] [ngac_gatekeeper]: [BLOCK] Time: 879 ns | Unauthorized Subject 99
[INFO] [1770277907.283201850] [bad_actor]: Sending [VALID] Command (Subject 1)
[INFO] [1770277907.284610813] [ngac_gatekeeper]: [PASS] Time: 532 ns | Cmd forwarded
[INFO] [1770277907.785184340] [bad_actor]: Sending [MALICIOUS] Command (Subject 99)
[WARN] [1770277907.786164618] [ngac_gatekeeper]: [BLOCK] Time: 795 ns | Unauthorized Subject 99
[INFO] [1770277908.283508886] [bad_actor]: Sending [VALID] Command (Subject 1)
[INFO] [1770277908.284469945] [ngac_gatekeeper]: [PASS] Time: 632 ns | Cmd forwarded
[INFO] [1770277908.782726147] [bad_actor]: Sending [MALICIOUS] Command (Subject 99)
[WARN] [1770277908.783937463] [ngac_gatekeeper]: [BLOCK] Time: 637 ns | Unauthorized Subject 99
[INFO] [1770277909.282850657] [bad_actor]: Sending [VALID] Command (Subject 1)
[INFO] [1770277909.283968896] [ngac_gatekeeper]: [PASS] Time: 929 ns | Cmd forwarded
[INFO] [1770277909.783257519] [bad_actor]: Sending [MALICIOUS] Command (Subject 99)
[WARN] [1770277909.784838485] [ngac_gatekeeper]: [BLOCK] Time: 822 ns | Unauthorized Subject 99
[INFO] [1770277910.283364380] [bad_actor]: Sending [VALID] Command (Subject 1)
[INFO] [1770277910.284311605] [ngac_gatekeeper]: [PASS] Time: 604 ns | Cmd forwarded
[INFO] [1770277910.782890306] [bad_actor]: Sending [MALICIOUS] Command (Subject 99)
[WARN] [1770277910.783842762] [ngac_gatekeeper]: [BLOCK] Time: 573 ns | Unauthorized Subject 99
[INFO] [1770277911.309144934] [bad_actor]: Sending [VALID] Command (Subject 1)
[INFO] [1770277911.310109095] [ngac_gatekeeper]: [PASS] Time: 602 ns | Cmd forwarded
[INFO] [1770277911.782762020] [bad_actor]: Sending [MALICIOUS] Command (Subject 99)
[WARN] [1770277911.783803339] [ngac_gatekeeper]: [BLOCK] Time: 644 ns | Unauthorized Subject 99
[INFO] [1770277912.288733585] [bad_actor]: Sending [VALID] Command (Subject 1)
[INFO] [1770277912.290051629] [ngac_gatekeeper]: [PASS] Time: 888 ns | Cmd forwarded
[INFO] [1770277912.783020823] [bad_actor]: Sending [MALICIOUS] Command (Subject 99)
[WARN] [1770277912.783817944] [ngac_gatekeeper]: [BLOCK] Time: 578 ns | Unauthorized Subject 99
[INFO] [1770277913.283250352] [bad_actor]: Sending [VALID] Command (Subject 1)
[INFO] [1770277913.284449799] [ngac_gatekeeper]: [PASS] Time: 667 ns | Cmd forwarded
[INFO] [1770277913.782996872] [bad_actor]: Sending [MALICIOUS] Command (Subject 99)
[WARN] [1770277913.784514229] [ngac_gatekeeper]: [BLOCK] Time: 902 ns | Unauthorized Subject 99
[INFO] [1770277914.289992397] [bad_actor]: Sending [VALID] Command (Subject 1)
[INFO] [1770277914.291225681] [ngac_gatekeeper]: [PASS] Time: 811 ns | Cmd forwarded
[INFO] [1770277914.788464350] [bad_actor]: Sending [MALICIOUS] Command (Subject 99)
[WARN] [1770277914.789409476] [ngac_gatekeeper]: [BLOCK] Time: 705 ns | Unauthorized Subject 99
[INFO] [1770277915.286212269] [bad_actor]: Sending [VALID] Command (Subject 1)
[INFO] [1770277915.287279745] [ngac_gatekeeper]: [PASS] Time: 606 ns | Cmd forwarded
[INFO] [1770277915.788835576] [bad_actor]: Sending [MALICIOUS] Command (Subject 99)
[WARN] [1770277915.789832656] [ngac_gatekeeper]: [BLOCK] Time: 611 ns | Unauthorized Subject 99
[INFO] [1770277916.290146315] [bad_actor]: Sending [VALID] Command (Subject 1)
[INFO] [1770277916.291203010] [ngac_gatekeeper]: [PASS] Time: 526 ns | Cmd forwarded
[INFO] [1770277916.786040288] [bad_actor]: Sending [MALICIOUS] Command (Subject 99)
[WARN] [1770277916.786923933] [ngac_gatekeeper]: [BLOCK] Time: 605 ns | Unauthorized Subject 99
[INFO] [1770277917.285898342] [bad_actor]: Sending [VALID] Command (Subject 1)
[INFO] [1770277917.286649483] [ngac_gatekeeper]: [PASS] Time: 632 ns | Cmd forwarded
[INFO] [1770277917.783172119] [bad_actor]: Sending [MALICIOUS] Command (Subject 99)
[WARN] [1770277917.784303805] [ngac_gatekeeper]: [BLOCK] Time: 648 ns | Unauthorized Subject 99
[INFO] [1770277918.284341261] [bad_actor]: Sending [VALID] Command (Subject 1)
[INFO] [1770277918.285511643] [ngac_gatekeeper]: [PASS] Time: 609 ns | Cmd forwarded
[INFO] [1770277918.783148311] [bad_actor]: Sending [MALICIOUS] Command (Subject 99)
[WARN] [1770277918.784132400] [ngac_gatekeeper]: [BLOCK] Time: 617 ns | Unauthorized Subject 99
[INFO] [1770277919.283497737] [bad_actor]: Sending [VALID] Command (Subject 1)
[INFO] [1770277919.284521857] [ngac_gatekeeper]: [PASS] Time: 684 ns | Cmd forwarded
[INFO] [1770277919.782989658] [bad_actor]: Sending [MALICIOUS] Command (Subject 99)
[WARN] [1770277919.784105174] [ngac_gatekeeper]: [BLOCK] Time: 537 ns | Unauthorized Subject 99
[INFO] [1770277920.282814737] [bad_actor]: Sending [VALID] Command (Subject 1)
[INFO] [1770277920.283941260] [ngac_gatekeeper]: [PASS] Time: 588 ns | Cmd forwarded
[INFO] [1770277920.788197939] [bad_actor]: Sending [MALICIOUS] Command (Subject 99)
[WARN] [1770277920.789377008] [ngac_gatekeeper]: [BLOCK] Time: 1193 ns | Unauthorized Subject 99
[INFO] [1770277921.282824170] [bad_actor]: Sending [VALID] Command (Subject 1)
[INFO] [1770277921.283909868] [ngac_gatekeeper]: [PASS] Time: 762 ns | Cmd forwarded
[INFO] [1770277921.789182953] [bad_actor]: Sending [MALICIOUS] Command (Subject 99)
[WARN] [1770277921.790200037] [ngac_gatekeeper]: [BLOCK] Time: 487 ns | Unauthorized Subject 99
[INFO] [1770277922.322624493] [bad_actor]: Sending [VALID] Command (Subject 1)
[INFO] [1770277922.324299844] [ngac_gatekeeper]: [PASS] Time: 776 ns | Cmd forwarded
[INFO] [1770277922.793076663] [bad_actor]: Sending [MALICIOUS] Command (Subject 99)
[WARN] [1770277922.794191525] [ngac_gatekeeper]: [BLOCK] Time: 1602 ns | Unauthorized Subject 99
[INFO] [1770277923.295684954] [bad_actor]: Sending [VALID] Command (Subject 1)
[INFO] [1770277923.296943155] [ngac_gatekeeper]: [PASS] Time: 562 ns | Cmd forwarded
[INFO] [1770277923.788960113] [bad_actor]: Sending [MALICIOUS] Command (Subject 99)
[WARN] [1770277923.789991293] [ngac_gatekeeper]: [BLOCK] Time: 549 ns | Unauthorized Subject 99
[INFO] [1770277924.295200178] [bad_actor]: Sending [VALID] Command (Subject 1)
[INFO] [1770277924.296235571] [ngac_gatekeeper]: [PASS] Time: 622 ns | Cmd forwarded
[INFO] [1770277924.789224635] [bad_actor]: Sending [MALICIOUS] Command (Subject 99)
[WARN] [1770277924.790442605] [ngac_gatekeeper]: [BLOCK] Time: 682 ns | Unauthorized Subject 99
[INFO] [1770277925.292890231] [bad_actor]: Sending [VALID] Command (Subject 1)
[INFO] [1770277925.294322963] [ngac_gatekeeper]: [PASS] Time: 1212 ns | Cmd forwarded
[INFO] [1770277925.794301794] [bad_actor]: Sending [MALICIOUS] Command (Subject 99)
[WARN] [1770277925.795487531] [ngac_gatekeeper]: [BLOCK] Time: 605 ns | Unauthorized Subject 99
[INFO] [1770277926.303982589] [bad_actor]: Sending [VALID] Command (Subject 1)
[INFO] [1770277926.305042862] [ngac_gatekeeper]: [PASS] Time: 647 ns | Cmd forwarded
[INFO] [1770277926.789735092] [bad_actor]: Sending [MALICIOUS] Command (Subject 99)
[WARN] [1770277926.791152964] [ngac_gatekeeper]: [BLOCK] Time: 766 ns | Unauthorized Subject 99
[INFO] [1770277927.287703121] [bad_actor]: Sending [VALID] Command (Subject 1)
[INFO] [1770277927.288629862] [ngac_gatekeeper]: [PASS] Time: 577 ns | Cmd forwarded
[INFO] [1770277927.785762868] [bad_actor]: Sending [MALICIOUS] Command (Subject 99)
[WARN] [1770277927.786677340] [ngac_gatekeeper]: [BLOCK] Time: 597 ns | Unauthorized Subject 99
[INFO] [1770277928.283714026] [bad_actor]: Sending [VALID] Command (Subject 1)
[INFO] [1770277928.285002835] [ngac_gatekeeper]: [PASS] Time: 550 ns | Cmd forwarded
[INFO] [1770277928.789771368] [bad_actor]: Sending [MALICIOUS] Command (Subject 99)
[WARN] [1770277928.790850565] [ngac_gatekeeper]: [BLOCK] Time: 506 ns | Unauthorized Subject 99
[INFO] [1770277929.292638685] [bad_actor]: Sending [VALID] Command (Subject 1)
[INFO] [1770277929.293964204] [ngac_gatekeeper]: [PASS] Time: 505 ns | Cmd forwarded
[INFO] [1770277929.787411450] [bad_actor]: Sending [MALICIOUS] Command (Subject 99)
[WARN] [1770277929.788527271] [ngac_gatekeeper]: [BLOCK] Time: 1411 ns | Unauthorized Subject 99
[INFO] [1770277930.299559768] [bad_actor]: Sending [VALID] Command (Subject 1)
[INFO] [1770277930.300638874] [ngac_gatekeeper]: [PASS] Time: 565 ns | Cmd forwarded
[INFO] [1770277930.783020304] [bad_actor]: Sending [MALICIOUS] Command (Subject 99)
[WARN] [1770277930.784120751] [ngac_gatekeeper]: [BLOCK] Time: 540 ns | Unauthorized Subject 99
[INFO] [1770277931.283241529] [bad_actor]: Sending [VALID] Command (Subject 1)
[INFO] [1770277931.284354157] [ngac_gatekeeper]: [PASS] Time: 724 ns | Cmd forwarded
[INFO] [1770277931.782995579] [bad_actor]: Sending [MALICIOUS] Command (Subject 99)
[WARN] [1770277931.783911152] [ngac_gatekeeper]: [BLOCK] Time: 511 ns | Unauthorized Subject 99
[INFO] [1770277932.296970118] [bad_actor]: Sending [VALID] Command (Subject 1)
[INFO] [1770277932.298312418] [ngac_gatekeeper]: [PASS] Time: 705 ns | Cmd forwarded
[INFO] [1770277932.784369805] [bad_actor]: Sending [MALICIOUS] Command (Subject 99)
[WARN] [1770277932.785714745] [ngac_gatekeeper]: [BLOCK] Time: 702 ns | Unauthorized Subject 99
[INFO] [1770277933.286573279] [bad_actor]: Sending [VALID] Command (Subject 1)
[INFO] [1770277933.287765495] [ngac_gatekeeper]: [PASS] Time: 585 ns | Cmd forwarded
[INFO] [1770277933.809970695] [bad_actor]: Sending [MALICIOUS] Command (Subject 99)
[WARN] [1770277933.811320491] [ngac_gatekeeper]: [BLOCK] Time: 1619 ns | Unauthorized Subject 99
[INFO] [1770277934.298296370] [bad_actor]: Sending [VALID] Command (Subject 1)
[INFO] [1770277934.299415463] [ngac_gatekeeper]: [PASS] Time: 946 ns | Cmd forwarded
[INFO] [1770277932.330120297] [bad_actor]: Sending [MALICIOUS] Command (Subject 99)
[WARN] [1770277932.330968855] [ngac_gatekeeper]: [BLOCK] Time: 31123 ns | Unauthorized Subject 99
[INFO] [1770277932.805418267] [bad_actor]: Sending [VALID] Command (Subject 1)
[INFO] [1770277932.806253627] [ngac_gatekeeper]: [PASS] Time: 691 ns | Cmd forwarded
[INFO] [1770277933.308727480] [bad_actor]: Sending [MALICIOUS] Command (Subject 99)
[WARN] [1770277933.309766863] [ngac_gatekeeper]: [BLOCK] Time: 543 ns | Unauthorized Subject 99
[INFO] [1770277933.805014620] [bad_actor]: Sending [VALID] Command (Subject 1)
[INFO] [1770277933.806160607] [ngac_gatekeeper]: [PASS] Time: 650 ns | Cmd forwarded
[INFO] [1770277934.329476260] [bad_actor]: Sending [MALICIOUS] Command (Subject 99)
[WARN] [1770277934.331264624] [ngac_gatekeeper]: [BLOCK] Time: 1630 ns | Unauthorized Subject 99
[INFO] [1770277934.802589697] [bad_actor]: Sending [VALID] Command (Subject 1)
[INFO] [1770277934.803772556] [ngac_gatekeeper]: [PASS] Time: 1554 ns | Cmd forwarded
[INFO] [1770277935.302019652] [bad_actor]: Sending [MALICIOUS] Command (Subject 99)
[WARN] [1770277935.303367968] [ngac_gatekeeper]: [BLOCK] Time: 1388 ns | Unauthorized Subject 99
[INFO] [1770277935.802247767] [bad_actor]: Sending [VALID] Command (Subject 1)
[INFO] [1770277935.803164338] [ngac_gatekeeper]: [PASS] Time: 577 ns | Cmd forwarded
[INFO] [1770277936.309424934] [bad_actor]: Sending [MALICIOUS] Command (Subject 99)
[WARN] [1770277936.310492371] [ngac_gatekeeper]: [BLOCK] Time: 556 ns | Unauthorized Subject 99
[INFO] [1770277936.802862708] [bad_actor]: Sending [VALID] Command (Subject 1)
[INFO] [1770277936.803937626] [ngac_gatekeeper]: [PASS] Time: 1268 ns | Cmd forwarded
[INFO] [1770277937.307539132] [bad_actor]: Sending [MALICIOUS] Command (Subject 99)
[WARN] [1770277937.308506883] [ngac_gatekeeper]: [BLOCK] Time: 649 ns | Unauthorized Subject 99
[INFO] [1770277937.819594376] [bad_actor]: Sending [VALID] Command (Subject 1)
[INFO] [1770277937.820852808] [ngac_gatekeeper]: [PASS] Time: 559 ns | Cmd forwarded
[INFO] [1770277938.302642772] [bad_actor]: Sending [MALICIOUS] Command (Subject 99)
[WARN] [1770277938.304029554] [ngac_gatekeeper]: [BLOCK] Time: 645 ns | Unauthorized Subject 99
[INFO] [1770277938.811805396] [bad_actor]: Sending [VALID] Command (Subject 1)
[INFO] [1770277938.812700246] [ngac_gatekeeper]: [PASS] Time: 682 ns | Cmd forwarded
[INFO] [1770277939.307314204] [bad_actor]: Sending [MALICIOUS] Command (Subject 99)
[WARN] [1770277939.308334940] [ngac_gatekeeper]: [BLOCK] Time: 583 ns | Unauthorized Subject 99
[INFO] [1770277939.818766264] [bad_actor]: Sending [VALID] Command (Subject 1)
[INFO] [1770277939.819610714] [ngac_gatekeeper]: [PASS] Time: 574 ns | Cmd forwarded
[INFO] [1770277940.303332420] [bad_actor]: Sending [MALICIOUS] Command (Subject 99)
[WARN] [1770277940.304274106] [ngac_gatekeeper]: [BLOCK] Time: 653 ns | Unauthorized Subject 99
[INFO] [1770277940.813376350] [bad_actor]: Sending [VALID] Command (Subject 1)
[INFO] [1770277940.814379870] [ngac_gatekeeper]: [PASS] Time: 881 ns | Cmd forwarded
[INFO] [1770277941.328529733] [bad_actor]: Sending [MALICIOUS] Command (Subject 99)
[WARN] [1770277941.330010777] [ngac_gatekeeper]: [BLOCK] Time: 1632 ns | Unauthorized Subject 99
[INFO] [1770277941.802032327] [bad_actor]: Sending [VALID] Command (Subject 1)
[INFO] [1770277941.802951806] [ngac_gatekeeper]: [PASS] Time: 677 ns | Cmd forwarded
[INFO] [1770277942.308082047] [bad_actor]: Sending [MALICIOUS] Command (Subject 99)
[WARN] [1770277942.309337146] [ngac_gatekeeper]: [BLOCK] Time: 766 ns | Unauthorized Subject 99
[INFO] [1770277942.802471267] [bad_actor]: Sending [VALID] Command (Subject 1)
[INFO] [1770277942.803671517] [ngac_gatekeeper]: [PASS] Time: 635 ns | Cmd forwarded
[INFO] [1770277943.302726567] [bad_actor]: Sending [MALICIOUS] Command (Subject 99)
[WARN] [1770277943.304032947] [ngac_gatekeeper]: [BLOCK] Time: 502 ns | Unauthorized Subject 99
[INFO] [1770277943.802138153] [bad_actor]: Sending [VALID] Command (Subject 1)
[INFO] [1770277943.803314608] [ngac_gatekeeper]: [PASS] Time: 584 ns | Cmd forwarded
[INFO] [1770277944.301968640] [bad_actor]: Sending [MALICIOUS] Command (Subject 99)
[WARN] [1770277944.303065347] [ngac_gatekeeper]: [BLOCK] Time: 790 ns | Unauthorized Subject 99
[INFO] [1770277944.802236870] [bad_actor]: Sending [VALID] Command (Subject 1)
[INFO] [1770277944.803432733] [ngac_gatekeeper]: [PASS] Time: 598 ns | Cmd forwarded
[INFO] [1770277945.306848680] [bad_actor]: Sending [MALICIOUS] Command (Subject 99)
[WARN] [1770277945.307801203] [ngac_gatekeeper]: [BLOCK] Time: 526 ns | Unauthorized Subject 99
[INFO] [1770277945.802075825] [bad_actor]: Sending [VALID] Command (Subject 1)
[INFO] [1770277945.803063177] [ngac_gatekeeper]: [PASS] Time: 1508 ns | Cmd forwarded
[INFO] [1770277946.302781973] [bad_actor]: Sending [MALICIOUS] Command (Subject 99)
[WARN] [1770277946.303921648] [ngac_gatekeeper]: [BLOCK] Time: 598 ns | Unauthorized Subject 99
[INFO] [1770277946.807010635] [bad_actor]: Sending [VALID] Command (Subject 1)
[INFO] [1770277946.807959637] [ngac_gatekeeper]: [PASS] Time: 1495 ns | Cmd forwarded
[INFO] [1770277947.302438124] [bad_actor]: Sending [MALICIOUS] Command (Subject 99)
[WARN] [1770277947.303446363] [ngac_gatekeeper]: [BLOCK] Time: 489 ns | Unauthorized Subject 99
[INFO] [1770277947.811398746] [bad_actor]: Sending [VALID] Command (Subject 1)
[INFO] [1770277947.812357142] [ngac_gatekeeper]: [PASS] Time: 616 ns | Cmd forwarded
[INFO] [1770277948.302240977] [bad_actor]: Sending [MALICIOUS] Command (Subject 99)
[WARN] [1770277948.303131108] [ngac_gatekeeper]: [BLOCK] Time: 571 ns | Unauthorized Subject 99
[INFO] [1770277948.810178243] [bad_actor]: Sending [VALID] Command (Subject 1)
[INFO] [1770277948.811046540] [ngac_gatekeeper]: [PASS] Time: 655 ns | Cmd forwarded
[INFO] [1770277949.302042575] [bad_actor]: Sending [MALICIOUS] Command (Subject 99)
[WARN] [1770277949.303268992] [ngac_gatekeeper]: [BLOCK] Time: 1066 ns | Unauthorized Subject 99
[INFO] [1770277949.809089764] [bad_actor]: Sending [VALID] Command (Subject 1)
[INFO] [1770277949.810204307] [ngac_gatekeeper]: [PASS] Time: 1240 ns | Cmd forwarded
[INFO] [1770277950.301952281] [bad_actor]: Sending [MALICIOUS] Command (Subject 99)
[WARN] [1770277950.303132496] [ngac_gatekeeper]: [BLOCK] Time: 675 ns | Unauthorized Subject 99
[INFO] [1770277950.807806568] [bad_actor]: Sending [VALID] Command (Subject 1)
[INFO] [1770277950.808713968] [ngac_gatekeeper]: [PASS] Time: 858 ns | Cmd forwarded
[INFO] [1770277951.304356067] [bad_actor]: Sending [MALICIOUS] Command (Subject 99)
[WARN] [1770277951.305805754] [ngac_gatekeeper]: [BLOCK] Time: 1178 ns | Unauthorized Subject 99
[INFO] [1770277951.802157735] [bad_actor]: Sending [VALID] Command (Subject 1)
[INFO] [1770277951.803454533] [ngac_gatekeeper]: [PASS] Time: 1469 ns | Cmd forwarded
[INFO] [1770277952.302587795] [bad_actor]: Sending [MALICIOUS] Command (Subject 99)
[WARN] [1770277952.303855428] [ngac_gatekeeper]: [BLOCK] Time: 829 ns | Unauthorized Subject 99
[INFO] [1770277952.813913165] [bad_actor]: Sending [VALID] Command (Subject 1)
[INFO] [1770277952.814723075] [ngac_gatekeeper]: [PASS] Time: 517 ns | Cmd forwarded
[INFO] [1770277953.301994940] [bad_actor]: Sending [MALICIOUS] Command (Subject 99)
[WARN] [1770277953.303173077] [ngac_gatekeeper]: [BLOCK] Time: 612 ns | Unauthorized Subject 99
[INFO] [1770277953.802619510] [bad_actor]: Sending [VALID] Command (Subject 1)
[INFO] [1770277953.804211888] [ngac_gatekeeper]: [PASS] Time: 939 ns | Cmd forwarded
[INFO] [1770277954.307712105] [bad_actor]: Sending [MALICIOUS] Command (Subject 99)
[WARN] [1770277954.362102026] [ngac_gatekeeper]: [BLOCK] Time: 6392 ns | Unauthorized Subject 99
[INFO] [1770277954.802309002] [bad_actor]: Sending [VALID] Command (Subject 1)
[INFO] [1770277954.803592721] [ngac_gatekeeper]: [PASS] Time: 945 ns | Cmd forwarded
[INFO] [1770277955.307097083] [bad_actor]: Sending [MALICIOUS] Command (Subject 99)
[WARN] [1770277955.308370548] [ngac_gatekeeper]: [BLOCK] Time: 1432 ns | Unauthorized Subject 99
[INFO] [1770277955.813608323] [bad_actor]: Sending [VALID] Command (Subject 1)
[INFO] [1770277955.814887429] [ngac_gatekeeper]: [PASS] Time: 669 ns | Cmd forwarded
[INFO] [1770277956.312851350] [bad_actor]: Sending [MALICIOUS] Command (Subject 99)
[WARN] [1770277956.314091659] [ngac_gatekeeper]: [BLOCK] Time: 415 ns | Unauthorized Subject 99
[INFO] [1770277956.811481101] [bad_actor]: Sending [VALID] Command (Subject 1)
[INFO] [1770277956.812678810] [ngac_gatekeeper]: [PASS] Time: 689 ns | Cmd forwarded
[INFO] [1770277957.305732089] [bad_actor]: Sending [MALICIOUS] Command (Subject 99)
[WARN] [1770277957.307465481] [ngac_gatekeeper]: [BLOCK] Time: 768 ns | Unauthorized Subject 99
[INFO] [1770277957.809920738] [bad_actor]: Sending [VALID] Command (Subject 1)
[INFO] [1770277957.811030670] [ngac_gatekeeper]: [PASS] Time: 611 ns | Cmd forwarded
[INFO] [1770277958.302333248] [bad_actor]: Sending [MALICIOUS] Command (Subject 99)
[WARN] [1770277958.303514907] [ngac_gatekeeper]: [BLOCK] Time: 606 ns | Unauthorized Subject 99
[INFO] [1770277958.802645005] [bad_actor]: Sending [VALID] Command (Subject 1)
[INFO] [1770277958.803713492] [ngac_gatekeeper]: [PASS] Time: 576 ns | Cmd forwarded
[INFO] [1770277959.335731137] [bad_actor]: Sending [MALICIOUS] Command (Subject 99)
[WARN] [1770277959.336916726] [ngac_gatekeeper]: [BLOCK] Time: 682 ns | Unauthorized Subject 99
[INFO] [1770277959.826065606] [bad_actor]: Sending [VALID] Command (Subject 1)
[INFO] [1770277959.827113110] [ngac_gatekeeper]: [PASS] Time: 660 ns | Cmd forwarded
[INFO] [1770277960.305088037] [bad_actor]: Sending [MALICIOUS] Command (Subject 99)
[WARN] [1770277960.306380968] [ngac_gatekeeper]: [BLOCK] Time: 1657 ns | Unauthorized Subject 99
[INFO] [1770277960.826605668] [bad_actor]: Sending [VALID] Command (Subject 1)
[INFO] [1770277960.827675375] [ngac_gatekeeper]: [PASS] Time: 646 ns | Cmd forwarded
[INFO] [1770277961.304929260] [bad_actor]: Sending [MALICIOUS] Command (Subject 99)
[WARN] [1770277961.306003893] [ngac_gatekeeper]: [BLOCK] Time: 1151 ns | Unauthorized Subject 99
[INFO] [1770277961.841043404] [bad_actor]: Sending [VALID] Command (Subject 1)
[INFO] [1770277961.842658479] [ngac_gatekeeper]: [PASS] Time: 544 ns | Cmd forwarded
[INFO] [1770277962.336335447] [bad_actor]: Sending [MALICIOUS] Command (Subject 99)
[WARN] [1770277962.337479701] [ngac_gatekeeper]: [BLOCK] Time: 638 ns | Unauthorized Subject 99
[INFO] [1770277962.810838087] [bad_actor]: Sending [VALID] Command (Subject 1)
[INFO] [1770277962.812346030] [ngac_gatekeeper]: [PASS] Time: 1733 ns | Cmd forwarded
[INFO] [1770277963.305794023] [bad_actor]: Sending [MALICIOUS] Command (Subject 99)
[WARN] [1770277963.307049090] [ngac_gatekeeper]: [BLOCK] Time: 656 ns | Unauthorized Subject 99
[INFO] [1770277963.833606846] [bad_actor]: Sending [VALID] Command (Subject 1)
[INFO] [1770277963.834825401] [ngac_gatekeeper]: [PASS] Time: 927 ns | Cmd forwarded
[INFO] [1770277961.827435872] [bad_actor]: Sending [MALICIOUS] Command (Subject 99)
[WARN] [1770277961.828632172] [ngac_gatekeeper]: [BLOCK] Time: 545 ns | Unauthorized Subject 99
[INFO] [1770277962.352630869] [bad_actor]: Sending [VALID] Command (Subject 1)
[INFO] [1770277962.353737600] [ngac_gatekeeper]: [PASS] Time: 1223 ns | Cmd forwarded
[INFO] [1770277962.855047674] [bad_actor]: Sending [MALICIOUS] Command (Subject 99)
[WARN] [1770277962.856159218] [ngac_gatekeeper]: [BLOCK] Time: 549 ns | Unauthorized Subject 99
[INFO] [1770277963.326461962] [bad_actor]: Sending [VALID] Command (Subject 1)
[INFO] [1770277963.327452064] [ngac_gatekeeper]: [PASS] Time: 595 ns | Cmd forwarded
[INFO] [1770277963.824763404] [bad_actor]: Sending [MALICIOUS] Command (Subject 99)
[WARN] [1770277963.825799295] [ngac_gatekeeper]: [BLOCK] Time: 620 ns | Unauthorized Subject 99
[INFO] [1770277964.331483373] [bad_actor]: Sending [VALID] Command (Subject 1)
[INFO] [1770277964.332744606] [ngac_gatekeeper]: [PASS] Time: 613 ns | Cmd forwarded
[INFO] [1770277964.847900678] [bad_actor]: Sending [MALICIOUS] Command (Subject 99)
[WARN] [1770277964.848931167] [ngac_gatekeeper]: [BLOCK] Time: 581 ns | Unauthorized Subject 99
[INFO] [1770277965.330842105] [bad_actor]: Sending [VALID] Command (Subject 1)
[INFO] [1770277965.331826953] [ngac_gatekeeper]: [PASS] Time: 538 ns | Cmd forwarded
[INFO] [1770277965.844231494] [bad_actor]: Sending [MALICIOUS] Command (Subject 99)
[WARN] [1770277965.845759361] [ngac_gatekeeper]: [BLOCK] Time: 586 ns | Unauthorized Subject 99
[INFO] [1770277966.327819354] [bad_actor]: Sending [VALID] Command (Subject 1)
[INFO] [1770277966.328863879] [ngac_gatekeeper]: [PASS] Time: 688 ns | Cmd forwarded
[INFO] [1770277966.822226770] [bad_actor]: Sending [MALICIOUS] Command (Subject 99)
[WARN] [1770277966.823043450] [ngac_gatekeeper]: [BLOCK] Time: 1880 ns | Unauthorized Subject 99
[INFO] [1770277967.324493467] [bad_actor]: Sending [VALID] Command (Subject 1)
[INFO] [1770277967.325569509] [ngac_gatekeeper]: [PASS] Time: 580 ns | Cmd forwarded
[INFO] [1770277967.827579220] [bad_actor]: Sending [MALICIOUS] Command (Subject 99)
[WARN] [1770277967.828533708] [ngac_gatekeeper]: [BLOCK] Time: 496 ns | Unauthorized Subject 99
[INFO] [1770277968.321702671] [bad_actor]: Sending [VALID] Command (Subject 1)
[INFO] [1770277968.322801555] [ngac_gatekeeper]: [PASS] Time: 641 ns | Cmd forwarded
[INFO] [1770277968.834232603] [bad_actor]: Sending [MALICIOUS] Command (Subject 99)
[WARN] [1770277968.835349893] [ngac_gatekeeper]: [BLOCK] Time: 818 ns | Unauthorized Subject 99
[INFO] [1770277969.329379580] [bad_actor]: Sending [VALID] Command (Subject 1)
[INFO] [1770277969.330625623] [ngac_gatekeeper]: [PASS] Time: 748 ns | Cmd forwarded
[INFO] [1770277969.831708129] [bad_actor]: Sending [MALICIOUS] Command (Subject 99)
[WARN] [1770277969.832626297] [ngac_gatekeeper]: [BLOCK] Time: 586 ns | Unauthorized Subject 99
[INFO] [1770277970.344911713] [bad_actor]: Sending [VALID] Command (Subject 1)
[INFO] [1770277970.345970057] [ngac_gatekeeper]: [PASS] Time: 1145 ns | Cmd forwarded
[INFO] [1770277970.828315668] [bad_actor]: Sending [MALICIOUS] Command (Subject 99)
[WARN] [1770277970.829457074] [ngac_gatekeeper]: [BLOCK] Time: 649 ns | Unauthorized Subject 99
[INFO] [1770277971.321733283] [bad_actor]: Sending [VALID] Command (Subject 1)
[INFO] [1770277971.322817098] [ngac_gatekeeper]: [PASS] Time: 663 ns | Cmd forwarded
[INFO] [1770277971.822303611] [bad_actor]: Sending [MALICIOUS] Command (Subject 99)
[WARN] [1770277971.823567682] [ngac_gatekeeper]: [BLOCK] Time: 589 ns | Unauthorized Subject 99
[INFO] [1770277972.332099169] [bad_actor]: Sending [VALID] Command (Subject 1)
[INFO] [1770277972.333215746] [ngac_gatekeeper]: [PASS] Time: 883 ns | Cmd forwarded
[INFO] [1770277972.825104983] [bad_actor]: Sending [MALICIOUS] Command (Subject 99)
[WARN] [1770277972.826202653] [ngac_gatekeeper]: [BLOCK] Time: 519 ns | Unauthorized Subject 99
[INFO] [1770277973.334877663] [bad_actor]: Sending [VALID] Command (Subject 1)
[INFO] [1770277973.336123867] [ngac_gatekeeper]: [PASS] Time: 551 ns | Cmd forwarded
[INFO] [1770277973.825795782] [bad_actor]: Sending [MALICIOUS] Command (Subject 99)
[WARN] [1770277973.827129547] [ngac_gatekeeper]: [BLOCK] Time: 568 ns | Unauthorized Subject 99
[INFO] [1770277974.331365722] [bad_actor]: Sending [VALID] Command (Subject 1)
[INFO] [1770277974.332481893] [ngac_gatekeeper]: [PASS] Time: 579 ns | Cmd forwarded
[INFO] [1770277974.833239332] [bad_actor]: Sending [MALICIOUS] Command (Subject 99)
[WARN] [1770277974.834378768] [ngac_gatekeeper]: [BLOCK] Time: 638 ns | Unauthorized Subject 99
[INFO] [1770277975.333139444] [bad_actor]: Sending [VALID] Command (Subject 1)
[INFO] [1770277975.334487692] [ngac_gatekeeper]: [PASS] Time: 598 ns | Cmd forwarded
[INFO] [1770277975.833393940] [bad_actor]: Sending [MALICIOUS] Command (Subject 99)
[WARN] [1770277975.835336100] [ngac_gatekeeper]: [BLOCK] Time: 792 ns | Unauthorized Subject 99
[INFO] [1770277976.331302306] [bad_actor]: Sending [VALID] Command (Subject 1)
[INFO] [1770277976.332409240] [ngac_gatekeeper]: [PASS] Time: 541 ns | Cmd forwarded
[INFO] [1770277976.821681335] [bad_actor]: Sending [MALICIOUS] Command (Subject 99)
[WARN] [1770277976.822867102] [ngac_gatekeeper]: [BLOCK] Time: 5161 ns | Unauthorized Subject 99
[INFO] [1770277977.322190371] [bad_actor]: Sending [VALID] Command (Subject 1)
[INFO] [1770277977.323473459] [ngac_gatekeeper]: [PASS] Time: 859 ns | Cmd forwarded
[INFO] [1770277977.821560548] [bad_actor]: Sending [MALICIOUS] Command (Subject 99)
[WARN] [1770277977.822446647] [ngac_gatekeeper]: [BLOCK] Time: 895 ns | Unauthorized Subject 99
[INFO] [1770277978.321732368] [bad_actor]: Sending [VALID] Command (Subject 1)
[INFO] [1770277978.322852846] [ngac_gatekeeper]: [PASS] Time: 2115 ns | Cmd forwarded
[INFO] [1770277978.822316381] [bad_actor]: Sending [MALICIOUS] Command (Subject 99)
[WARN] [1770277978.823413002] [ngac_gatekeeper]: [BLOCK] Time: 513 ns | Unauthorized Subject 99
[INFO] [1770277979.321982460] [bad_actor]: Sending [VALID] Command (Subject 1)
[INFO] [1770277979.323068721] [ngac_gatekeeper]: [PASS] Time: 690 ns | Cmd forwarded
[INFO] [1770277979.825623013] [bad_actor]: Sending [MALICIOUS] Command (Subject 99)
[WARN] [1770277979.827156734] [ngac_gatekeeper]: [BLOCK] Time: 552 ns | Unauthorized Subject 99
[INFO] [1770277980.331619185] [bad_actor]: Sending [VALID] Command (Subject 1)
[INFO] [1770277980.332830685] [ngac_gatekeeper]: [PASS] Time: 598 ns | Cmd forwarded
[INFO] [1770277980.847873851] [bad_actor]: Sending [MALICIOUS] Command (Subject 99)
[WARN] [1770277980.849048602] [ngac_gatekeeper]: [BLOCK] Time: 567 ns | Unauthorized Subject 99
[INFO] [1770277981.333356635] [bad_actor]: Sending [VALID] Command (Subject 1)
[INFO] [1770277981.334572844] [ngac_gatekeeper]: [PASS] Time: 603 ns | Cmd forwarded
[INFO] [1770277981.847399229] [bad_actor]: Sending [MALICIOUS] Command (Subject 99)
[WARN] [1770277981.848681209] [ngac_gatekeeper]: [BLOCK] Time: 521 ns | Unauthorized Subject 99
[INFO] [1770277982.332710435] [bad_actor]: Sending [VALID] Command (Subject 1)
[INFO] [1770277982.333831917] [ngac_gatekeeper]: [PASS] Time: 780 ns | Cmd forwarded
[INFO] [1770277982.825804189] [bad_actor]: Sending [MALICIOUS] Command (Subject 99)
[WARN] [1770277982.826873106] [ngac_gatekeeper]: [BLOCK] Time: 999 ns | Unauthorized Subject 99
[INFO] [1770277983.334902668] [bad_actor]: Sending [VALID] Command (Subject 1)
[INFO] [1770277983.335940992] [ngac_gatekeeper]: [PASS] Time: 572 ns | Cmd forwarded
[INFO] [1770277983.834200144] [bad_actor]: Sending [MALICIOUS] Command (Subject 99)
[WARN] [1770277983.835109495] [ngac_gatekeeper]: [BLOCK] Time: 562 ns | Unauthorized Subject 99
[INFO] [1770277984.331560528] [bad_actor]: Sending [VALID] Command (Subject 1)
[INFO] [1770277984.332822981] [ngac_gatekeeper]: [PASS] Time: 581 ns | Cmd forwarded
[INFO] [1770277984.842740909] [bad_actor]: Sending [MALICIOUS] Command (Subject 99)
[WARN] [1770277984.844040682] [ngac_gatekeeper]: [BLOCK] Time: 559 ns | Unauthorized Subject 99
[INFO] [1770277985.329827630] [bad_actor]: Sending [VALID] Command (Subject 1)
[INFO] [1770277985.331048291] [ngac_gatekeeper]: [PASS] Time: 508 ns | Cmd forwarded
[INFO] [1770277985.836103919] [bad_actor]: Sending [MALICIOUS] Command (Subject 99)
[WARN] [1770277985.837247722] [ngac_gatekeeper]: [BLOCK] Time: 496 ns | Unauthorized Subject 99
[INFO] [1770277986.328822993] [bad_actor]: Sending [VALID] Command (Subject 1)
[INFO] [1770277986.330121928] [ngac_gatekeeper]: [PASS] Time: 586 ns | Cmd forwarded
[INFO] [1770277986.834674438] [bad_actor]: Sending [MALICIOUS] Command (Subject 99)
[WARN] [1770277986.836269781] [ngac_gatekeeper]: [BLOCK] Time: 586 ns | Unauthorized Subject 99
[INFO] [1770277987.328730393] [bad_actor]: Sending [VALID] Command (Subject 1)
[INFO] [1770277987.329678314] [ngac_gatekeeper]: [PASS] Time: 1230 ns | Cmd forwarded
[INFO] [1770277987.831510195] [bad_actor]: Sending [MALICIOUS] Command (Subject 99)
[WARN] [1770277987.832521140] [ngac_gatekeeper]: [BLOCK] Time: 678 ns | Unauthorized Subject 99
[INFO] [1770277988.328143814] [bad_actor]: Sending [VALID] Command (Subject 1)
[INFO] [1770277988.329353634] [ngac_gatekeeper]: [PASS] Time: 689 ns | Cmd forwarded
[INFO] [1770277988.853287413] [bad_actor]: Sending [MALICIOUS] Command (Subject 99)
[WARN] [1770277988.854325428] [ngac_gatekeeper]: [BLOCK] Time: 522 ns | Unauthorized Subject 99
[INFO] [1770277989.327704157] [bad_actor]: Sending [VALID] Command (Subject 1)
[INFO] [1770277989.328412674] [ngac_gatekeeper]: [PASS] Time: 796 ns | Cmd forwarded
[INFO] [1770277989.861697470] [bad_actor]: Sending [MALICIOUS] Command (Subject 99)
[WARN] [1770277989.862688825] [ngac_gatekeeper]: [BLOCK] Time: 566 ns | Unauthorized Subject 99
[INFO] [1770277990.332119055] [bad_actor]: Sending [VALID] Command (Subject 1)
[INFO] [1770277990.333026689] [ngac_gatekeeper]: [PASS] Time: 657 ns | Cmd forwarded
[INFO] [1770277990.860774912] [bad_actor]: Sending [MALICIOUS] Command (Subject 99)
[WARN] [1770277990.861901033] [ngac_gatekeeper]: [BLOCK] Time: 645 ns | Unauthorized Subject 99
[INFO] [1770277991.344153953] [bad_actor]: Sending [VALID] Command (Subject 1)
[INFO] [1770277991.345334933] [ngac_gatekeeper]: [PASS] Time: 669 ns | Cmd forwarded
[INFO] [1770277991.851734629] [bad_actor]: Sending [MALICIOUS] Command (Subject 99)
[WARN] [1770277991.852617067] [ngac_gatekeeper]: [BLOCK] Time: 664 ns | Unauthorized Subject 99
[INFO] [1770277992.330000361] [bad_actor]: Sending [VALID] Command (Subject 1)
[INFO] [1770277992.331173859] [ngac_gatekeeper]: [PASS] Time: 856 ns | Cmd forwarded
[INFO] [1770277992.842051439] [bad_actor]: Sending [MALICIOUS] Command (Subject 99)
[WARN] [1770277992.843123774] [ngac_gatekeeper]: [BLOCK] Time: 711 ns | Unauthorized Subject 99
[INFO] [1770277993.352878544] [bad_actor]: Sending [VALID] Command (Subject 1)
[INFO] [1770277993.353956668] [ngac_gatekeeper]: [PASS] Time: 798 ns | Cmd forwarded
[INFO] [1770277993.858883469] [bad_actor]: Sending [MALICIOUS] Command (Subject 99)
[WARN] [1770277993.860073142] [ngac_gatekeeper]: [BLOCK] Time: 1160 ns | Unauthorized Subject 99
[INFO] [1770277991.869618446] [bad_actor]: Sending [VALID] Command (Subject 1)
[INFO] [1770277991.871020400] [ngac_gatekeeper]: [PASS] Time: 511 ns | Cmd forwarded
[INFO] [1770277992.372358072] [bad_actor]: Sending [MALICIOUS] Command (Subject 99)
[WARN] [1770277992.373592599] [ngac_gatekeeper]: [BLOCK] Time: 1061 ns | Unauthorized Subject 99
[INFO] [1770277992.878457477] [bad_actor]: Sending [VALID] Command (Subject 1)
[INFO] [1770277992.879490235] [ngac_gatekeeper]: [PASS] Time: 600 ns | Cmd forwarded
[INFO] [1770277993.377623266] [bad_actor]: Sending [MALICIOUS] Command (Subject 99)
[WARN] [1770277993.379115916] [ngac_gatekeeper]: [BLOCK] Time: 808 ns | Unauthorized Subject 99
[INFO] [1770277993.850066932] [bad_actor]: Sending [VALID] Command (Subject 1)
[INFO] [1770277993.850940240] [ngac_gatekeeper]: [PASS] Time: 707 ns | Cmd forwarded
[INFO] [1770277994.380522638] [bad_actor]: Sending [MALICIOUS] Command (Subject 99)
[WARN] [1770277994.381615615] [ngac_gatekeeper]: [BLOCK] Time: 880 ns | Unauthorized Subject 99
[INFO] [1770277994.850130418] [bad_actor]: Sending [VALID] Command (Subject 1)
[INFO] [1770277994.851413923] [ngac_gatekeeper]: [PASS] Time: 639 ns | Cmd forwarded
[INFO] [1770277995.372790370] [bad_actor]: Sending [MALICIOUS] Command (Subject 99)
[WARN] [1770277995.374110303] [ngac_gatekeeper]: [BLOCK] Time: 724 ns | Unauthorized Subject 99
[INFO] [1770277995.868613136] [bad_actor]: Sending [VALID] Command (Subject 1)
[INFO] [1770277995.869707322] [ngac_gatekeeper]: [PASS] Time: 669 ns | Cmd forwarded
[INFO] [1770277996.378263276] [bad_actor]: Sending [MALICIOUS] Command (Subject 99)
[WARN] [1770277996.379584762] [ngac_gatekeeper]: [BLOCK] Time: 546 ns | Unauthorized Subject 99
[INFO] [1770277996.864811644] [bad_actor]: Sending [VALID] Command (Subject 1)
[INFO] [1770277996.865840372] [ngac_gatekeeper]: [PASS] Time: 561 ns | Cmd forwarded
[INFO] [1770277997.367652417] [bad_actor]: Sending [MALICIOUS] Command (Subject 99)
[WARN] [1770277997.368489237] [ngac_gatekeeper]: [BLOCK] Time: 535 ns | Unauthorized Subject 99
[INFO] [1770277997.841148279] [bad_actor]: Sending [VALID] Command (Subject 1)
[INFO] [1770277997.842163599] [ngac_gatekeeper]: [PASS] Time: 670 ns | Cmd forwarded
[INFO] [1770277998.341343232] [bad_actor]: Sending [MALICIOUS] Command (Subject 99)
[WARN] [1770277998.342844697] [ngac_gatekeeper]: [BLOCK] Time: 644 ns | Unauthorized Subject 99
[INFO] [1770277998.846657384] [bad_actor]: Sending [VALID] Command (Subject 1)
[INFO] [1770277998.848087706] [ngac_gatekeeper]: [PASS] Time: 856 ns | Cmd forwarded
[INFO] [1770277999.341848367] [bad_actor]: Sending [MALICIOUS] Command (Subject 99)
[WARN] [1770277999.342841505] [ngac_gatekeeper]: [BLOCK] Time: 676 ns | Unauthorized Subject 99
[INFO] [1770277999.841303311] [bad_actor]: Sending [VALID] Command (Subject 1)
[INFO] [1770277999.842428965] [ngac_gatekeeper]: [PASS] Time: 591 ns | Cmd forwarded
[INFO] [1770278000.352300384] [bad_actor]: Sending [MALICIOUS] Command (Subject 99)
[WARN] [1770278000.353611661] [ngac_gatekeeper]: [BLOCK] Time: 1124 ns | Unauthorized Subject 99
[INFO] [1770278000.853621586] [bad_actor]: Sending [VALID] Command (Subject 1)
[INFO] [1770278000.854622716] [ngac_gatekeeper]: [PASS] Time: 580 ns | Cmd forwarded
[INFO] [1770278001.341299524] [bad_actor]: Sending [MALICIOUS] Command (Subject 99)
[WARN] [1770278001.342612638] [ngac_gatekeeper]: [BLOCK] Time: 616 ns | Unauthorized Subject 99
[INFO] [1770278001.841852171] [bad_actor]: Sending [VALID] Command (Subject 1)
[INFO] [1770278001.843141727] [ngac_gatekeeper]: [PASS] Time: 726 ns | Cmd forwarded
[INFO] [1770278002.341697504] [bad_actor]: Sending [MALICIOUS] Command (Subject 99)
[WARN] [1770278002.342667997] [ngac_gatekeeper]: [BLOCK] Time: 1366 ns | Unauthorized Subject 99
[INFO] [1770278002.852483010] [bad_actor]: Sending [VALID] Command (Subject 1)
[INFO] [1770278002.853582422] [ngac_gatekeeper]: [PASS] Time: 1294 ns | Cmd forwarded
[INFO] [1770278003.349800517] [bad_actor]: Sending [MALICIOUS] Command (Subject 99)
[WARN] [1770278003.350864845] [ngac_gatekeeper]: [BLOCK] Time: 1285 ns | Unauthorized Subject 99
[INFO] [1770278003.847512188] [bad_actor]: Sending [VALID] Command (Subject 1)
[INFO] [1770278003.849102735] [ngac_gatekeeper]: [PASS] Time: 774 ns | Cmd forwarded
[INFO] [1770278004.345374725] [bad_actor]: Sending [MALICIOUS] Command (Subject 99)
[WARN] [1770278004.346731113] [ngac_gatekeeper]: [BLOCK] Time: 690 ns | Unauthorized Subject 99
[INFO] [1770278004.842394261] [bad_actor]: Sending [VALID] Command (Subject 1)
[INFO] [1770278004.843315400] [ngac_gatekeeper]: [PASS] Time: 619 ns | Cmd forwarded
[INFO] [1770278005.361823213] [bad_actor]: Sending [MALICIOUS] Command (Subject 99)
[WARN] [1770278005.362914291] [ngac_gatekeeper]: [BLOCK] Time: 1485 ns | Unauthorized Subject 99
[INFO] [1770278005.849260758] [bad_actor]: Sending [VALID] Command (Subject 1)
[INFO] [1770278005.850560217] [ngac_gatekeeper]: [PASS] Time: 756 ns | Cmd forwarded
[INFO] [1770278006.345734110] [bad_actor]: Sending [MALICIOUS] Command (Subject 99)
[WARN] [1770278006.346938652] [ngac_gatekeeper]: [BLOCK] Time: 663 ns | Unauthorized Subject 99
[INFO] [1770278006.857289411] [bad_actor]: Sending [VALID] Command (Subject 1)
[INFO] [1770278006.858301153] [ngac_gatekeeper]: [PASS] Time: 518 ns | Cmd forwarded
[INFO] [1770278007.348288183] [bad_actor]: Sending [MALICIOUS] Command (Subject 99)
[WARN] [1770278007.349482847] [ngac_gatekeeper]: [BLOCK] Time: 500 ns | Unauthorized Subject 99
[INFO] [1770278007.846226510] [bad_actor]: Sending [VALID] Command (Subject 1)
[INFO] [1770278007.847394876] [ngac_gatekeeper]: [PASS] Time: 988 ns | Cmd forwarded
[INFO] [1770278008.352230815] [bad_actor]: Sending [MALICIOUS] Command (Subject 99)
[WARN] [1770278008.353756251] [ngac_gatekeeper]: [BLOCK] Time: 1047 ns | Unauthorized Subject 99
[INFO] [1770278008.850894378] [bad_actor]: Sending [VALID] Command (Subject 1)
[INFO] [1770278008.852354400] [ngac_gatekeeper]: [PASS] Time: 1336 ns | Cmd forwarded
[INFO] [1770278009.350277004] [bad_actor]: Sending [MALICIOUS] Command (Subject 99)
[WARN] [1770278009.351637843] [ngac_gatekeeper]: [BLOCK] Time: 969 ns | Unauthorized Subject 99
[INFO] [1770278009.849817852] [bad_actor]: Sending [VALID] Command (Subject 1)
[INFO] [1770278009.850847873] [ngac_gatekeeper]: [PASS] Time: 1558 ns | Cmd forwarded
[INFO] [1770278010.347767346] [bad_actor]: Sending [MALICIOUS] Command (Subject 99)
[WARN] [1770278010.399327360] [ngac_gatekeeper]: [BLOCK] Time: 1013 ns | Unauthorized Subject 99
[INFO] [1770278010.846029503] [bad_actor]: Sending [VALID] Command (Subject 1)
[INFO] [1770278010.846720600] [ngac_gatekeeper]: [PASS] Time: 679 ns | Cmd forwarded
[INFO] [1770278011.343221288] [bad_actor]: Sending [MALICIOUS] Command (Subject 99)
[WARN] [1770278011.344449978] [ngac_gatekeeper]: [BLOCK] Time: 580 ns | Unauthorized Subject 99
[INFO] [1770278011.854634198] [bad_actor]: Sending [VALID] Command (Subject 1)
[INFO] [1770278011.855705907] [ngac_gatekeeper]: [PASS] Time: 542 ns | Cmd forwarded
[INFO] [1770278012.341429310] [bad_actor]: Sending [MALICIOUS] Command (Subject 99)
[WARN] [1770278012.342553349] [ngac_gatekeeper]: [BLOCK] Time: 1464 ns | Unauthorized Subject 99
[INFO] [1770278012.841741628] [bad_actor]: Sending [VALID] Command (Subject 1)
[INFO] [1770278012.842861318] [ngac_gatekeeper]: [PASS] Time: 488 ns | Cmd forwarded
[INFO] [1770278013.370530270] [bad_actor]: Sending [MALICIOUS] Command (Subject 99)
[WARN] [1770278013.371551352] [ngac_gatekeeper]: [BLOCK] Time: 586 ns | Unauthorized Subject 99
[INFO] [1770278013.849216081] [bad_actor]: Sending [VALID] Command (Subject 1)
[INFO] [1770278013.850121802] [ngac_gatekeeper]: [PASS] Time: 696 ns | Cmd forwarded
[INFO] [1770278014.341565335] [bad_actor]: Sending [MALICIOUS] Command (Subject 99)
[WARN] [1770278014.342605948] [ngac_gatekeeper]: [BLOCK] Time: 553 ns | Unauthorized Subject 99
[INFO] [1770278014.841129986] [bad_actor]: Sending [VALID] Command (Subject 1)
[INFO] [1770278014.842316031] [ngac_gatekeeper]: [PASS] Time: 646 ns | Cmd forwarded
[INFO] [1770278015.341528013] [bad_actor]: Sending [MALICIOUS] Command (Subject 99)
[WARN] [1770278015.343072318] [ngac_gatekeeper]: [BLOCK] Time: 1382 ns | Unauthorized Subject 99
[INFO] [1770278015.841692069] [bad_actor]: Sending [VALID] Command (Subject 1)
[INFO] [1770278015.842630929] [ngac_gatekeeper]: [PASS] Time: 576 ns | Cmd forwarded
[INFO] [1770278016.342840127] [bad_actor]: Sending [MALICIOUS] Command (Subject 99)
[WARN] [1770278016.344134027] [ngac_gatekeeper]: [BLOCK] Time: 1482 ns | Unauthorized Subject 99
[INFO] [1770278016.845345989] [bad_actor]: Sending [VALID] Command (Subject 1)
[INFO] [1770278016.846556753] [ngac_gatekeeper]: [PASS] Time: 1993 ns | Cmd forwarded
[INFO] [1770278017.343276909] [bad_actor]: Sending [MALICIOUS] Command (Subject 99)
[WARN] [1770278017.344362284] [ngac_gatekeeper]: [BLOCK] Time: 1257 ns | Unauthorized Subject 99
[INFO] [1770278017.842293121] [bad_actor]: Sending [VALID] Command (Subject 1)
[INFO] [1770278017.843868418] [ngac_gatekeeper]: [PASS] Time: 546 ns | Cmd forwarded
[INFO] [1770278018.361644103] [bad_actor]: Sending [MALICIOUS] Command (Subject 99)
[WARN] [1770278018.362818397] [ngac_gatekeeper]: [BLOCK] Time: 805 ns | Unauthorized Subject 99
[INFO] [1770278018.847044951] [bad_actor]: Sending [VALID] Command (Subject 1)
[INFO] [1770278018.848149512] [ngac_gatekeeper]: [PASS] Time: 646 ns | Cmd forwarded
[INFO] [1770278019.369872070] [bad_actor]: Sending [MALICIOUS] Command (Subject 99)
[WARN] [1770278019.370909159] [ngac_gatekeeper]: [BLOCK] Time: 496 ns | Unauthorized Subject 99
[INFO] [1770278019.878886779] [bad_actor]: Sending [VALID] Command (Subject 1)
[INFO] [1770278019.880091192] [ngac_gatekeeper]: [PASS] Time: 713 ns | Cmd forwarded
[INFO] [1770278020.378273088] [bad_actor]: Sending [MALICIOUS] Command (Subject 99)
[WARN] [1770278020.379301119] [ngac_gatekeeper]: [BLOCK] Time: 540 ns | Unauthorized Subject 99
[INFO] [1770278020.877893726] [bad_actor]: Sending [VALID] Command (Subject 1)
[INFO] [1770278020.879046230] [ngac_gatekeeper]: [PASS] Time: 677 ns | Cmd forwarded
[INFO] [1770278021.378229579] [bad_actor]: Sending [MALICIOUS] Command (Subject 99)
[WARN] [1770278021.379583324] [ngac_gatekeeper]: [BLOCK] Time: 1810 ns | Unauthorized Subject 99
[INFO] [1770278021.849113769] [bad_actor]: Sending [VALID] Command (Subject 1)
[INFO] [1770278021.850434652] [ngac_gatekeeper]: [PASS] Time: 634 ns | Cmd forwarded
[INFO] [1770278022.371328119] [bad_actor]: Sending [MALICIOUS] Command (Subject 99)
[WARN] [1770278022.372507136] [ngac_gatekeeper]: [BLOCK] Time: 538 ns | Unauthorized Subject 99
[INFO] [1770278022.844991381] [bad_actor]: Sending [VALID] Command (Subject 1)
[INFO] [1770278022.845963704] [ngac_gatekeeper]: [PASS] Time: 505 ns | Cmd forwarded
[INFO] [1770278023.352224256] [bad_actor]: Sending [MALICIOUS] Command (Subject 99)
[WARN] [1770278023.353358658] [ngac_gatekeeper]: [BLOCK] Time: 1139 ns | Unauthorized Subject 99
[INFO] [1770278021.367977577] [bad_actor]: Sending [VALID] Command (Subject 1)
[INFO] [1770278021.369352320] [ngac_gatekeeper]: [PASS] Time: 612 ns | Cmd forwarded
[INFO] [1770278021.871810611] [bad_actor]: Sending [MALICIOUS] Command (Subject 99)
[WARN] [1770278021.872970152] [ngac_gatekeeper]: [BLOCK] Time: 512 ns | Unauthorized Subject 99
[INFO] [1770278022.371871110] [bad_actor]: Sending [VALID] Command (Subject 1)
[INFO] [1770278022.373035454] [ngac_gatekeeper]: [PASS] Time: 780 ns | Cmd forwarded
[INFO] [1770278022.861292576] [bad_actor]: Sending [MALICIOUS] Command (Subject 99)
[WARN] [1770278022.862680556] [ngac_gatekeeper]: [BLOCK] Time: 604 ns | Unauthorized Subject 99
[INFO] [1770278023.364532759] [bad_actor]: Sending [VALID] Command (Subject 1)
[INFO] [1770278023.366390943] [ngac_gatekeeper]: [PASS] Time: 1363 ns | Cmd forwarded
[INFO] [1770278023.872083025] [bad_actor]: Sending [MALICIOUS] Command (Subject 99)
[WARN] [1770278023.873311751] [ngac_gatekeeper]: [BLOCK] Time: 509 ns | Unauthorized Subject 99
[INFO] [1770278024.371528903] [bad_actor]: Sending [VALID] Command (Subject 1)
[INFO] [1770278024.372703103] [ngac_gatekeeper]: [PASS] Time: 649 ns | Cmd forwarded
[INFO] [1770278024.871540997] [bad_actor]: Sending [MALICIOUS] Command (Subject 99)
[WARN] [1770278024.872808366] [ngac_gatekeeper]: [BLOCK] Time: 497 ns | Unauthorized Subject 99
[INFO] [1770278025.370319339] [bad_actor]: Sending [VALID] Command (Subject 1)
[INFO] [1770278025.371280354] [ngac_gatekeeper]: [PASS] Time: 880 ns | Cmd forwarded
[INFO] [1770278025.869139041] [bad_actor]: Sending [MALICIOUS] Command (Subject 99)
[WARN] [1770278025.870138520] [ngac_gatekeeper]: [BLOCK] Time: 639 ns | Unauthorized Subject 99
[INFO] [1770278026.361025636] [bad_actor]: Sending [VALID] Command (Subject 1)
[INFO] [1770278026.362281267] [ngac_gatekeeper]: [PASS] Time: 556 ns | Cmd forwarded
[INFO] [1770278026.861134672] [bad_actor]: Sending [MALICIOUS] Command (Subject 99)
[WARN] [1770278026.862275483] [ngac_gatekeeper]: [BLOCK] Time: 600 ns | Unauthorized Subject 99
[INFO] [1770278027.361532468] [bad_actor]: Sending [VALID] Command (Subject 1)
[INFO] [1770278027.362573623] [ngac_gatekeeper]: [PASS] Time: 1347 ns | Cmd forwarded
[INFO] [1770278027.861779910] [bad_actor]: Sending [MALICIOUS] Command (Subject 99)
[WARN] [1770278027.862875123] [ngac_gatekeeper]: [BLOCK] Time: 568 ns | Unauthorized Subject 99
[INFO] [1770278028.361026621] [bad_actor]: Sending [VALID] Command (Subject 1)
[INFO] [1770278028.362320271] [ngac_gatekeeper]: [PASS] Time: 855 ns | Cmd forwarded
[INFO] [1770278028.861346483] [bad_actor]: Sending [MALICIOUS] Command (Subject 99)
[WARN] [1770278028.862609832] [ngac_gatekeeper]: [BLOCK] Time: 671 ns | Unauthorized Subject 99
[INFO] [1770278029.361625582] [bad_actor]: Sending [VALID] Command (Subject 1)
[INFO] [1770278029.362805123] [ngac_gatekeeper]: [PASS] Time: 1922 ns | Cmd forwarded
[INFO] [1770278029.861202227] [bad_actor]: Sending [MALICIOUS] Command (Subject 99)
[WARN] [1770278029.862512425] [ngac_gatekeeper]: [BLOCK] Time: 599 ns | Unauthorized Subject 99
[INFO] [1770278030.373187532] [bad_actor]: Sending [VALID] Command (Subject 1)
[INFO] [1770278030.374605228] [ngac_gatekeeper]: [PASS] Time: 627 ns | Cmd forwarded
[INFO] [1770278030.861714319] [bad_actor]: Sending [MALICIOUS] Command (Subject 99)
[WARN] [1770278030.862838875] [ngac_gatekeeper]: [BLOCK] Time: 568 ns | Unauthorized Subject 99
[INFO] [1770278031.371279980] [bad_actor]: Sending [VALID] Command (Subject 1)
[INFO] [1770278031.372303702] [ngac_gatekeeper]: [PASS] Time: 615 ns | Cmd forwarded
[INFO] [1770278031.860945324] [bad_actor]: Sending [MALICIOUS] Command (Subject 99)
[WARN] [1770278031.861987117] [ngac_gatekeeper]: [BLOCK] Time: 561 ns | Unauthorized Subject 99
[INFO] [1770278032.363433360] [bad_actor]: Sending [VALID] Command (Subject 1)
[INFO] [1770278032.364698691] [ngac_gatekeeper]: [PASS] Time: 739 ns | Cmd forwarded
[INFO] [1770278032.861235977] [bad_actor]: Sending [MALICIOUS] Command (Subject 99)
[WARN] [1770278032.862455779] [ngac_gatekeeper]: [BLOCK] Time: 576 ns | Unauthorized Subject 99
[INFO] [1770278033.364277740] [bad_actor]: Sending [VALID] Command (Subject 1)
[INFO] [1770278033.365457779] [ngac_gatekeeper]: [PASS] Time: 967 ns | Cmd forwarded
[INFO] [1770278033.864863068] [bad_actor]: Sending [MALICIOUS] Command (Subject 99)
[WARN] [1770278033.866066881] [ngac_gatekeeper]: [BLOCK] Time: 525 ns | Unauthorized Subject 99
[INFO] [1770278034.371003189] [bad_actor]: Sending [VALID] Command (Subject 1)
[INFO] [1770278034.372248922] [ngac_gatekeeper]: [PASS] Time: 666 ns | Cmd forwarded
[INFO] [1770278034.869646074] [bad_actor]: Sending [MALICIOUS] Command (Subject 99)
[WARN] [1770278034.870559933] [ngac_gatekeeper]: [BLOCK] Time: 542 ns | Unauthorized Subject 99
[INFO] [1770278035.363401087] [bad_actor]: Sending [VALID] Command (Subject 1)
[INFO] [1770278035.364539295] [ngac_gatekeeper]: [PASS] Time: 610 ns | Cmd forwarded
[INFO] [1770278035.874702742] [bad_actor]: Sending [MALICIOUS] Command (Subject 99)
[WARN] [1770278035.876554854] [ngac_gatekeeper]: [BLOCK] Time: 668 ns | Unauthorized Subject 99
[INFO] [1770278036.373191260] [bad_actor]: Sending [VALID] Command (Subject 1)
[INFO] [1770278036.374423581] [ngac_gatekeeper]: [PASS] Time: 709 ns | Cmd forwarded
[INFO] [1770278036.871911821] [bad_actor]: Sending [MALICIOUS] Command (Subject 99)
[WARN] [1770278036.872952713] [ngac_gatekeeper]: [BLOCK] Time: 850 ns | Unauthorized Subject 99
[INFO] [1770278037.373546351] [bad_actor]: Sending [VALID] Command (Subject 1)
[INFO] [1770278037.374590919] [ngac_gatekeeper]: [PASS] Time: 1347 ns | Cmd forwarded
[INFO] [1770278037.875028228] [bad_actor]: Sending [MALICIOUS] Command (Subject 99)
[WARN] [1770278037.876032677] [ngac_gatekeeper]: [BLOCK] Time: 1115 ns | Unauthorized Subject 99
[INFO] [1770278038.373056888] [bad_actor]: Sending [VALID] Command (Subject 1)
[INFO] [1770278038.374356262] [ngac_gatekeeper]: [PASS] Time: 656 ns | Cmd forwarded
[INFO] [1770278038.872053083] [bad_actor]: Sending [MALICIOUS] Command (Subject 99)
[WARN] [1770278038.873259627] [ngac_gatekeeper]: [BLOCK] Time: 815 ns | Unauthorized Subject 99
[INFO] [1770278039.371075785] [bad_actor]: Sending [VALID] Command (Subject 1)
[INFO] [1770278039.372604169] [ngac_gatekeeper]: [PASS] Time: 1154 ns | Cmd forwarded
[INFO] [1770278039.870483374] [bad_actor]: Sending [MALICIOUS] Command (Subject 99)
[WARN] [1770278039.871532257] [ngac_gatekeeper]: [BLOCK] Time: 517 ns | Unauthorized Subject 99
[INFO] [1770278040.369012859] [bad_actor]: Sending [VALID] Command (Subject 1)
[INFO] [1770278040.370802312] [ngac_gatekeeper]: [PASS] Time: 1682 ns | Cmd forwarded
[INFO] [1770278040.867020088] [bad_actor]: Sending [MALICIOUS] Command (Subject 99)
[WARN] [1770278040.875067120] [ngac_gatekeeper]: [BLOCK] Time: 4609 ns | Unauthorized Subject 99
[INFO] [1770278041.364805380] [bad_actor]: Sending [VALID] Command (Subject 1)
[INFO] [1770278041.366209501] [ngac_gatekeeper]: [PASS] Time: 656 ns | Cmd forwarded
[INFO] [1770278041.861263937] [bad_actor]: Sending [MALICIOUS] Command (Subject 99)
[WARN] [1770278041.862451184] [ngac_gatekeeper]: [BLOCK] Time: 566 ns | Unauthorized Subject 99
[INFO] [1770278042.380496874] [bad_actor]: Sending [VALID] Command (Subject 1)
[INFO] [1770278042.381621195] [ngac_gatekeeper]: [PASS] Time: 898 ns | Cmd forwarded
[INFO] [1770278042.899669039] [bad_actor]: Sending [MALICIOUS] Command (Subject 99)
[WARN] [1770278042.900643778] [ngac_gatekeeper]: [BLOCK] Time: 529 ns | Unauthorized Subject 99
[INFO] [1770278043.369115854] [bad_actor]: Sending [VALID] Command (Subject 1)
[INFO] [1770278043.370626208] [ngac_gatekeeper]: [PASS] Time: 2165 ns | Cmd forwarded
[INFO] [1770278043.889445785] [bad_actor]: Sending [MALICIOUS] Command (Subject 99)
[WARN] [1770278043.890491246] [ngac_gatekeeper]: [BLOCK] Time: 537 ns | Unauthorized Subject 99
[INFO] [1770278044.392350512] [bad_actor]: Sending [VALID] Command (Subject 1)
[INFO] [1770278044.393479370] [ngac_gatekeeper]: [PASS] Time: 635 ns | Cmd forwarded
[INFO] [1770278044.874161283] [bad_actor]: Sending [MALICIOUS] Command (Subject 99)
[WARN] [1770278044.875970347] [ngac_gatekeeper]: [BLOCK] Time: 637 ns | Unauthorized Subject 99
[INFO] [1770278045.373523541] [bad_actor]: Sending [VALID] Command (Subject 1)
[INFO] [1770278045.375067403] [ngac_gatekeeper]: [PASS] Time: 714 ns | Cmd forwarded
[INFO] [1770278045.871085890] [bad_actor]: Sending [MALICIOUS] Command (Subject 99)
[WARN] [1770278045.872034403] [ngac_gatekeeper]: [BLOCK] Time: 679 ns | Unauthorized Subject 99
[INFO] [1770278046.392282490] [bad_actor]: Sending [VALID] Command (Subject 1)
[INFO] [1770278046.393314754] [ngac_gatekeeper]: [PASS] Time: 625 ns | Cmd forwarded
[INFO] [1770278046.870189174] [bad_actor]: Sending [MALICIOUS] Command (Subject 99)
[WARN] [1770278046.871634207] [ngac_gatekeeper]: [BLOCK] Time: 688 ns | Unauthorized Subject 99
[INFO] [1770278047.368709414] [bad_actor]: Sending [VALID] Command (Subject 1)
[INFO] [1770278047.370615783] [ngac_gatekeeper]: [PASS] Time: 1623 ns | Cmd forwarded
[INFO] [1770278047.867495602] [bad_actor]: Sending [MALICIOUS] Command (Subject 99)
[WARN] [1770278047.868890185] [ngac_gatekeeper]: [BLOCK] Time: 774 ns | Unauthorized Subject 99
[INFO] [1770278048.400125403] [bad_actor]: Sending [VALID] Command (Subject 1)
[INFO] [1770278048.401538762] [ngac_gatekeeper]: [PASS] Time: 588 ns | Cmd forwarded
[INFO] [1770278048.864708906] [bad_actor]: Sending [MALICIOUS] Command (Subject 99)
[WARN] [1770278048.865810896] [ngac_gatekeeper]: [BLOCK] Time: 834 ns | Unauthorized Subject 99
[INFO] [1770278049.395158337] [bad_actor]: Sending [VALID] Command (Subject 1)
[INFO] [1770278049.396614899] [ngac_gatekeeper]: [PASS] Time: 591 ns | Cmd forwarded
[INFO] [1770278049.862017591] [bad_actor]: Sending [MALICIOUS] Command (Subject 99)
[WARN] [1770278049.863366495] [ngac_gatekeeper]: [BLOCK] Time: 811 ns | Unauthorized Subject 99
[INFO] [1770278050.400644609] [bad_actor]: Sending [VALID] Command (Subject 1)
[INFO] [1770278050.401879324] [ngac_gatekeeper]: [PASS] Time: 1936 ns | Cmd forwarded
[INFO] [1770278050.863693709] [bad_actor]: Sending [MALICIOUS] Command (Subject 99)
[WARN] [1770278050.864843389] [ngac_gatekeeper]: [BLOCK] Time: 519 ns | Unauthorized Subject 99
[INFO] [1770278051.366147910] [bad_actor]: Sending [VALID] Command (Subject 1)
[INFO] [1770278051.367615721] [ngac_gatekeeper]: [PASS] Time: 972 ns | Cmd forwarded
[INFO] [1770278051.900847097] [bad_actor]: Sending [MALICIOUS] Command (Subject 99)
[WARN] [1770278051.901910843] [ngac_gatekeeper]: [BLOCK] Time: 1402 ns | Unauthorized Subject 99
[INFO] [1770278052.394796338] [bad_actor]: Sending [VALID] Command (Subject 1)
[INFO] [1770278052.395585034] [ngac_gatekeeper]: [PASS] Time: 650 ns | Cmd forwarded
[INFO] [1770278052.888049260] [bad_actor]: Sending [MALICIOUS] Command (Subject 99)
[WARN] [1770278052.889333697] [ngac_gatekeeper]: [BLOCK] Time: 988 ns | Unauthorized Subject 99
[INFO] [1770278053.398274728] [bad_actor]: Sending [VALID] Command (Subject 1)
[INFO] [1770278053.399075918] [ngac_gatekeeper]: [PASS] Time: 593 ns | Cmd forwarded
[INFO] [1770278051.406950939] [bad_actor]: Sending [MALICIOUS] Command (Subject 99)
[WARN] [1770278051.408290037] [ngac_gatekeeper]: [BLOCK] Time: 486 ns | Unauthorized Subject 99
[INFO] [1770278051.916242443] [bad_actor]: Sending [VALID] Command (Subject 1)
[INFO] [1770278051.917141394] [ngac_gatekeeper]: [PASS] Time: 678 ns | Cmd forwarded
[INFO] [1770278052.414819595] [bad_actor]: Sending [MALICIOUS] Command (Subject 99)
[WARN] [1770278052.415591046] [ngac_gatekeeper]: [BLOCK] Time: 534 ns | Unauthorized Subject 99
[INFO] [1770278052.886861676] [bad_actor]: Sending [VALID] Command (Subject 1)
[INFO] [1770278052.888385975] [ngac_gatekeeper]: [PASS] Time: 767 ns | Cmd forwarded
[INFO] [1770278053.404212622] [bad_actor]: Sending [MALICIOUS] Command (Subject 99)
[WARN] [1770278053.405439571] [ngac_gatekeeper]: [BLOCK] Time: 720 ns | Unauthorized Subject 99
[INFO] [1770278053.890433047] [bad_actor]: Sending [VALID] Command (Subject 1)
[INFO] [1770278053.891451571] [ngac_gatekeeper]: [PASS] Time: 643 ns | Cmd forwarded
[INFO] [1770278054.383470401] [bad_actor]: Sending [MALICIOUS] Command (Subject 99)
[WARN] [1770278054.384367582] [ngac_gatekeeper]: [BLOCK] Time: 585 ns | Unauthorized Subject 99
[INFO] [1770278054.882316727] [bad_actor]: Sending [VALID] Command (Subject 1)
[INFO] [1770278054.883787090] [ngac_gatekeeper]: [PASS] Time: 1123 ns | Cmd forwarded
[INFO] [1770278055.380048931] [bad_actor]: Sending [MALICIOUS] Command (Subject 99)
[WARN] [1770278055.381483499] [ngac_gatekeeper]: [BLOCK] Time: 566 ns | Unauthorized Subject 99
[INFO] [1770278055.881139590] [bad_actor]: Sending [VALID] Command (Subject 1)
[INFO] [1770278055.882126438] [ngac_gatekeeper]: [PASS] Time: 625 ns | Cmd forwarded
[INFO] [1770278056.405487733] [bad_actor]: Sending [MALICIOUS] Command (Subject 99)
[WARN] [1770278056.406588833] [ngac_gatekeeper]: [BLOCK] Time: 841 ns | Unauthorized Subject 99
[INFO] [1770278056.888579954] [bad_actor]: Sending [VALID] Command (Subject 1)
[INFO] [1770278056.889632135] [ngac_gatekeeper]: [PASS] Time: 634 ns | Cmd forwarded
[INFO] [1770278057.417592977] [bad_actor]: Sending [MALICIOUS] Command (Subject 99)
[WARN] [1770278057.418855171] [ngac_gatekeeper]: [BLOCK] Time: 562 ns | Unauthorized Subject 99
[INFO] [1770278057.914293978] [bad_actor]: Sending [VALID] Command (Subject 1)
[INFO] [1770278057.915644310] [ngac_gatekeeper]: [PASS] Time: 902 ns | Cmd forwarded
[INFO] [1770278058.416034423] [bad_actor]: Sending [MALICIOUS] Command (Subject 99)
[WARN] [1770278058.417751858] [ngac_gatekeeper]: [BLOCK] Time: 1095 ns | Unauthorized Subject 99
[INFO] [1770278058.911988193] [bad_actor]: Sending [VALID] Command (Subject 1)
[INFO] [1770278058.913151403] [ngac_gatekeeper]: [PASS] Time: 695 ns | Cmd forwarded
[INFO] [1770278059.404901380] [bad_actor]: Sending [MALICIOUS] Command (Subject 99)
[WARN] [1770278059.405934477] [ngac_gatekeeper]: [BLOCK] Time: 643 ns | Unauthorized Subject 99
[INFO] [1770278059.916155534] [bad_actor]: Sending [VALID] Command (Subject 1)
[INFO] [1770278059.917135303] [ngac_gatekeeper]: [PASS] Time: 540 ns | Cmd forwarded
[INFO] [1770278060.414809796] [bad_actor]: Sending [MALICIOUS] Command (Subject 99)
[WARN] [1770278060.416574397] [ngac_gatekeeper]: [BLOCK] Time: 936 ns | Unauthorized Subject 99
[INFO] [1770278060.886916321] [bad_actor]: Sending [VALID] Command (Subject 1)
[INFO] [1770278060.888467495] [ngac_gatekeeper]: [PASS] Time: 614 ns | Cmd forwarded
[INFO] [1770278061.381430331] [bad_actor]: Sending [MALICIOUS] Command (Subject 99)
[WARN] [1770278061.382627787] [ngac_gatekeeper]: [BLOCK] Time: 559 ns | Unauthorized Subject 99
[INFO] [1770278061.903300484] [bad_actor]: Sending [VALID] Command (Subject 1)
[INFO] [1770278061.904324942] [ngac_gatekeeper]: [PASS] Time: 540 ns | Cmd forwarded
[INFO] [1770278062.403678995] [bad_actor]: Sending [MALICIOUS] Command (Subject 99)
[WARN] [1770278062.404881863] [ngac_gatekeeper]: [BLOCK] Time: 516 ns | Unauthorized Subject 99
[INFO] [1770278062.889085017] [bad_actor]: Sending [VALID] Command (Subject 1)
[INFO] [1770278062.890205657] [ngac_gatekeeper]: [PASS] Time: 520 ns | Cmd forwarded
[INFO] [1770278063.390953922] [bad_actor]: Sending [MALICIOUS] Command (Subject 99)
[WARN] [1770278063.392148175] [ngac_gatekeeper]: [BLOCK] Time: 559 ns | Unauthorized Subject 99
[INFO] [1770278063.889838428] [bad_actor]: Sending [VALID] Command (Subject 1)
[INFO] [1770278063.891051104] [ngac_gatekeeper]: [PASS] Time: 515 ns | Cmd forwarded
[INFO] [1770278064.391124141] [bad_actor]: Sending [MALICIOUS] Command (Subject 99)
[WARN] [1770278064.392667693] [ngac_gatekeeper]: [BLOCK] Time: 684 ns | Unauthorized Subject 99
[INFO] [1770278064.886506940] [bad_actor]: Sending [VALID] Command (Subject 1)
[INFO] [1770278064.888051973] [ngac_gatekeeper]: [PASS] Time: 818 ns | Cmd forwarded
[INFO] [1770278065.401973958] [bad_actor]: Sending [MALICIOUS] Command (Subject 99)
[WARN] [1770278065.403162422] [ngac_gatekeeper]: [BLOCK] Time: 557 ns | Unauthorized Subject 99
[INFO] [1770278065.916807833] [bad_actor]: Sending [VALID] Command (Subject 1)
[INFO] [1770278065.918103368] [ngac_gatekeeper]: [PASS] Time: 661 ns | Cmd forwarded
[INFO] [1770278066.386689679] [bad_actor]: Sending [MALICIOUS] Command (Subject 99)
[WARN] [1770278066.473641101] [ngac_gatekeeper]: [BLOCK] Time: 717 ns | Unauthorized Subject 99
[INFO] [1770278066.882130357] [bad_actor]: Sending [VALID] Command (Subject 1)
[INFO] [1770278066.883180992] [ngac_gatekeeper]: [PASS] Time: 752 ns | Cmd forwarded
[INFO] [1770278067.389699355] [bad_actor]: Sending [MALICIOUS] Command (Subject 99)
[WARN] [1770278067.390722344] [ngac_gatekeeper]: [BLOCK] Time: 1108 ns | Unauthorized Subject 99
[INFO] [1770278067.890331150] [bad_actor]: Sending [VALID] Command (Subject 1)
[INFO] [1770278067.891713054] [ngac_gatekeeper]: [PASS] Time: 522 ns | Cmd forwarded
[INFO] [1770278068.403467429] [bad_actor]: Sending [MALICIOUS] Command (Subject 99)
[WARN] [1770278068.404799423] [ngac_gatekeeper]: [BLOCK] Time: 576 ns | Unauthorized Subject 99
[INFO] [1770278068.880723654] [bad_actor]: Sending [VALID] Command (Subject 1)
[INFO] [1770278068.882030456] [ngac_gatekeeper]: [PASS] Time: 604 ns | Cmd forwarded
[INFO] [1770278069.390505394] [bad_actor]: Sending [MALICIOUS] Command (Subject 99)
[WARN] [1770278069.391626547] [ngac_gatekeeper]: [BLOCK] Time: 533 ns | Unauthorized Subject 99
[INFO] [1770278069.881211187] [bad_actor]: Sending [VALID] Command (Subject 1)
[INFO] [1770278069.883009783] [ngac_gatekeeper]: [PASS] Time: 1536 ns | Cmd forwarded
[INFO] [1770278070.389682695] [bad_actor]: Sending [MALICIOUS] Command (Subject 99)
[WARN] [1770278070.390968708] [ngac_gatekeeper]: [BLOCK] Time: 1309 ns | Unauthorized Subject 99
[INFO] [1770278070.889440057] [bad_actor]: Sending [VALID] Command (Subject 1)
[INFO] [1770278070.890956305] [ngac_gatekeeper]: [PASS] Time: 1412 ns | Cmd forwarded
[INFO] [1770278071.387589576] [bad_actor]: Sending [MALICIOUS] Command (Subject 99)
[WARN] [1770278071.389185256] [ngac_gatekeeper]: [BLOCK] Time: 552 ns | Unauthorized Subject 99
[INFO] [1770278071.880666050] [bad_actor]: Sending [VALID] Command (Subject 1)
[INFO] [1770278071.893982557] [ngac_gatekeeper]: [PASS] Time: 7312 ns | Cmd forwarded
[INFO] [1770278072.388574568] [bad_actor]: Sending [MALICIOUS] Command (Subject 99)
[WARN] [1770278072.390265137] [ngac_gatekeeper]: [BLOCK] Time: 801 ns | Unauthorized Subject 99
[INFO] [1770278072.887573142] [bad_actor]: Sending [VALID] Command (Subject 1)
[INFO] [1770278072.889017840] [ngac_gatekeeper]: [PASS] Time: 769 ns | Cmd forwarded
[INFO] [1770278073.391364275] [bad_actor]: Sending [MALICIOUS] Command (Subject 99)
[WARN] [1770278073.392545493] [ngac_gatekeeper]: [BLOCK] Time: 496 ns | Unauthorized Subject 99
[INFO] [1770278073.909402216] [bad_actor]: Sending [VALID] Command (Subject 1)
[INFO] [1770278073.910826702] [ngac_gatekeeper]: [PASS] Time: 896 ns | Cmd forwarded
[INFO] [1770278074.402620124] [bad_actor]: Sending [MALICIOUS] Command (Subject 99)
[WARN] [1770278074.403981548] [ngac_gatekeeper]: [BLOCK] Time: 559 ns | Unauthorized Subject 99
[INFO] [1770278074.915986289] [bad_actor]: Sending [VALID] Command (Subject 1)
[INFO] [1770278074.917765448] [ngac_gatekeeper]: [PASS] Time: 1085 ns | Cmd forwarded
[INFO] [1770278075.414975273] [bad_actor]: Sending [MALICIOUS] Command (Subject 99)
[WARN] [1770278075.416157844] [ngac_gatekeeper]: [BLOCK] Time: 568 ns | Unauthorized Subject 99
[INFO] [1770278075.915715734] [bad_actor]: Sending [VALID] Command (Subject 1)
[INFO] [1770278075.916953908] [ngac_gatekeeper]: [PASS] Time: 648 ns | Cmd forwarded
[INFO] [1770278076.414989373] [bad_actor]: Sending [MALICIOUS] Command (Subject 99)
[WARN] [1770278076.416060392] [ngac_gatekeeper]: [BLOCK] Time: 565 ns | Unauthorized Subject 99
[INFO] [1770278076.886822340] [bad_actor]: Sending [VALID] Command (Subject 1)
[INFO] [1770278076.887939520] [ngac_gatekeeper]: [PASS] Time: 634 ns | Cmd forwarded
[INFO] [1770278077.402386639] [bad_actor]: Sending [MALICIOUS] Command (Subject 99)
[WARN] [1770278077.403621033] [ngac_gatekeeper]: [BLOCK] Time: 688 ns | Unauthorized Subject 99
[INFO] [1770278077.916822734] [bad_actor]: Sending [VALID] Command (Subject 1)
[INFO] [1770278077.918412201] [ngac_gatekeeper]: [PASS] Time: 2629 ns | Cmd forwarded
[INFO] [1770278078.386200772] [bad_actor]: Sending [MALICIOUS] Command (Subject 99)
[WARN] [1770278078.387619682] [ngac_gatekeeper]: [BLOCK] Time: 938 ns | Unauthorized Subject 99
[INFO] [1770278078.890960157] [bad_actor]: Sending [VALID] Command (Subject 1)
[INFO] [1770278078.892103784] [ngac_gatekeeper]: [PASS] Time: 565 ns | Cmd forwarded
[INFO] [1770278079.388841214] [bad_actor]: Sending [MALICIOUS] Command (Subject 99)
[WARN] [1770278079.390007900] [ngac_gatekeeper]: [BLOCK] Time: 1126 ns | Unauthorized Subject 99
[INFO] [1770278079.890934066] [bad_actor]: Sending [VALID] Command (Subject 1)
[INFO] [1770278079.892001605] [ngac_gatekeeper]: [PASS] Time: 582 ns | Cmd forwarded
[INFO] [1770278080.396067527] [bad_actor]: Sending [MALICIOUS] Command (Subject 99)
[WARN] [1770278080.397316834] [ngac_gatekeeper]: [BLOCK] Time: 572 ns | Unauthorized Subject 99
[INFO] [1770278080.888529848] [bad_actor]: Sending [VALID] Command (Subject 1)
[INFO] [1770278080.889786331] [ngac_gatekeeper]: [PASS] Time: 604 ns | Cmd forwarded
[INFO] [1770278081.387055128] [bad_actor]: Sending [MALICIOUS] Command (Subject 99)
[WARN] [1770278081.388199270] [ngac_gatekeeper]: [BLOCK] Time: 696 ns | Unauthorized Subject 99
[INFO] [1770278081.880043855] [bad_actor]: Sending [VALID] Command (Subject 1)
[INFO] [1770278081.881824181] [ngac_gatekeeper]: [PASS] Time: 1607 ns | Cmd forwarded
[INFO] [1770278082.389796777] [bad_actor]: Sending [MALICIOUS] Command (Subject 99)
[WARN] [1770278082.390904854] [ngac_gatekeeper]: [BLOCK] Time: 485 ns | Unauthorized Subject 99
[INFO] [1770278082.888898752] [bad_actor]: Sending [VALID] Command (Subject 1)
[INFO] [1770278082.889958663] [ngac_gatekeeper]: [PASS] Time: 619 ns | Cmd forwarded
[INFO] [1770278080.905235076] [bad_actor]: Sending [MALICIOUS] Command (Subject 99)
[WARN] [1770278080.906630855] [ngac_gatekeeper]: [BLOCK] Time: 662 ns | Unauthorized Subject 99
[INFO] [1770278081.408756446] [bad_actor]: Sending [VALID] Command (Subject 1)
[INFO] [1770278081.410115676] [ngac_gatekeeper]: [PASS] Time: 660 ns | Cmd forwarded
[INFO] [1770278081.909622082] [bad_actor]: Sending [MALICIOUS] Command (Subject 99)
[WARN] [1770278081.910716341] [ngac_gatekeeper]: [BLOCK] Time: 525 ns | Unauthorized Subject 99
[INFO] [1770278082.408092756] [bad_actor]: Sending [VALID] Command (Subject 1)
[INFO] [1770278082.409252923] [ngac_gatekeeper]: [PASS] Time: 685 ns | Cmd forwarded
[INFO] [1770278082.905594604] [bad_actor]: Sending [MALICIOUS] Command (Subject 99)
[WARN] [1770278082.907403817] [ngac_gatekeeper]: [BLOCK] Time: 1091 ns | Unauthorized Subject 99
[INFO] [1770278083.402430637] [bad_actor]: Sending [VALID] Command (Subject 1)
[INFO] [1770278083.403871757] [ngac_gatekeeper]: [PASS] Time: 732 ns | Cmd forwarded
[INFO] [1770278083.922750573] [bad_actor]: Sending [MALICIOUS] Command (Subject 99)
[WARN] [1770278083.923779195] [ngac_gatekeeper]: [BLOCK] Time: 552 ns | Unauthorized Subject 99
[INFO] [1770278084.406723286] [bad_actor]: Sending [VALID] Command (Subject 1)
[INFO] [1770278084.408099063] [ngac_gatekeeper]: [PASS] Time: 686 ns | Cmd forwarded
[INFO] [1770278084.907400898] [bad_actor]: Sending [MALICIOUS] Command (Subject 99)
[WARN] [1770278084.908773629] [ngac_gatekeeper]: [BLOCK] Time: 614 ns | Unauthorized Subject 99
[INFO] [1770278085.403379501] [bad_actor]: Sending [VALID] Command (Subject 1)
[INFO] [1770278085.404634060] [ngac_gatekeeper]: [PASS] Time: 666 ns | Cmd forwarded
[INFO] [1770278085.902384729] [bad_actor]: Sending [MALICIOUS] Command (Subject 99)
[WARN] [1770278085.903691786] [ngac_gatekeeper]: [BLOCK] Time: 935 ns | Unauthorized Subject 99
[INFO] [1770278086.403390709] [bad_actor]: Sending [VALID] Command (Subject 1)
[INFO] [1770278086.404537954] [ngac_gatekeeper]: [PASS] Time: 574 ns | Cmd forwarded
[INFO] [1770278086.903612509] [bad_actor]: Sending [MALICIOUS] Command (Subject 99)
[WARN] [1770278086.904781912] [ngac_gatekeeper]: [BLOCK] Time: 581 ns | Unauthorized Subject 99
[INFO] [1770278087.402092801] [bad_actor]: Sending [VALID] Command (Subject 1)
[INFO] [1770278087.403191962] [ngac_gatekeeper]: [PASS] Time: 1448 ns | Cmd forwarded
[INFO] [1770278087.907223381] [bad_actor]: Sending [MALICIOUS] Command (Subject 99)
[WARN] [1770278087.908562164] [ngac_gatekeeper]: [BLOCK] Time: 892 ns | Unauthorized Subject 99
[INFO] [1770278088.401795289] [bad_actor]: Sending [VALID] Command (Subject 1)
[INFO] [1770278088.403553673] [ngac_gatekeeper]: [PASS] Time: 835 ns | Cmd forwarded
[INFO] [1770278088.902303000] [bad_actor]: Sending [MALICIOUS] Command (Subject 99)
[WARN] [1770278088.903677249] [ngac_gatekeeper]: [BLOCK] Time: 641 ns | Unauthorized Subject 99
[INFO] [1770278089.399247394] [bad_actor]: Sending [VALID] Command (Subject 1)
[INFO] [1770278089.400590690] [ngac_gatekeeper]: [PASS] Time: 645 ns | Cmd forwarded
[INFO] [1770278089.914991005] [bad_actor]: Sending [MALICIOUS] Command (Subject 99)
[WARN] [1770278089.916095250] [ngac_gatekeeper]: [BLOCK] Time: 1267 ns | Unauthorized Subject 99
[INFO] [1770278090.401359023] [bad_actor]: Sending [VALID] Command (Subject 1)
[INFO] [1770278090.402413518] [ngac_gatekeeper]: [PASS] Time: 953 ns | Cmd forwarded
[INFO] [1770278090.903754890] [bad_actor]: Sending [MALICIOUS] Command (Subject 99)
[WARN] [1770278090.905516158] [ngac_gatekeeper]: [BLOCK] Time: 1186 ns | Unauthorized Subject 99
[INFO] [1770278091.401036496] [bad_actor]: Sending [VALID] Command (Subject 1)
[INFO] [1770278091.402045852] [ngac_gatekeeper]: [PASS] Time: 545 ns | Cmd forwarded
[INFO] [1770278091.900184149] [bad_actor]: Sending [MALICIOUS] Command (Subject 99)
[WARN] [1770278091.901012970] [ngac_gatekeeper]: [BLOCK] Time: 580 ns | Unauthorized Subject 99
[INFO] [1770278092.405981485] [bad_actor]: Sending [VALID] Command (Subject 1)
[INFO] [1770278092.407734242] [ngac_gatekeeper]: [PASS] Time: 546 ns | Cmd forwarded
[INFO] [1770278092.899416252] [bad_actor]: Sending [MALICIOUS] Command (Subject 99)
[WARN] [1770278092.900490004] [ngac_gatekeeper]: [BLOCK] Time: 502 ns | Unauthorized Subject 99
[INFO] [1770278093.406241274] [bad_actor]: Sending [VALID] Command (Subject 1)
[INFO] [1770278093.407381203] [ngac_gatekeeper]: [PASS] Time: 1215 ns | Cmd forwarded
[INFO] [1770278093.913891997] [bad_actor]: Sending [MALICIOUS] Command (Subject 99)
[WARN] [1770278093.914881124] [ngac_gatekeeper]: [BLOCK] Time: 792 ns | Unauthorized Subject 99
[INFO] [1770278094.402811318] [bad_actor]: Sending [VALID] Command (Subject 1)
[INFO] [1770278094.403886210] [ngac_gatekeeper]: [PASS] Time: 882 ns | Cmd forwarded
[INFO] [1770278094.912682880] [bad_actor]: Sending [MALICIOUS] Command (Subject 99)
[WARN] [1770278094.913802405] [ngac_gatekeeper]: [BLOCK] Time: 539 ns | Unauthorized Subject 99
[INFO] [1770278095.403934596] [bad_actor]: Sending [VALID] Command (Subject 1)
[INFO] [1770278095.405241069] [ngac_gatekeeper]: [PASS] Time: 986 ns | Cmd forwarded
[INFO] [1770278095.910260042] [bad_actor]: Sending [MALICIOUS] Command (Subject 99)
[WARN] [1770278095.911550356] [ngac_gatekeeper]: [BLOCK] Time: 582 ns | Unauthorized Subject 99
[INFO] [1770278096.399998649] [bad_actor]: Sending [VALID] Command (Subject 1)
[INFO] [1770278096.401172560] [ngac_gatekeeper]: [PASS] Time: 1322 ns | Cmd forwarded
[INFO] [1770278096.901326680] [bad_actor]: Sending [MALICIOUS] Command (Subject 99)
[WARN] [1770278096.902350375] [ngac_gatekeeper]: [BLOCK] Time: 782 ns | Unauthorized Subject 99
[INFO] [1770278097.399319450] [bad_actor]: Sending [VALID] Command (Subject 1)
[INFO] [1770278097.400971434] [ngac_gatekeeper]: [PASS] Time: 1086 ns | Cmd forwarded
[INFO] [1770278097.907997409] [bad_actor]: Sending [MALICIOUS] Command (Subject 99)
[WARN] [1770278097.909581338] [ngac_gatekeeper]: [BLOCK] Time: 623 ns | Unauthorized Subject 99
[INFO] [1770278098.403998319] [bad_actor]: Sending [VALID] Command (Subject 1)
[INFO] [1770278098.405207856] [ngac_gatekeeper]: [PASS] Time: 597 ns | Cmd forwarded
[INFO] [1770278098.905221794] [bad_actor]: Sending [MALICIOUS] Command (Subject 99)
[WARN] [1770278098.906329403] [ngac_gatekeeper]: [BLOCK] Time: 1268 ns | Unauthorized Subject 99
[INFO] [1770278099.404257538] [bad_actor]: Sending [VALID] Command (Subject 1)
[INFO] [1770278099.405531087] [ngac_gatekeeper]: [PASS] Time: 793 ns | Cmd forwarded
[INFO] [1770278099.902060134] [bad_actor]: Sending [MALICIOUS] Command (Subject 99)
[WARN] [1770278099.903679579] [ngac_gatekeeper]: [BLOCK] Time: 1534 ns | Unauthorized Subject 99
[INFO] [1770278100.400929625] [bad_actor]: Sending [VALID] Command (Subject 1)
[INFO] [1770278100.401958716] [ngac_gatekeeper]: [PASS] Time: 761 ns | Cmd forwarded
[INFO] [1770278100.903365922] [bad_actor]: Sending [MALICIOUS] Command (Subject 99)
[WARN] [1770278100.904783091] [ngac_gatekeeper]: [BLOCK] Time: 670 ns | Unauthorized Subject 99
[INFO] [1770278101.408506638] [bad_actor]: Sending [VALID] Command (Subject 1)
[INFO] [1770278101.409754541] [ngac_gatekeeper]: [PASS] Time: 1439 ns | Cmd forwarded
[INFO] [1770278101.906762073] [bad_actor]: Sending [MALICIOUS] Command (Subject 99)
[WARN] [1770278101.908530458] [ngac_gatekeeper]: [BLOCK] Time: 925 ns | Unauthorized Subject 99
[INFO] [1770278102.406279759] [bad_actor]: Sending [VALID] Command (Subject 1)
[INFO] [1770278102.407531349] [ngac_gatekeeper]: [PASS] Time: 501 ns | Cmd forwarded
[INFO] [1770278102.905477799] [bad_actor]: Sending [MALICIOUS] Command (Subject 99)
[WARN] [1770278102.906769069] [ngac_gatekeeper]: [BLOCK] Time: 658 ns | Unauthorized Subject 99
[INFO] [1770278103.402018898] [bad_actor]: Sending [VALID] Command (Subject 1)
[INFO] [1770278103.403452319] [ngac_gatekeeper]: [PASS] Time: 618 ns | Cmd forwarded
[INFO] [1770278103.900929565] [bad_actor]: Sending [MALICIOUS] Command (Subject 99)
[WARN] [1770278103.902075203] [ngac_gatekeeper]: [BLOCK] Time: 832 ns | Unauthorized Subject 99
[INFO] [1770278104.399390297] [bad_actor]: Sending [VALID] Command (Subject 1)
[INFO] [1770278104.400531648] [ngac_gatekeeper]: [PASS] Time: 517 ns | Cmd forwarded
[INFO] [1770278104.913074346] [bad_actor]: Sending [MALICIOUS] Command (Subject 99)
[WARN] [1770278104.914510818] [ngac_gatekeeper]: [BLOCK] Time: 753 ns | Unauthorized Subject 99
[INFO] [1770278105.411808976] [bad_actor]: Sending [VALID] Command (Subject 1)
[INFO] [1770278105.412707409] [ngac_gatekeeper]: [PASS] Time: 745 ns | Cmd forwarded
[INFO] [1770278105.909810673] [bad_actor]: Sending [MALICIOUS] Command (Subject 99)
[WARN] [1770278105.910891437] [ngac_gatekeeper]: [BLOCK] Time: 515 ns | Unauthorized Subject 99
[INFO] [1770278106.405755937] [bad_actor]: Sending [VALID] Command (Subject 1)
[INFO] [1770278106.406941485] [ngac_gatekeeper]: [PASS] Time: 549 ns | Cmd forwarded
[INFO] [1770278106.904831409] [bad_actor]: Sending [MALICIOUS] Command (Subject 99)
[WARN] [1770278106.906038822] [ngac_gatekeeper]: [BLOCK] Time: 589 ns | Unauthorized Subject 99
[INFO] [1770278107.400363137] [bad_actor]: Sending [VALID] Command (Subject 1)
[INFO] [1770278107.401364465] [ngac_gatekeeper]: [PASS] Time: 575 ns | Cmd forwarded
[INFO] [1770278107.902165654] [bad_actor]: Sending [MALICIOUS] Command (Subject 99)
[WARN] [1770278107.903224870] [ngac_gatekeeper]: [BLOCK] Time: 820 ns | Unauthorized Subject 99
[INFO] [1770278108.401548282] [bad_actor]: Sending [VALID] Command (Subject 1)
[INFO] [1770278108.402961373] [ngac_gatekeeper]: [PASS] Time: 503 ns | Cmd forwarded
[INFO] [1770278108.899791323] [bad_actor]: Sending [MALICIOUS] Command (Subject 99)
[WARN] [1770278108.900757022] [ngac_gatekeeper]: [BLOCK] Time: 1518 ns | Unauthorized Subject 99
[INFO] [1770278109.399064915] [bad_actor]: Sending [VALID] Command (Subject 1)
[INFO] [1770278109.400654735] [ngac_gatekeeper]: [PASS] Time: 851 ns | Cmd forwarded
[INFO] [1770278109.915526003] [bad_actor]: Sending [MALICIOUS] Command (Subject 99)
[WARN] [1770278109.916646063] [ngac_gatekeeper]: [BLOCK] Time: 550 ns | Unauthorized Subject 99
[INFO] [1770278110.401056097] [bad_actor]: Sending [VALID] Command (Subject 1)
[INFO] [1770278110.402298437] [ngac_gatekeeper]: [PASS] Time: 859 ns | Cmd forwarded
[INFO] [1770278110.918864119] [bad_actor]: Sending [MALICIOUS] Command (Subject 99)
[WARN] [1770278110.919975271] [ngac_gatekeeper]: [BLOCK] Time: 599 ns | Unauthorized Subject 99
[INFO] [1770278111.402999971] [bad_actor]: Sending [VALID] Command (Subject 1)
[INFO] [1770278111.404731452] [ngac_gatekeeper]: [PASS] Time: 1085 ns | Cmd forwarded
[INFO] [1770278111.913861235] [bad_actor]: Sending [MALICIOUS] Command (Subject 99)
[WARN] [1770278111.914806773] [ngac_gatekeeper]: [BLOCK] Time: 530 ns | Unauthorized Subject 99
[INFO] [1770278112.402230508] [bad_actor]: Sending [VALID] Command (Subject 1)
[INFO] [1770278112.403176901] [ngac_gatekeeper]: [PASS] Time: 670 ns | Cmd forwarded
[INFO] [1770278112.920898173] [bad_actor]: Sending [MALICIOUS] Command (Subject 99)
[WARN] [1770278112.921854747] [ngac_gatekeeper]: [BLOCK] Time: 644 ns | Unauthorized Subject 99
[INFO] [1770278110.920783988] [bad_actor]: Sending [VALID] Command (Subject 1)
[INFO] [1770278110.922044244] [ngac_gatekeeper]: [PASS] Time: 535 ns | Cmd forwarded
[INFO] [1770278111.418537002] [bad_actor]: Sending [MALICIOUS] Command (Subject 99)
[WARN] [1770278111.419632172] [ngac_gatekeeper]: [BLOCK] Time: 503 ns | Unauthorized Subject 99
[INFO] [1770278111.919946792] [bad_actor]: Sending [VALID] Command (Subject 1)
[INFO] [1770278111.920794031] [ngac_gatekeeper]: [PASS] Time: 651 ns | Cmd forwarded
[INFO] [1770278112.454880011] [bad_actor]: Sending [MALICIOUS] Command (Subject 99)
[WARN] [1770278112.456145167] [ngac_gatekeeper]: [BLOCK] Time: 635 ns | Unauthorized Subject 99
[INFO] [1770278112.919252172] [bad_actor]: Sending [VALID] Command (Subject 1)
[INFO] [1770278112.920334888] [ngac_gatekeeper]: [PASS] Time: 596 ns | Cmd forwarded
[INFO] [1770278113.442342821] [bad_actor]: Sending [MALICIOUS] Command (Subject 99)
[WARN] [1770278113.443413233] [ngac_gatekeeper]: [BLOCK] Time: 1153 ns | Unauthorized Subject 99
[INFO] [1770278113.927063934] [bad_actor]: Sending [VALID] Command (Subject 1)
[INFO] [1770278113.927908721] [ngac_gatekeeper]: [PASS] Time: 582 ns | Cmd forwarded
[INFO] [1770278114.426525360] [bad_actor]: Sending [MALICIOUS] Command (Subject 99)
[WARN] [1770278114.427908660] [ngac_gatekeeper]: [BLOCK] Time: 671 ns | Unauthorized Subject 99
[INFO] [1770278114.925276838] [bad_actor]: Sending [VALID] Command (Subject 1)
[INFO] [1770278114.926471347] [ngac_gatekeeper]: [PASS] Time: 1244 ns | Cmd forwarded
[INFO] [1770278115.424625935] [bad_actor]: Sending [MALICIOUS] Command (Subject 99)
[WARN] [1770278115.425910492] [ngac_gatekeeper]: [BLOCK] Time: 613 ns | Unauthorized Subject 99
[INFO] [1770278115.919904774] [bad_actor]: Sending [VALID] Command (Subject 1)
[INFO] [1770278115.920826546] [ngac_gatekeeper]: [PASS] Time: 525 ns | Cmd forwarded
[INFO] [1770278116.420369733] [bad_actor]: Sending [MALICIOUS] Command (Subject 99)
[WARN] [1770278116.421733787] [ngac_gatekeeper]: [BLOCK] Time: 602 ns | Unauthorized Subject 99
[INFO] [1770278116.920030024] [bad_actor]: Sending [VALID] Command (Subject 1)
[INFO] [1770278116.921342583] [ngac_gatekeeper]: [PASS] Time: 516 ns | Cmd forwarded
[INFO] [1770278117.426398422] [bad_actor]: Sending [MALICIOUS] Command (Subject 99)
[WARN] [1770278117.427671612] [ngac_gatekeeper]: [BLOCK] Time: 700 ns | Unauthorized Subject 99
[INFO] [1770278117.918268124] [bad_actor]: Sending [VALID] Command (Subject 1)
[INFO] [1770278117.919237096] [ngac_gatekeeper]: [PASS] Time: 698 ns | Cmd forwarded
[INFO] [1770278118.418393182] [bad_actor]: Sending [MALICIOUS] Command (Subject 99)
[WARN] [1770278118.419767323] [ngac_gatekeeper]: [BLOCK] Time: 627 ns | Unauthorized Subject 99
[INFO] [1770278118.918700264] [bad_actor]: Sending [VALID] Command (Subject 1)
[INFO] [1770278118.919826663] [ngac_gatekeeper]: [PASS] Time: 489 ns | Cmd forwarded
[INFO] [1770278119.418911176] [bad_actor]: Sending [MALICIOUS] Command (Subject 99)
[WARN] [1770278119.419710018] [ngac_gatekeeper]: [BLOCK] Time: 893 ns | Unauthorized Subject 99
[INFO] [1770278119.919008894] [bad_actor]: Sending [VALID] Command (Subject 1)
[INFO] [1770278119.920024260] [ngac_gatekeeper]: [PASS] Time: 657 ns | Cmd forwarded
[INFO] [1770278120.427390471] [bad_actor]: Sending [MALICIOUS] Command (Subject 99)
[WARN] [1770278120.428575701] [ngac_gatekeeper]: [BLOCK] Time: 720 ns | Unauthorized Subject 99
[INFO] [1770278120.926215127] [bad_actor]: Sending [VALID] Command (Subject 1)
[INFO] [1770278120.927440721] [ngac_gatekeeper]: [PASS] Time: 793 ns | Cmd forwarded
[INFO] [1770278121.418093423] [bad_actor]: Sending [MALICIOUS] Command (Subject 99)
[WARN] [1770278121.419084757] [ngac_gatekeeper]: [BLOCK] Time: 517 ns | Unauthorized Subject 99
[INFO] [1770278121.919651526] [bad_actor]: Sending [VALID] Command (Subject 1)
[INFO] [1770278121.921141989] [ngac_gatekeeper]: [PASS] Time: 1141 ns | Cmd forwarded
[INFO] [1770278122.434295250] [bad_actor]: Sending [MALICIOUS] Command (Subject 99)
[WARN] [1770278122.435573977] [ngac_gatekeeper]: [BLOCK] Time: 764 ns | Unauthorized Subject 99
[INFO] [1770278122.919086226] [bad_actor]: Sending [VALID] Command (Subject 1)
[INFO] [1770278122.920163168] [ngac_gatekeeper]: [PASS] Time: 495 ns | Cmd forwarded
[INFO] [1770278123.432779893] [bad_actor]: Sending [MALICIOUS] Command (Subject 99)
[WARN] [1770278123.434013963] [ngac_gatekeeper]: [BLOCK] Time: 577 ns | Unauthorized Subject 99
[INFO] [1770278123.917899834] [bad_actor]: Sending [VALID] Command (Subject 1)
[INFO] [1770278123.918894580] [ngac_gatekeeper]: [PASS] Time: 673 ns | Cmd forwarded
[INFO] [1770278124.427362201] [bad_actor]: Sending [MALICIOUS] Command (Subject 99)
[WARN] [1770278124.428324341] [ngac_gatekeeper]: [BLOCK] Time: 932 ns | Unauthorized Subject 99
[INFO] [1770278124.943090111] [bad_actor]: Sending [VALID] Command (Subject 1)
[INFO] [1770278124.944211870] [ngac_gatekeeper]: [PASS] Time: 612 ns | Cmd forwarded
[INFO] [1770278125.427217202] [bad_actor]: Sending [MALICIOUS] Command (Subject 99)
[WARN] [1770278125.428617812] [ngac_gatekeeper]: [BLOCK] Time: 826 ns | Unauthorized Subject 99
[INFO] [1770278125.930096599] [bad_actor]: Sending [VALID] Command (Subject 1)
[INFO] [1770278125.931809475] [ngac_gatekeeper]: [PASS] Time: 1569 ns | Cmd forwarded
[INFO] [1770278126.418083083] [bad_actor]: Sending [MALICIOUS] Command (Subject 99)
[WARN] [1770278126.419387113] [ngac_gatekeeper]: [BLOCK] Time: 1041 ns | Unauthorized Subject 99
[INFO] [1770278126.949642787] [bad_actor]: Sending [VALID] Command (Subject 1)
[INFO] [1770278126.950921592] [ngac_gatekeeper]: [PASS] Time: 2338 ns | Cmd forwarded
[INFO] [1770278127.422739592] [bad_actor]: Sending [MALICIOUS] Command (Subject 99)
[WARN] [1770278127.423681009] [ngac_gatekeeper]: [BLOCK] Time: 557 ns | Unauthorized Subject 99
[INFO] [1770278127.928461224] [bad_actor]: Sending [VALID] Command (Subject 1)
[INFO] [1770278127.929940724] [ngac_gatekeeper]: [PASS] Time: 682 ns | Cmd forwarded
[INFO] [1770278128.425525098] [bad_actor]: Sending [MALICIOUS] Command (Subject 99)
[WARN] [1770278128.426418487] [ngac_gatekeeper]: [BLOCK] Time: 1213 ns | Unauthorized Subject 99
[INFO] [1770278128.918315339] [bad_actor]: Sending [VALID] Command (Subject 1)
[INFO] [1770278128.919618908] [ngac_gatekeeper]: [PASS] Time: 759 ns | Cmd forwarded
[INFO] [1770278129.421703941] [bad_actor]: Sending [MALICIOUS] Command (Subject 99)
[WARN] [1770278129.422832539] [ngac_gatekeeper]: [BLOCK] Time: 790 ns | Unauthorized Subject 99
[INFO] [1770278129.919053709] [bad_actor]: Sending [VALID] Command (Subject 1)
[INFO] [1770278129.920040268] [ngac_gatekeeper]: [PASS] Time: 735 ns | Cmd forwarded
[INFO] [1770278130.418283149] [bad_actor]: Sending [MALICIOUS] Command (Subject 99)
[WARN] [1770278130.419319318] [ngac_gatekeeper]: [BLOCK] Time: 900 ns | Unauthorized Subject 99
[INFO] [1770278130.931414512] [bad_actor]: Sending [VALID] Command (Subject 1)
[INFO] [1770278130.932605183] [ngac_gatekeeper]: [PASS] Time: 906 ns | Cmd forwarded
[INFO] [1770278131.420269202] [bad_actor]: Sending [MALICIOUS] Command (Subject 99)
[WARN] [1770278131.421321171] [ngac_gatekeeper]: [BLOCK] Time: 493 ns | Unauthorized Subject 99
[INFO] [1770278131.928130390] [bad_actor]: Sending [VALID] Command (Subject 1)
[INFO] [1770278131.929028699] [ngac_gatekeeper]: [PASS] Time: 651 ns | Cmd forwarded
[INFO] [1770278132.436586551] [bad_actor]: Sending [MALICIOUS] Command (Subject 99)
[WARN] [1770278132.437796850] [ngac_gatekeeper]: [BLOCK] Time: 497 ns | Unauthorized Subject 99
[INFO] [1770278132.929947807] [bad_actor]: Sending [VALID] Command (Subject 1)
[INFO] [1770278132.931274338] [ngac_gatekeeper]: [PASS] Time: 1699 ns | Cmd forwarded
[INFO] [1770278133.455818199] [bad_actor]: Sending [MALICIOUS] Command (Subject 99)
[WARN] [1770278133.457020230] [ngac_gatekeeper]: [BLOCK] Time: 1055 ns | Unauthorized Subject 99
[INFO] [1770278133.927547443] [bad_actor]: Sending [VALID] Command (Subject 1)
[INFO] [1770278133.928860891] [ngac_gatekeeper]: [PASS] Time: 1143 ns | Cmd forwarded
[INFO] [1770278134.420090542] [bad_actor]: Sending [MALICIOUS] Command (Subject 99)
[WARN] [1770278134.421099512] [ngac_gatekeeper]: [BLOCK] Time: 623 ns | Unauthorized Subject 99
[INFO] [1770278134.933339669] [bad_actor]: Sending [VALID] Command (Subject 1)
[INFO] [1770278134.934807437] [ngac_gatekeeper]: [PASS] Time: 621 ns | Cmd forwarded
[INFO] [1770278135.418709384] [bad_actor]: Sending [MALICIOUS] Command (Subject 99)
[WARN] [1770278135.419638322] [ngac_gatekeeper]: [BLOCK] Time: 560 ns | Unauthorized Subject 99
[INFO] [1770278135.920056129] [bad_actor]: Sending [VALID] Command (Subject 1)
[INFO] [1770278135.921148992] [ngac_gatekeeper]: [PASS] Time: 593 ns | Cmd forwarded
[INFO] [1770278136.426083606] [bad_actor]: Sending [MALICIOUS] Command (Subject 99)
[WARN] [1770278136.427158466] [ngac_gatekeeper]: [BLOCK] Time: 525 ns | Unauthorized Subject 99
[INFO] [1770278136.918543052] [bad_actor]: Sending [VALID] Command (Subject 1)
[INFO] [1770278136.919530282] [ngac_gatekeeper]: [PASS] Time: 499 ns | Cmd forwarded
[INFO] [1770278137.424626748] [bad_actor]: Sending [MALICIOUS] Command (Subject 99)
[WARN] [1770278137.425787090] [ngac_gatekeeper]: [BLOCK] Time: 713 ns | Unauthorized Subject 99
[INFO] [1770278137.923206719] [bad_actor]: Sending [VALID] Command (Subject 1)
[INFO] [1770278137.924492942] [ngac_gatekeeper]: [PASS] Time: 1160 ns | Cmd forwarded
[INFO] [1770278138.421995220] [bad_actor]: Sending [MALICIOUS] Command (Subject 99)
[WARN] [1770278138.423458680] [ngac_gatekeeper]: [BLOCK] Time: 489 ns | Unauthorized Subject 99
[INFO] [1770278138.920299164] [bad_actor]: Sending [VALID] Command (Subject 1)
[INFO] [1770278138.921716678] [ngac_gatekeeper]: [PASS] Time: 538 ns | Cmd forwarded
[INFO] [1770278139.418967731] [bad_actor]: Sending [MALICIOUS] Command (Subject 99)
[WARN] [1770278139.420276750] [ngac_gatekeeper]: [BLOCK] Time: 486 ns | Unauthorized Subject 99
[INFO] [1770278139.923298497] [bad_actor]: Sending [VALID] Command (Subject 1)
[INFO] [1770278139.924507029] [ngac_gatekeeper]: [PASS] Time: 656 ns | Cmd forwarded
[INFO] [1770278140.418249286] [bad_actor]: Sending [MALICIOUS] Command (Subject 99)
[WARN] [1770278140.419823332] [ngac_gatekeeper]: [BLOCK] Time: 542 ns | Unauthorized Subject 99
[INFO] [1770278140.917774476] [bad_actor]: Sending [VALID] Command (Subject 1)
[INFO] [1770278140.918752585] [ngac_gatekeeper]: [PASS] Time: 636 ns | Cmd forwarded
[INFO] [1770278141.420559661] [bad_actor]: Sending [MALICIOUS] Command (Subject 99)
[WARN] [1770278141.422120524] [ngac_gatekeeper]: [BLOCK] Time: 641 ns | Unauthorized Subject 99
[INFO] [1770278141.920225951] [bad_actor]: Sending [VALID] Command (Subject 1)
[INFO] [1770278141.921478839] [ngac_gatekeeper]: [PASS] Time: 604 ns | Cmd forwarded
[INFO] [1770278142.418744086] [bad_actor]: Sending [MALICIOUS] Command (Subject 99)
[WARN] [1770278142.419691958] [ngac_gatekeeper]: [BLOCK] Time: 556 ns | Unauthorized Subject 99
[INFO] [1770278140.441261735] [bad_actor]: Sending [VALID] Command (Subject 1)
[INFO] [1770278140.442439750] [ngac_gatekeeper]: [PASS] Time: 653 ns | Cmd forwarded
[INFO] [1770278140.951203930] [bad_actor]: Sending [MALICIOUS] Command (Subject 99)
[WARN] [1770278140.952357895] [ngac_gatekeeper]: [BLOCK] Time: 511 ns | Unauthorized Subject 99
[INFO] [1770278141.446231396] [bad_actor]: Sending [VALID] Command (Subject 1)
[INFO] [1770278141.447387005] [ngac_gatekeeper]: [PASS] Time: 785 ns | Cmd forwarded
[INFO] [1770278141.950569140] [bad_actor]: Sending [MALICIOUS] Command (Subject 99)
[WARN] [1770278141.951739526] [ngac_gatekeeper]: [BLOCK] Time: 999 ns | Unauthorized Subject 99
[INFO] [1770278142.448321848] [bad_actor]: Sending [VALID] Command (Subject 1)
[INFO] [1770278142.449486840] [ngac_gatekeeper]: [PASS] Time: 535 ns | Cmd forwarded
[INFO] [1770278142.938678608] [bad_actor]: Sending [MALICIOUS] Command (Subject 99)
[WARN] [1770278142.939814397] [ngac_gatekeeper]: [BLOCK] Time: 588 ns | Unauthorized Subject 99
[INFO] [1770278143.446447210] [bad_actor]: Sending [VALID] Command (Subject 1)
[INFO] [1770278143.447633695] [ngac_gatekeeper]: [PASS] Time: 697 ns | Cmd forwarded
[INFO] [1770278143.937865084] [bad_actor]: Sending [MALICIOUS] Command (Subject 99)
[WARN] [1770278143.939236221] [ngac_gatekeeper]: [BLOCK] Time: 588 ns | Unauthorized Subject 99
[INFO] [1770278144.450923548] [bad_actor]: Sending [VALID] Command (Subject 1)
[INFO] [1770278144.452073578] [ngac_gatekeeper]: [PASS] Time: 851 ns | Cmd forwarded
[INFO] [1770278144.950125017] [bad_actor]: Sending [MALICIOUS] Command (Subject 99)
[WARN] [1770278144.951084191] [ngac_gatekeeper]: [BLOCK] Time: 507 ns | Unauthorized Subject 99
[INFO] [1770278145.444537701] [bad_actor]: Sending [VALID] Command (Subject 1)
[INFO] [1770278145.445719422] [ngac_gatekeeper]: [PASS] Time: 584 ns | Cmd forwarded
[INFO] [1770278145.937054060] [bad_actor]: Sending [MALICIOUS] Command (Subject 99)
[WARN] [1770278145.938127587] [ngac_gatekeeper]: [BLOCK] Time: 496 ns | Unauthorized Subject 99
[INFO] [1770278146.442645644] [bad_actor]: Sending [VALID] Command (Subject 1)
[INFO] [1770278146.443633650] [ngac_gatekeeper]: [PASS] Time: 746 ns | Cmd forwarded
[INFO] [1770278146.939773177] [bad_actor]: Sending [MALICIOUS] Command (Subject 99)
[WARN] [1770278146.940894873] [ngac_gatekeeper]: [BLOCK] Time: 2102 ns | Unauthorized Subject 99
[INFO] [1770278147.440178723] [bad_actor]: Sending [VALID] Command (Subject 1)
[INFO] [1770278147.441307301] [ngac_gatekeeper]: [PASS] Time: 620 ns | Cmd forwarded
[INFO] [1770278147.938360182] [bad_actor]: Sending [MALICIOUS] Command (Subject 99)
[WARN] [1770278147.939437081] [ngac_gatekeeper]: [BLOCK] Time: 480 ns | Unauthorized Subject 99
[INFO] [1770278148.437202175] [bad_actor]: Sending [VALID] Command (Subject 1)
[INFO] [1770278148.438516505] [ngac_gatekeeper]: [PASS] Time: 1458 ns | Cmd forwarded
[INFO] [1770278148.952690805] [bad_actor]: Sending [MALICIOUS] Command (Subject 99)
[WARN] [1770278148.953619584] [ngac_gatekeeper]: [BLOCK] Time: 591 ns | Unauthorized Subject 99
[INFO] [1770278149.436263432] [bad_actor]: Sending [VALID] Command (Subject 1)
[INFO] [1770278149.437369815] [ngac_gatekeeper]: [PASS] Time: 695 ns | Cmd forwarded
[INFO] [1770278149.937572668] [bad_actor]: Sending [MALICIOUS] Command (Subject 99)
[WARN] [1770278149.951878758] [ngac_gatekeeper]: [BLOCK] Time: 6173 ns | Unauthorized Subject 99
[INFO] [1770278150.436240808] [bad_actor]: Sending [VALID] Command (Subject 1)
[INFO] [1770278150.437362597] [ngac_gatekeeper]: [PASS] Time: 661 ns | Cmd forwarded
[INFO] [1770278150.936054653] [bad_actor]: Sending [MALICIOUS] Command (Subject 99)
[WARN] [1770278150.937189055] [ngac_gatekeeper]: [BLOCK] Time: 645 ns | Unauthorized Subject 99
[INFO] [1770278151.436717418] [bad_actor]: Sending [VALID] Command (Subject 1)
[INFO] [1770278151.438568634] [ngac_gatekeeper]: [PASS] Time: 1122 ns | Cmd forwarded
[INFO] [1770278151.936865920] [bad_actor]: Sending [MALICIOUS] Command (Subject 99)
[WARN] [1770278151.937944843] [ngac_gatekeeper]: [BLOCK] Time: 517 ns | Unauthorized Subject 99
[INFO] [1770278152.440778030] [bad_actor]: Sending [VALID] Command (Subject 1)
[INFO] [1770278152.441878694] [ngac_gatekeeper]: [PASS] Time: 566 ns | Cmd forwarded
[INFO] [1770278152.945696868] [bad_actor]: Sending [MALICIOUS] Command (Subject 99)
[WARN] [1770278152.946682758] [ngac_gatekeeper]: [BLOCK] Time: 909 ns | Unauthorized Subject 99
[INFO] [1770278153.443428696] [bad_actor]: Sending [VALID] Command (Subject 1)
[INFO] [1770278153.696569669] [ngac_gatekeeper]: [PASS] Time: 623 ns | Cmd forwarded
[INFO] [1770278153.945491584] [bad_actor]: Sending [MALICIOUS] Command (Subject 99)
[WARN] [1770278153.946598443] [ngac_gatekeeper]: [BLOCK] Time: 659 ns | Unauthorized Subject 99
[INFO] [1770278154.436898492] [bad_actor]: Sending [VALID] Command (Subject 1)
[INFO] [1770278154.438090002] [ngac_gatekeeper]: [PASS] Time: 594 ns | Cmd forwarded
[INFO] [1770278154.944950382] [bad_actor]: Sending [MALICIOUS] Command (Subject 99)
[WARN] [1770278154.946064487] [ngac_gatekeeper]: [BLOCK] Time: 523 ns | Unauthorized Subject 99
[INFO] [1770278155.444606452] [bad_actor]: Sending [VALID] Command (Subject 1)
[INFO] [1770278155.445853242] [ngac_gatekeeper]: [PASS] Time: 1116 ns | Cmd forwarded
[INFO] [1770278155.943974598] [bad_actor]: Sending [MALICIOUS] Command (Subject 99)
[WARN] [1770278155.945151931] [ngac_gatekeeper]: [BLOCK] Time: 614 ns | Unauthorized Subject 99
[INFO] [1770278156.443438376] [bad_actor]: Sending [VALID] Command (Subject 1)
[INFO] [1770278156.444549583] [ngac_gatekeeper]: [PASS] Time: 1145 ns | Cmd forwarded
[INFO] [1770278156.942775094] [bad_actor]: Sending [MALICIOUS] Command (Subject 99)
[WARN] [1770278156.943950969] [ngac_gatekeeper]: [BLOCK] Time: 487 ns | Unauthorized Subject 99
[INFO] [1770278157.442115528] [bad_actor]: Sending [VALID] Command (Subject 1)
[INFO] [1770278157.443262652] [ngac_gatekeeper]: [PASS] Time: 840 ns | Cmd forwarded
[INFO] [1770278157.940458965] [bad_actor]: Sending [MALICIOUS] Command (Subject 99)
[WARN] [1770278157.941634394] [ngac_gatekeeper]: [BLOCK] Time: 1532 ns | Unauthorized Subject 99
[INFO] [1770278158.439149561] [bad_actor]: Sending [VALID] Command (Subject 1)
[INFO] [1770278158.440312624] [ngac_gatekeeper]: [PASS] Time: 873 ns | Cmd forwarded
[INFO] [1770278158.938367209] [bad_actor]: Sending [MALICIOUS] Command (Subject 99)
[WARN] [1770278158.940033294] [ngac_gatekeeper]: [BLOCK] Time: 1123 ns | Unauthorized Subject 99
[INFO] [1770278159.436818532] [bad_actor]: Sending [VALID] Command (Subject 1)
[INFO] [1770278159.437864170] [ngac_gatekeeper]: [PASS] Time: 784 ns | Cmd forwarded
[INFO] [1770278159.940861455] [bad_actor]: Sending [MALICIOUS] Command (Subject 99)
[WARN] [1770278159.942248785] [ngac_gatekeeper]: [BLOCK] Time: 566 ns | Unauthorized Subject 99
[INFO] [1770278160.440757742] [bad_actor]: Sending [VALID] Command (Subject 1)
[INFO] [1770278160.441907527] [ngac_gatekeeper]: [PASS] Time: 968 ns | Cmd forwarded
[INFO] [1770278160.939407038] [bad_actor]: Sending [MALICIOUS] Command (Subject 99)
[WARN] [1770278160.940633529] [ngac_gatekeeper]: [BLOCK] Time: 534 ns | Unauthorized Subject 99
[INFO] [1770278161.437195745] [bad_actor]: Sending [VALID] Command (Subject 1)
[INFO] [1770278161.438285525] [ngac_gatekeeper]: [PASS] Time: 1694 ns | Cmd forwarded
[INFO] [1770278161.956799215] [bad_actor]: Sending [MALICIOUS] Command (Subject 99)
[WARN] [1770278161.957849239] [ngac_gatekeeper]: [BLOCK] Time: 623 ns | Unauthorized Subject 99
[INFO] [1770278162.448125440] [bad_actor]: Sending [VALID] Command (Subject 1)
[INFO] [1770278162.449252142] [ngac_gatekeeper]: [PASS] Time: 639 ns | Cmd forwarded
[INFO] [1770278162.949605871] [bad_actor]: Sending [MALICIOUS] Command (Subject 99)
[WARN] [1770278162.951192518] [ngac_gatekeeper]: [BLOCK] Time: 635 ns | Unauthorized Subject 99
[INFO] [1770278163.448322647] [bad_actor]: Sending [VALID] Command (Subject 1)
[INFO] [1770278163.449553076] [ngac_gatekeeper]: [PASS] Time: 565 ns | Cmd forwarded
[INFO] [1770278163.948167979] [bad_actor]: Sending [MALICIOUS] Command (Subject 99)
[WARN] [1770278163.949457376] [ngac_gatekeeper]: [BLOCK] Time: 1515 ns | Unauthorized Subject 99
[INFO] [1770278164.445964239] [bad_actor]: Sending [VALID] Command (Subject 1)
[INFO] [1770278164.447710607] [ngac_gatekeeper]: [PASS] Time: 648 ns | Cmd forwarded
[INFO] [1770278164.947056181] [bad_actor]: Sending [MALICIOUS] Command (Subject 99)
[WARN] [1770278164.949007247] [ngac_gatekeeper]: [BLOCK] Time: 1068 ns | Unauthorized Subject 99
[INFO] [1770278165.446129334] [bad_actor]: Sending [VALID] Command (Subject 1)
[INFO] [1770278165.447811343] [ngac_gatekeeper]: [PASS] Time: 1626 ns | Cmd forwarded
[INFO] [1770278165.949960037] [bad_actor]: Sending [MALICIOUS] Command (Subject 99)
[WARN] [1770278165.951837120] [ngac_gatekeeper]: [BLOCK] Time: 1003 ns | Unauthorized Subject 99
[INFO] [1770278166.475092853] [bad_actor]: Sending [VALID] Command (Subject 1)
[INFO] [1770278166.476259764] [ngac_gatekeeper]: [PASS] Time: 843 ns | Cmd forwarded
[INFO] [1770278166.941256008] [bad_actor]: Sending [MALICIOUS] Command (Subject 99)
[WARN] [1770278166.943083060] [ngac_gatekeeper]: [BLOCK] Time: 1487 ns | Unauthorized Subject 99
[INFO] [1770278167.438192015] [bad_actor]: Sending [VALID] Command (Subject 1)
[INFO] [1770278167.439385009] [ngac_gatekeeper]: [PASS] Time: 637 ns | Cmd forwarded
[INFO] [1770278167.936213117] [bad_actor]: Sending [MALICIOUS] Command (Subject 99)
[WARN] [1770278167.937209365] [ngac_gatekeeper]: [BLOCK] Time: 491 ns | Unauthorized Subject 99
[INFO] [1770278168.447962510] [bad_actor]: Sending [VALID] Command (Subject 1)
[INFO] [1770278168.449207659] [ngac_gatekeeper]: [PASS] Time: 1103 ns | Cmd forwarded
[INFO] [1770278168.937970826] [bad_actor]: Sending [MALICIOUS] Command (Subject 99)
[WARN] [1770278168.939353075] [ngac_gatekeeper]: [BLOCK] Time: 622 ns | Unauthorized Subject 99
[INFO] [1770278169.446405496] [bad_actor]: Sending [VALID] Command (Subject 1)
[INFO] [1770278169.447182039] [ngac_gatekeeper]: [PASS] Time: 539 ns | Cmd forwarded
[INFO] [1770278169.936987863] [bad_actor]: Sending [MALICIOUS] Command (Subject 99)
[WARN] [1770278169.938604757] [ngac_gatekeeper]: [BLOCK] Time: 885 ns | Unauthorized Subject 99
[INFO] [1770278170.444987288] [bad_actor]: Sending [VALID] Command (Subject 1)
[INFO] [1770278170.446174742] [ngac_gatekeeper]: [PASS] Time: 586 ns | Cmd forwarded
[INFO] [1770278170.936469698] [bad_actor]: Sending [MALICIOUS] Command (Subject 99)
[WARN] [1770278170.937356735] [ngac_gatekeeper]: [BLOCK] Time: 547 ns | Unauthorized Subject 99
[INFO] [1770278171.435959486] [bad_actor]: Sending [VALID] Command (Subject 1)
[INFO] [1770278171.436754681] [ngac_gatekeeper]: [PASS] Time: 1584 ns | Cmd forwarded
[INFO] [1770278171.944888225] [bad_actor]: Sending [MALICIOUS] Command (Subject 99)
[WARN] [1770278171.946439795] [ngac_gatekeeper]: [BLOCK] Time: 659 ns | Unauthorized Subject 99
[INFO] [1770278172.444242692] [bad_actor]: Sending [VALID] Command (Subject 1)
[INFO] [1770278172.445448400] [ngac_gatekeeper]: [PASS] Time: 720 ns | Cmd forwarded
[INFO] [1770278170.484909844] [bad_actor]: Sending [MALICIOUS] Command (Subject 99)
[WARN] [1770278170.486173798] [ngac_gatekeeper]: [BLOCK] Time: 1024 ns | Unauthorized Subject 99
[INFO] [1770278170.964690897] [bad_actor]: Sending [VALID] Command (Subject 1)
[INFO] [1770278170.965908231] [ngac_gatekeeper]: [PASS] Time: 744 ns | Cmd forwarded
[INFO] [1770278171.457828142] [bad_actor]: Sending [MALICIOUS] Command (Subject 99)
[WARN] [1770278171.458934518] [ngac_gatekeeper]: [BLOCK] Time: 689 ns | Unauthorized Subject 99
[INFO] [1770278171.967879104] [bad_actor]: Sending [VALID] Command (Subject 1)
[INFO] [1770278171.969017799] [ngac_gatekeeper]: [PASS] Time: 596 ns | Cmd forwarded
[INFO] [1770278172.467952597] [bad_actor]: Sending [MALICIOUS] Command (Subject 99)
[WARN] [1770278172.468927663] [ngac_gatekeeper]: [BLOCK] Time: 582 ns | Unauthorized Subject 99
[INFO] [1770278172.956513717] [bad_actor]: Sending [VALID] Command (Subject 1)
[INFO] [1770278172.957675674] [ngac_gatekeeper]: [PASS] Time: 628 ns | Cmd forwarded
[INFO] [1770278173.462496268] [bad_actor]: Sending [MALICIOUS] Command (Subject 99)
[WARN] [1770278173.463870272] [ngac_gatekeeper]: [BLOCK] Time: 567 ns | Unauthorized Subject 99
[INFO] [1770278173.961552941] [bad_actor]: Sending [VALID] Command (Subject 1)
[INFO] [1770278173.962657315] [ngac_gatekeeper]: [PASS] Time: 1838 ns | Cmd forwarded
[INFO] [1770278174.458658373] [bad_actor]: Sending [MALICIOUS] Command (Subject 99)
[WARN] [1770278174.459571986] [ngac_gatekeeper]: [BLOCK] Time: 610 ns | Unauthorized Subject 99
[INFO] [1770278174.956702792] [bad_actor]: Sending [VALID] Command (Subject 1)
[INFO] [1770278174.957595546] [ngac_gatekeeper]: [PASS] Time: 2953 ns | Cmd forwarded
[INFO] [1770278175.463652235] [bad_actor]: Sending [MALICIOUS] Command (Subject 99)
[WARN] [1770278175.465053930] [ngac_gatekeeper]: [BLOCK] Time: 588 ns | Unauthorized Subject 99
[INFO] [1770278175.978405045] [bad_actor]: Sending [VALID] Command (Subject 1)
[INFO] [1770278175.979925017] [ngac_gatekeeper]: [PASS] Time: 766 ns | Cmd forwarded
[INFO] [1770278176.471826224] [bad_actor]: Sending [MALICIOUS] Command (Subject 99)
[WARN] [1770278176.473071384] [ngac_gatekeeper]: [BLOCK] Time: 522 ns | Unauthorized Subject 99
[INFO] [1770278176.969684938] [bad_actor]: Sending [VALID] Command (Subject 1)
[INFO] [1770278176.970863014] [ngac_gatekeeper]: [PASS] Time: 561 ns | Cmd forwarded
[INFO] [1770278177.468728043] [bad_actor]: Sending [MALICIOUS] Command (Subject 99)
[WARN] [1770278177.469672949] [ngac_gatekeeper]: [BLOCK] Time: 556 ns | Unauthorized Subject 99
[INFO] [1770278177.966246219] [bad_actor]: Sending [VALID] Command (Subject 1)
[INFO] [1770278177.967443266] [ngac_gatekeeper]: [PASS] Time: 614 ns | Cmd forwarded
[INFO] [1770278178.465751336] [bad_actor]: Sending [MALICIOUS] Command (Subject 99)
[WARN] [1770278178.466758291] [ngac_gatekeeper]: [BLOCK] Time: 657 ns | Unauthorized Subject 99
[INFO] [1770278178.959195181] [bad_actor]: Sending [VALID] Command (Subject 1)
[INFO] [1770278178.961505506] [ngac_gatekeeper]: [PASS] Time: 2045 ns | Cmd forwarded
[INFO] [1770278179.461956062] [bad_actor]: Sending [MALICIOUS] Command (Subject 99)
[WARN] [1770278179.463464786] [ngac_gatekeeper]: [BLOCK] Time: 1333 ns | Unauthorized Subject 99
[INFO] [1770278179.959496002] [bad_actor]: Sending [VALID] Command (Subject 1)
[INFO] [1770278179.960766348] [ngac_gatekeeper]: [PASS] Time: 745 ns | Cmd forwarded
[INFO] [1770278180.456481733] [bad_actor]: Sending [MALICIOUS] Command (Subject 99)
[WARN] [1770278180.457224077] [ngac_gatekeeper]: [BLOCK] Time: 477 ns | Unauthorized Subject 99
[INFO] [1770278180.955957978] [bad_actor]: Sending [VALID] Command (Subject 1)
[INFO] [1770278180.957137231] [ngac_gatekeeper]: [PASS] Time: 629 ns | Cmd forwarded
[INFO] [1770278181.467770626] [bad_actor]: Sending [MALICIOUS] Command (Subject 99)
[WARN] [1770278181.468886911] [ngac_gatekeeper]: [BLOCK] Time: 502 ns | Unauthorized Subject 99
[INFO] [1770278181.968343002] [bad_actor]: Sending [VALID] Command (Subject 1)
[INFO] [1770278181.969428783] [ngac_gatekeeper]: [PASS] Time: 602 ns | Cmd forwarded
[INFO] [1770278182.456040378] [bad_actor]: Sending [MALICIOUS] Command (Subject 99)
[WARN] [1770278182.456986433] [ngac_gatekeeper]: [BLOCK] Time: 581 ns | Unauthorized Subject 99
[INFO] [1770278182.958517915] [bad_actor]: Sending [VALID] Command (Subject 1)
[INFO] [1770278183.058265839] [ngac_gatekeeper]: [PASS] Time: 1198 ns | Cmd forwarded
[INFO] [1770278183.461086750] [bad_actor]: Sending [MALICIOUS] Command (Subject 99)
[WARN] [1770278183.462518592] [ngac_gatekeeper]: [BLOCK] Time: 1382 ns | Unauthorized Subject 99
[INFO] [1770278183.967690445] [bad_actor]: Sending [VALID] Command (Subject 1)
[INFO] [1770278183.969982517] [ngac_gatekeeper]: [PASS] Time: 1706 ns | Cmd forwarded
[INFO] [1770278184.466038957] [bad_actor]: Sending [MALICIOUS] Command (Subject 99)
[WARN] [1770278184.467591074] [ngac_gatekeeper]: [BLOCK] Time: 1828 ns | Unauthorized Subject 99
[INFO] [1770278184.979266625] [bad_actor]: Sending [VALID] Command (Subject 1)
[INFO] [1770278184.980309520] [ngac_gatekeeper]: [PASS] Time: 829 ns | Cmd forwarded
[INFO] [1770278185.465910377] [bad_actor]: Sending [MALICIOUS] Command (Subject 99)
[WARN] [1770278185.467233643] [ngac_gatekeeper]: [BLOCK] Time: 1319 ns | Unauthorized Subject 99
[INFO] [1770278185.967617645] [bad_actor]: Sending [VALID] Command (Subject 1)
[INFO] [1770278185.968686493] [ngac_gatekeeper]: [PASS] Time: 732 ns | Cmd forwarded
[INFO] [1770278186.468758730] [bad_actor]: Sending [MALICIOUS] Command (Subject 99)
[WARN] [1770278186.470568369] [ngac_gatekeeper]: [BLOCK] Time: 632 ns | Unauthorized Subject 99
[INFO] [1770278186.966334434] [bad_actor]: Sending [VALID] Command (Subject 1)
[INFO] [1770278186.967403384] [ngac_gatekeeper]: [PASS] Time: 667 ns | Cmd forwarded
[INFO] [1770278187.467347230] [bad_actor]: Sending [MALICIOUS] Command (Subject 99)
[WARN] [1770278187.468900336] [ngac_gatekeeper]: [BLOCK] Time: 1067 ns | Unauthorized Subject 99
[INFO] [1770278187.978828878] [bad_actor]: Sending [VALID] Command (Subject 1)
[INFO] [1770278187.979847677] [ngac_gatekeeper]: [PASS] Time: 906 ns | Cmd forwarded
[INFO] [1770278188.461956569] [bad_actor]: Sending [MALICIOUS] Command (Subject 99)
[WARN] [1770278188.463084126] [ngac_gatekeeper]: [BLOCK] Time: 659 ns | Unauthorized Subject 99
[INFO] [1770278188.956848476] [bad_actor]: Sending [VALID] Command (Subject 1)
[INFO] [1770278188.958044182] [ngac_gatekeeper]: [PASS] Time: 646 ns | Cmd forwarded
[INFO] [1770278189.463087096] [bad_actor]: Sending [MALICIOUS] Command (Subject 99)
[WARN] [1770278189.464217100] [ngac_gatekeeper]: [BLOCK] Time: 501 ns | Unauthorized Subject 99
[INFO] [1770278189.966479973] [bad_actor]: Sending [VALID] Command (Subject 1)
[INFO] [1770278189.967682333] [ngac_gatekeeper]: [PASS] Time: 731 ns | Cmd forwarded
[INFO] [1770278190.463210593] [bad_actor]: Sending [MALICIOUS] Command (Subject 99)
[WARN] [1770278190.464200730] [ngac_gatekeeper]: [BLOCK] Time: 716 ns | Unauthorized Subject 99
[INFO] [1770278190.962125461] [bad_actor]: Sending [VALID] Command (Subject 1)
[INFO] [1770278190.963321515] [ngac_gatekeeper]: [PASS] Time: 700 ns | Cmd forwarded
[INFO] [1770278191.460214759] [bad_actor]: Sending [MALICIOUS] Command (Subject 99)
[WARN] [1770278191.461440291] [ngac_gatekeeper]: [BLOCK] Time: 499 ns | Unauthorized Subject 99
[INFO] [1770278191.978788812] [bad_actor]: Sending [VALID] Command (Subject 1)
[INFO] [1770278191.980012230] [ngac_gatekeeper]: [PASS] Time: 986 ns | Cmd forwarded
[INFO] [1770278192.481174262] [bad_actor]: Sending [MALICIOUS] Command (Subject 99)
[WARN] [1770278192.482449990] [ngac_gatekeeper]: [BLOCK] Time: 1431 ns | Unauthorized Subject 99
[INFO] [1770278192.966344766] [bad_actor]: Sending [VALID] Command (Subject 1)
[INFO] [1770278192.967895165] [ngac_gatekeeper]: [PASS] Time: 643 ns | Cmd forwarded
[INFO] [1770278193.459614992] [bad_actor]: Sending [MALICIOUS] Command (Subject 99)
[WARN] [1770278193.460588681] [ngac_gatekeeper]: [BLOCK] Time: 544 ns | Unauthorized Subject 99
[INFO] [1770278193.974221919] [bad_actor]: Sending [VALID] Command (Subject 1)
[INFO] [1770278193.975295304] [ngac_gatekeeper]: [PASS] Time: 549 ns | Cmd forwarded
[INFO] [1770278194.461336729] [bad_actor]: Sending [MALICIOUS] Command (Subject 99)
[WARN] [1770278194.462837173] [ngac_gatekeeper]: [BLOCK] Time: 577 ns | Unauthorized Subject 99
[INFO] [1770278194.966207938] [bad_actor]: Sending [VALID] Command (Subject 1)
[INFO] [1770278194.967497312] [ngac_gatekeeper]: [PASS] Time: 1451 ns | Cmd forwarded
[INFO] [1770278195.460883670] [bad_actor]: Sending [MALICIOUS] Command (Subject 99)
[WARN] [1770278195.462163329] [ngac_gatekeeper]: [BLOCK] Time: 516 ns | Unauthorized Subject 99
[INFO] [1770278195.964874328] [bad_actor]: Sending [VALID] Command (Subject 1)
[INFO] [1770278195.966283365] [ngac_gatekeeper]: [PASS] Time: 755 ns | Cmd forwarded
[INFO] [1770278196.460760812] [bad_actor]: Sending [MALICIOUS] Command (Subject 99)
[WARN] [1770278196.462150335] [ngac_gatekeeper]: [BLOCK] Time: 3375 ns | Unauthorized Subject 99
[INFO] [1770278196.968887946] [bad_actor]: Sending [VALID] Command (Subject 1)
[INFO] [1770278196.969841633] [ngac_gatekeeper]: [PASS] Time: 586 ns | Cmd forwarded
[INFO] [1770278197.459293442] [bad_actor]: Sending [MALICIOUS] Command (Subject 99)
[WARN] [1770278197.460460397] [ngac_gatekeeper]: [BLOCK] Time: 644 ns | Unauthorized Subject 99
[INFO] [1770278197.973526580] [bad_actor]: Sending [VALID] Command (Subject 1)
[INFO] [1770278197.974698493] [ngac_gatekeeper]: [PASS] Time: 658 ns | Cmd forwarded
[INFO] [1770278198.457121296] [bad_actor]: Sending [MALICIOUS] Command (Subject 99)
[WARN] [1770278198.458057782] [ngac_gatekeeper]: [BLOCK] Time: 540 ns | Unauthorized Subject 99
[INFO] [1770278198.964572300] [bad_actor]: Sending [VALID] Command (Subject 1)
[INFO] [1770278198.965542047] [ngac_gatekeeper]: [PASS] Time: 609 ns | Cmd forwarded
[INFO] [1770278199.458656127] [bad_actor]: Sending [MALICIOUS] Command (Subject 99)
[WARN] [1770278199.459940895] [ngac_gatekeeper]: [BLOCK] Time: 507 ns | Unauthorized Subject 99
[INFO] [1770278199.962697383] [bad_actor]: Sending [VALID] Command (Subject 1)
[INFO] [1770278199.964008171] [ngac_gatekeeper]: [PASS] Time: 629 ns | Cmd forwarded
[INFO] [1770278200.456925752] [bad_actor]: Sending [MALICIOUS] Command (Subject 99)
[WARN] [1770278200.458164596] [ngac_gatekeeper]: [BLOCK] Time: 1156 ns | Unauthorized Subject 99
[INFO] [1770278200.956543244] [bad_actor]: Sending [VALID] Command (Subject 1)
[INFO] [1770278200.957644843] [ngac_gatekeeper]: [PASS] Time: 569 ns | Cmd forwarded
[INFO] [1770278201.457230923] [bad_actor]: Sending [MALICIOUS] Command (Subject 99)
[WARN] [1770278201.458316445] [ngac_gatekeeper]: [BLOCK] Time: 571 ns | Unauthorized Subject 99
[INFO] [1770278201.965429748] [bad_actor]: Sending [VALID] Command (Subject 1)
[INFO] [1770278201.966596460] [ngac_gatekeeper]: [PASS] Time: 1049 ns | Cmd forwarded
[INFO] [1770278199.980415794] [bad_actor]: Sending [MALICIOUS] Command (Subject 99)
[WARN] [1770278199.981834358] [ngac_gatekeeper]: [BLOCK] Time: 560 ns | Unauthorized Subject 99
[INFO] [1770278200.483153625] [bad_actor]: Sending [VALID] Command (Subject 1)
[INFO] [1770278200.484817422] [ngac_gatekeeper]: [PASS] Time: 806 ns | Cmd forwarded
[INFO] [1770278201.012098459] [bad_actor]: Sending [MALICIOUS] Command (Subject 99)
[WARN] [1770278201.013280089] [ngac_gatekeeper]: [BLOCK] Time: 606 ns | Unauthorized Subject 99
[INFO] [1770278201.482408814] [bad_actor]: Sending [VALID] Command (Subject 1)
[INFO] [1770278201.484562090] [ngac_gatekeeper]: [PASS] Time: 1498 ns | Cmd forwarded
[INFO] [1770278201.979711229] [bad_actor]: Sending [MALICIOUS] Command (Subject 99)
[WARN] [1770278201.981265089] [ngac_gatekeeper]: [BLOCK] Time: 591 ns | Unauthorized Subject 99
[INFO] [1770278202.482191136] [bad_actor]: Sending [VALID] Command (Subject 1)
[INFO] [1770278202.483008410] [ngac_gatekeeper]: [PASS] Time: 513 ns | Cmd forwarded
[INFO] [1770278202.982641771] [bad_actor]: Sending [MALICIOUS] Command (Subject 99)
[WARN] [1770278202.983737023] [ngac_gatekeeper]: [BLOCK] Time: 519 ns | Unauthorized Subject 99
[INFO] [1770278203.501377209] [bad_actor]: Sending [VALID] Command (Subject 1)
[INFO] [1770278203.520189460] [ngac_gatekeeper]: [PASS] Time: 8390 ns | Cmd forwarded
[INFO] [1770278203.976215496] [bad_actor]: Sending [MALICIOUS] Command (Subject 99)
[WARN] [1770278203.977404287] [ngac_gatekeeper]: [BLOCK] Time: 1693 ns | Unauthorized Subject 99
[INFO] [1770278204.474847425] [bad_actor]: Sending [VALID] Command (Subject 1)
[INFO] [1770278204.476500809] [ngac_gatekeeper]: [PASS] Time: 702 ns | Cmd forwarded
[INFO] [1770278204.975225599] [bad_actor]: Sending [MALICIOUS] Command (Subject 99)
[WARN] [1770278204.976198670] [ngac_gatekeeper]: [BLOCK] Time: 703 ns | Unauthorized Subject 99
[INFO] [1770278205.473489564] [bad_actor]: Sending [VALID] Command (Subject 1)
[INFO] [1770278205.474695635] [ngac_gatekeeper]: [PASS] Time: 716 ns | Cmd forwarded
[INFO] [1770278205.974356405] [bad_actor]: Sending [MALICIOUS] Command (Subject 99)
[WARN] [1770278205.975635916] [ngac_gatekeeper]: [BLOCK] Time: 1130 ns | Unauthorized Subject 99
[INFO] [1770278206.474114220] [bad_actor]: Sending [VALID] Command (Subject 1)
[INFO] [1770278206.475431480] [ngac_gatekeeper]: [PASS] Time: 157370 ns | Cmd forwarded
[INFO] [1770278206.973245047] [bad_actor]: Sending [MALICIOUS] Command (Subject 99)
[WARN] [1770278206.974330715] [ngac_gatekeeper]: [BLOCK] Time: 610 ns | Unauthorized Subject 99
[INFO] [1770278207.473811248] [bad_actor]: Sending [VALID] Command (Subject 1)
[INFO] [1770278207.474845034] [ngac_gatekeeper]: [PASS] Time: 929 ns | Cmd forwarded
[INFO] [1770278207.975958309] [bad_actor]: Sending [MALICIOUS] Command (Subject 99)
[WARN] [1770278207.977235976] [ngac_gatekeeper]: [BLOCK] Time: 1694 ns | Unauthorized Subject 99
[INFO] [1770278208.480174595] [bad_actor]: Sending [VALID] Command (Subject 1)
[INFO] [1770278208.481910340] [ngac_gatekeeper]: [PASS] Time: 1267 ns | Cmd forwarded
[INFO] [1770278208.975776438] [bad_actor]: Sending [MALICIOUS] Command (Subject 99)
[WARN] [1770278208.977196862] [ngac_gatekeeper]: [BLOCK] Time: 708 ns | Unauthorized Subject 99
[INFO] [1770278209.489538761] [bad_actor]: Sending [VALID] Command (Subject 1)
[INFO] [1770278209.490792354] [ngac_gatekeeper]: [PASS] Time: 566 ns | Cmd forwarded
[INFO] [1770278209.974795039] [bad_actor]: Sending [MALICIOUS] Command (Subject 99)
[WARN] [1770278209.976543100] [ngac_gatekeeper]: [BLOCK] Time: 1160 ns | Unauthorized Subject 99
[INFO] [1770278210.488809088] [bad_actor]: Sending [VALID] Command (Subject 1)
[INFO] [1770278210.490165592] [ngac_gatekeeper]: [PASS] Time: 2489 ns | Cmd forwarded
[INFO] [1770278210.974224271] [bad_actor]: Sending [MALICIOUS] Command (Subject 99)
[WARN] [1770278210.975117360] [ngac_gatekeeper]: [BLOCK] Time: 1698 ns | Unauthorized Subject 99
[INFO] [1770278211.479977978] [bad_actor]: Sending [VALID] Command (Subject 1)
[INFO] [1770278211.481138739] [ngac_gatekeeper]: [PASS] Time: 578 ns | Cmd forwarded
[INFO] [1770278211.975432508] [bad_actor]: Sending [MALICIOUS] Command (Subject 99)
[WARN] [1770278211.976553110] [ngac_gatekeeper]: [BLOCK] Time: 565 ns | Unauthorized Subject 99
[INFO] [1770278212.484035823] [bad_actor]: Sending [VALID] Command (Subject 1)
[INFO] [1770278212.485492810] [ngac_gatekeeper]: [PASS] Time: 526 ns | Cmd forwarded
[INFO] [1770278212.982139704] [bad_actor]: Sending [MALICIOUS] Command (Subject 99)
[WARN] [1770278212.983296681] [ngac_gatekeeper]: [BLOCK] Time: 776 ns | Unauthorized Subject 99
[INFO] [1770278213.480432778] [bad_actor]: Sending [VALID] Command (Subject 1)
[INFO] [1770278213.494592217] [ngac_gatekeeper]: [PASS] Time: 667 ns | Cmd forwarded
[INFO] [1770278213.979649023] [bad_actor]: Sending [MALICIOUS] Command (Subject 99)
[WARN] [1770278213.980754589] [ngac_gatekeeper]: [BLOCK] Time: 495 ns | Unauthorized Subject 99
[INFO] [1770278214.478489007] [bad_actor]: Sending [VALID] Command (Subject 1)
[INFO] [1770278214.479594662] [ngac_gatekeeper]: [PASS] Time: 815 ns | Cmd forwarded
[INFO] [1770278214.977402547] [bad_actor]: Sending [MALICIOUS] Command (Subject 99)
[WARN] [1770278214.978439995] [ngac_gatekeeper]: [BLOCK] Time: 1220 ns | Unauthorized Subject 99
[INFO] [1770278215.475935291] [bad_actor]: Sending [VALID] Command (Subject 1)
[INFO] [1770278215.476970820] [ngac_gatekeeper]: [PASS] Time: 601 ns | Cmd forwarded
[INFO] [1770278215.974522798] [bad_actor]: Sending [MALICIOUS] Command (Subject 99)
[WARN] [1770278215.975452905] [ngac_gatekeeper]: [BLOCK] Time: 508 ns | Unauthorized Subject 99
[INFO] [1770278216.483076235] [bad_actor]: Sending [VALID] Command (Subject 1)
[INFO] [1770278216.483974073] [ngac_gatekeeper]: [PASS] Time: 699 ns | Cmd forwarded
[INFO] [1770278216.992379127] [bad_actor]: Sending [MALICIOUS] Command (Subject 99)
[WARN] [1770278216.993610761] [ngac_gatekeeper]: [BLOCK] Time: 564 ns | Unauthorized Subject 99
[INFO] [1770278217.478461537] [bad_actor]: Sending [VALID] Command (Subject 1)
[INFO] [1770278217.479543086] [ngac_gatekeeper]: [PASS] Time: 879 ns | Cmd forwarded
[INFO] [1770278217.980548107] [bad_actor]: Sending [MALICIOUS] Command (Subject 99)
[WARN] [1770278217.981902822] [ngac_gatekeeper]: [BLOCK] Time: 426 ns | Unauthorized Subject 99
[INFO] [1770278218.494268628] [bad_actor]: Sending [VALID] Command (Subject 1)
[INFO] [1770278218.495131704] [ngac_gatekeeper]: [PASS] Time: 651 ns | Cmd forwarded
[INFO] [1770278218.978772947] [bad_actor]: Sending [MALICIOUS] Command (Subject 99)
[WARN] [1770278218.980061127] [ngac_gatekeeper]: [BLOCK] Time: 577 ns | Unauthorized Subject 99
[INFO] [1770278219.482019874] [bad_actor]: Sending [VALID] Command (Subject 1)
[INFO] [1770278219.483363994] [ngac_gatekeeper]: [PASS] Time: 827 ns | Cmd forwarded
[INFO] [1770278219.974141594] [bad_actor]: Sending [MALICIOUS] Command (Subject 99)
[WARN] [1770278219.975177671] [ngac_gatekeeper]: [BLOCK] Time: 569 ns | Unauthorized Subject 99
[INFO] [1770278220.476475038] [bad_actor]: Sending [VALID] Command (Subject 1)
[INFO] [1770278220.477575507] [ngac_gatekeeper]: [PASS] Time: 614 ns | Cmd forwarded
[INFO] [1770278220.980707296] [bad_actor]: Sending [MALICIOUS] Command (Subject 99)
[WARN] [1770278220.981507153] [ngac_gatekeeper]: [BLOCK] Time: 752 ns | Unauthorized Subject 99
[INFO] [1770278221.488833476] [bad_actor]: Sending [VALID] Command (Subject 1)
[INFO] [1770278221.490042762] [ngac_gatekeeper]: [PASS] Time: 612 ns | Cmd forwarded
[INFO] [1770278221.977164795] [bad_actor]: Sending [MALICIOUS] Command (Subject 99)
[WARN] [1770278221.978192344] [ngac_gatekeeper]: [BLOCK] Time: 545 ns | Unauthorized Subject 99
[INFO] [1770278222.489917349] [bad_actor]: Sending [VALID] Command (Subject 1)
[INFO] [1770278222.490996074] [ngac_gatekeeper]: [PASS] Time: 555 ns | Cmd forwarded
[INFO] [1770278222.973909287] [bad_actor]: Sending [MALICIOUS] Command (Subject 99)
[WARN] [1770278222.975227373] [ngac_gatekeeper]: [BLOCK] Time: 586 ns | Unauthorized Subject 99
[INFO] [1770278223.475811136] [bad_actor]: Sending [VALID] Command (Subject 1)
[INFO] [1770278223.476967843] [ngac_gatekeeper]: [PASS] Time: 549 ns | Cmd forwarded
[INFO] [1770278223.980352766] [bad_actor]: Sending [MALICIOUS] Command (Subject 99)
[WARN] [1770278223.981492110] [ngac_gatekeeper]: [BLOCK] Time: 610 ns | Unauthorized Subject 99
[INFO] [1770278224.483861002] [bad_actor]: Sending [VALID] Command (Subject 1)
[INFO] [1770278224.484991062] [ngac_gatekeeper]: [PASS] Time: 751 ns | Cmd forwarded
[INFO] [1770278224.984147283] [bad_actor]: Sending [MALICIOUS] Command (Subject 99)
[WARN] [1770278224.985077876] [ngac_gatekeeper]: [BLOCK] Time: 554 ns | Unauthorized Subject 99
[INFO] [1770278225.485855983] [bad_actor]: Sending [VALID] Command (Subject 1)
[INFO] [1770278225.487295705] [ngac_gatekeeper]: [PASS] Time: 562 ns | Cmd forwarded
[INFO] [1770278225.982925632] [bad_actor]: Sending [MALICIOUS] Command (Subject 99)
[WARN] [1770278225.984117004] [ngac_gatekeeper]: [BLOCK] Time: 589 ns | Unauthorized Subject 99
[INFO] [1770278226.475108658] [bad_actor]: Sending [VALID] Command (Subject 1)
[INFO] [1770278226.476197489] [ngac_gatekeeper]: [PASS] Time: 736 ns | Cmd forwarded
[INFO] [1770278226.978316389] [bad_actor]: Sending [MALICIOUS] Command (Subject 99)
[WARN] [1770278226.979571382] [ngac_gatekeeper]: [BLOCK] Time: 689 ns | Unauthorized Subject 99
[INFO] [1770278227.486135804] [bad_actor]: Sending [VALID] Command (Subject 1)
[INFO] [1770278227.487111495] [ngac_gatekeeper]: [PASS] Time: 1427 ns | Cmd forwarded
[INFO] [1770278227.973788774] [bad_actor]: Sending [MALICIOUS] Command (Subject 99)
[WARN] [1770278227.975089885] [ngac_gatekeeper]: [BLOCK] Time: 778 ns | Unauthorized Subject 99
[INFO] [1770278228.483754326] [bad_actor]: Sending [VALID] Command (Subject 1)
[INFO] [1770278228.484970628] [ngac_gatekeeper]: [PASS] Time: 626 ns | Cmd forwarded
[INFO] [1770278228.973819899] [bad_actor]: Sending [MALICIOUS] Command (Subject 99)
[WARN] [1770278228.975305032] [ngac_gatekeeper]: [BLOCK] Time: 540 ns | Unauthorized Subject 99
[INFO] [1770278229.474269614] [bad_actor]: Sending [VALID] Command (Subject 1)
[INFO] [1770278229.475524898] [ngac_gatekeeper]: [PASS] Time: 641 ns | Cmd forwarded
[INFO] [1770278229.977690197] [bad_actor]: Sending [MALICIOUS] Command (Subject 99)
[WARN] [1770278229.978929968] [ngac_gatekeeper]: [BLOCK] Time: 529 ns | Unauthorized Subject 99
[INFO] [1770278230.483768629] [bad_actor]: Sending [VALID] Command (Subject 1)
[INFO] [1770278230.485007679] [ngac_gatekeeper]: [PASS] Time: 571 ns | Cmd forwarded
[INFO] [1770278230.985450009] [bad_actor]: Sending [MALICIOUS] Command (Subject 99)
[WARN] [1770278230.986670148] [ngac_gatekeeper]: [BLOCK] Time: 531 ns | Unauthorized Subject 99
[INFO] [1770278231.483565546] [bad_actor]: Sending [VALID] Command (Subject 1)
[INFO] [1770278231.484632004] [ngac_gatekeeper]: [PASS] Time: 786 ns | Cmd forwarded
[INFO] [1770278231.984466487] [bad_actor]: Sending [MALICIOUS] Command (Subject 99)
[WARN] [1770278231.985783246] [ngac_gatekeeper]: [BLOCK] Time: 554 ns | Unauthorized Subject 99
[INFO] [1770278229.994616043] [bad_actor]: Sending [VALID] Command (Subject 1)
[INFO] [1770278229.995506234] [ngac_gatekeeper]: [PASS] Time: 520 ns | Cmd forwarded
[INFO] [1770278230.497988001] [bad_actor]: Sending [MALICIOUS] Command (Subject 99)
[WARN] [1770278230.499261149] [ngac_gatekeeper]: [BLOCK] Time: 657 ns | Unauthorized Subject 99
[INFO] [1770278231.001920237] [bad_actor]: Sending [VALID] Command (Subject 1)
[INFO] [1770278231.003235229] [ngac_gatekeeper]: [PASS] Time: 647 ns | Cmd forwarded
[INFO] [1770278231.497365485] [bad_actor]: Sending [MALICIOUS] Command (Subject 99)
[WARN] [1770278231.498526015] [ngac_gatekeeper]: [BLOCK] Time: 719 ns | Unauthorized Subject 99
[INFO] [1770278231.999594864] [bad_actor]: Sending [VALID] Command (Subject 1)
[INFO] [1770278232.000588834] [ngac_gatekeeper]: [PASS] Time: 538 ns | Cmd forwarded
[INFO] [1770278232.495561885] [bad_actor]: Sending [MALICIOUS] Command (Subject 99)
[WARN] [1770278232.496646078] [ngac_gatekeeper]: [BLOCK] Time: 643 ns | Unauthorized Subject 99
[INFO] [1770278232.994514565] [bad_actor]: Sending [VALID] Command (Subject 1)
[INFO] [1770278232.995608194] [ngac_gatekeeper]: [PASS] Time: 535 ns | Cmd forwarded
[INFO] [1770278233.494969192] [bad_actor]: Sending [MALICIOUS] Command (Subject 99)
[WARN] [1770278233.496163769] [ngac_gatekeeper]: [BLOCK] Time: 567 ns | Unauthorized Subject 99
[INFO] [1770278233.994594951] [bad_actor]: Sending [VALID] Command (Subject 1)
[INFO] [1770278233.995763742] [ngac_gatekeeper]: [PASS] Time: 604 ns | Cmd forwarded
[INFO] [1770278234.494255313] [bad_actor]: Sending [MALICIOUS] Command (Subject 99)
[WARN] [1770278234.495397311] [ngac_gatekeeper]: [BLOCK] Time: 544 ns | Unauthorized Subject 99
[INFO] [1770278234.994450638] [bad_actor]: Sending [VALID] Command (Subject 1)
[INFO] [1770278234.995662990] [ngac_gatekeeper]: [PASS] Time: 755 ns | Cmd forwarded
[INFO] [1770278235.494241089] [bad_actor]: Sending [MALICIOUS] Command (Subject 99)
[WARN] [1770278235.495513456] [ngac_gatekeeper]: [BLOCK] Time: 684 ns | Unauthorized Subject 99
[INFO] [1770278235.993920757] [bad_actor]: Sending [VALID] Command (Subject 1)
[INFO] [1770278235.995115387] [ngac_gatekeeper]: [PASS] Time: 683 ns | Cmd forwarded
[INFO] [1770278236.495145544] [bad_actor]: Sending [MALICIOUS] Command (Subject 99)
[WARN] [1770278236.496486779] [ngac_gatekeeper]: [BLOCK] Time: 502 ns | Unauthorized Subject 99
[INFO] [1770278237.005299097] [bad_actor]: Sending [VALID] Command (Subject 1)
[INFO] [1770278237.006265176] [ngac_gatekeeper]: [PASS] Time: 880 ns | Cmd forwarded
[INFO] [1770278237.533334584] [bad_actor]: Sending [MALICIOUS] Command (Subject 99)
[WARN] [1770278237.534657905] [ngac_gatekeeper]: [BLOCK] Time: 567 ns | Unauthorized Subject 99
[INFO] [1770278237.999924660] [bad_actor]: Sending [VALID] Command (Subject 1)
[INFO] [1770278238.001294258] [ngac_gatekeeper]: [PASS] Time: 689 ns | Cmd forwarded
[INFO] [1770278238.503881168] [bad_actor]: Sending [MALICIOUS] Command (Subject 99)
[WARN] [1770278238.505312228] [ngac_gatekeeper]: [BLOCK] Time: 1136 ns | Unauthorized Subject 99
[INFO] [1770278238.994333047] [bad_actor]: Sending [VALID] Command (Subject 1)
[INFO] [1770278238.995475338] [ngac_gatekeeper]: [PASS] Time: 684 ns | Cmd forwarded
[INFO] [1770278239.497644539] [bad_actor]: Sending [MALICIOUS] Command (Subject 99)
[WARN] [1770278239.498974390] [ngac_gatekeeper]: [BLOCK] Time: 1460 ns | Unauthorized Subject 99
[INFO] [1770278240.007876807] [bad_actor]: Sending [VALID] Command (Subject 1)
[INFO] [1770278240.009151812] [ngac_gatekeeper]: [PASS] Time: 599 ns | Cmd forwarded
[INFO] [1770278240.532940759] [bad_actor]: Sending [MALICIOUS] Command (Subject 99)
[WARN] [1770278240.534172998] [ngac_gatekeeper]: [BLOCK] Time: 603 ns | Unauthorized Subject 99
[INFO] [1770278241.003690215] [bad_actor]: Sending [VALID] Command (Subject 1)
[INFO] [1770278241.004678298] [ngac_gatekeeper]: [PASS] Time: 630 ns | Cmd forwarded
[INFO] [1770278241.506717962] [bad_actor]: Sending [MALICIOUS] Command (Subject 99)
[WARN] [1770278241.507866525] [ngac_gatekeeper]: [BLOCK] Time: 629 ns | Unauthorized Subject 99
[INFO] [1770278242.002190995] [bad_actor]: Sending [VALID] Command (Subject 1)
[INFO] [1770278242.003337286] [ngac_gatekeeper]: [PASS] Time: 907 ns | Cmd forwarded
[INFO] [1770278242.496838819] [bad_actor]: Sending [MALICIOUS] Command (Subject 99)
[WARN] [1770278242.498131841] [ngac_gatekeeper]: [BLOCK] Time: 558 ns | Unauthorized Subject 99
[INFO] [1770278242.997294623] [bad_actor]: Sending [VALID] Command (Subject 1)
[INFO] [1770278242.998687271] [ngac_gatekeeper]: [PASS] Time: 1018 ns | Cmd forwarded
[INFO] [1770278243.506706405] [bad_actor]: Sending [MALICIOUS] Command (Subject 99)
[WARN] [1770278243.508100554] [ngac_gatekeeper]: [BLOCK] Time: 1184 ns | Unauthorized Subject 99
[INFO] [1770278243.996705328] [bad_actor]: Sending [VALID] Command (Subject 1)
[INFO] [1770278243.998510783] [ngac_gatekeeper]: [PASS] Time: 535 ns | Cmd forwarded
[INFO] [1770278244.534105145] [bad_actor]: Sending [MALICIOUS] Command (Subject 99)
[WARN] [1770278244.535283999] [ngac_gatekeeper]: [BLOCK] Time: 745 ns | Unauthorized Subject 99
[INFO] [1770278245.025248099] [bad_actor]: Sending [VALID] Command (Subject 1)
[INFO] [1770278245.026314289] [ngac_gatekeeper]: [PASS] Time: 684 ns | Cmd forwarded
[INFO] [1770278245.497353423] [bad_actor]: Sending [MALICIOUS] Command (Subject 99)
[WARN] [1770278245.498441852] [ngac_gatekeeper]: [BLOCK] Time: 638 ns | Unauthorized Subject 99
[INFO] [1770278245.995923466] [bad_actor]: Sending [VALID] Command (Subject 1)
[INFO] [1770278245.997230936] [ngac_gatekeeper]: [PASS] Time: 717 ns | Cmd forwarded
[INFO] [1770278246.497865797] [bad_actor]: Sending [MALICIOUS] Command (Subject 99)
[WARN] [1770278246.498926719] [ngac_gatekeeper]: [BLOCK] Time: 629 ns | Unauthorized Subject 99
[INFO] [1770278247.006013797] [bad_actor]: Sending [VALID] Command (Subject 1)
[INFO] [1770278247.007269991] [ngac_gatekeeper]: [PASS] Time: 624 ns | Cmd forwarded
[INFO] [1770278247.504799751] [bad_actor]: Sending [MALICIOUS] Command (Subject 99)
[WARN] [1770278247.506028266] [ngac_gatekeeper]: [BLOCK] Time: 917 ns | Unauthorized Subject 99
[INFO] [1770278247.995635255] [bad_actor]: Sending [VALID] Command (Subject 1)
[INFO] [1770278247.996534609] [ngac_gatekeeper]: [PASS] Time: 4991 ns | Cmd forwarded
[INFO] [1770278248.497033461] [bad_actor]: Sending [MALICIOUS] Command (Subject 99)
[WARN] [1770278248.497846487] [ngac_gatekeeper]: [BLOCK] Time: 700 ns | Unauthorized Subject 99
[INFO] [1770278248.995396940] [bad_actor]: Sending [VALID] Command (Subject 1)
[INFO] [1770278248.996683166] [ngac_gatekeeper]: [PASS] Time: 662 ns | Cmd forwarded
[INFO] [1770278249.506452964] [bad_actor]: Sending [MALICIOUS] Command (Subject 99)
[WARN] [1770278249.507577082] [ngac_gatekeeper]: [BLOCK] Time: 676 ns | Unauthorized Subject 99
[INFO] [1770278250.000619025] [bad_actor]: Sending [VALID] Command (Subject 1)
[INFO] [1770278250.001706144] [ngac_gatekeeper]: [PASS] Time: 1343 ns | Cmd forwarded
[INFO] [1770278250.503763484] [bad_actor]: Sending [MALICIOUS] Command (Subject 99)
[WARN] [1770278250.504890350] [ngac_gatekeeper]: [BLOCK] Time: 583 ns | Unauthorized Subject 99
[INFO] [1770278250.999157827] [bad_actor]: Sending [VALID] Command (Subject 1)
[INFO] [1770278251.000172587] [ngac_gatekeeper]: [PASS] Time: 756 ns | Cmd forwarded
[INFO] [1770278251.497972839] [bad_actor]: Sending [MALICIOUS] Command (Subject 99)
[WARN] [1770278251.498915919] [ngac_gatekeeper]: [BLOCK] Time: 488 ns | Unauthorized Subject 99
[INFO] [1770278251.998074396] [bad_actor]: Sending [VALID] Command (Subject 1)
[INFO] [1770278251.999385342] [ngac_gatekeeper]: [PASS] Time: 820 ns | Cmd forwarded
[INFO] [1770278252.497829585] [bad_actor]: Sending [MALICIOUS] Command (Subject 99)
[WARN] [1770278252.499243326] [ngac_gatekeeper]: [BLOCK] Time: 490 ns | Unauthorized Subject 99
[INFO] [1770278252.995133021] [bad_actor]: Sending [VALID] Command (Subject 1)
[INFO] [1770278252.996292121] [ngac_gatekeeper]: [PASS] Time: 510 ns | Cmd forwarded
[INFO] [1770278253.493932181] [bad_actor]: Sending [MALICIOUS] Command (Subject 99)
[WARN] [1770278253.495096376] [ngac_gatekeeper]: [BLOCK] Time: 572 ns | Unauthorized Subject 99
[INFO] [1770278253.995937482] [bad_actor]: Sending [VALID] Command (Subject 1)
[INFO] [1770278253.996801514] [ngac_gatekeeper]: [PASS] Time: 634 ns | Cmd forwarded
[INFO] [1770278254.497394949] [bad_actor]: Sending [MALICIOUS] Command (Subject 99)
[WARN] [1770278254.498655158] [ngac_gatekeeper]: [BLOCK] Time: 815 ns | Unauthorized Subject 99
[INFO] [1770278254.994346022] [bad_actor]: Sending [VALID] Command (Subject 1)
[INFO] [1770278254.995441264] [ngac_gatekeeper]: [PASS] Time: 1100 ns | Cmd forwarded
[INFO] [1770278255.496208754] [bad_actor]: Sending [MALICIOUS] Command (Subject 99)
[WARN] [1770278255.497329198] [ngac_gatekeeper]: [BLOCK] Time: 685 ns | Unauthorized Subject 99
[INFO] [1770278256.009944768] [bad_actor]: Sending [VALID] Command (Subject 1)
[INFO] [1770278256.011173180] [ngac_gatekeeper]: [PASS] Time: 724 ns | Cmd forwarded
[INFO] [1770278256.495026631] [bad_actor]: Sending [MALICIOUS] Command (Subject 99)
[WARN] [1770278256.496507199] [ngac_gatekeeper]: [BLOCK] Time: 540 ns | Unauthorized Subject 99
[INFO] [1770278257.006949633] [bad_actor]: Sending [VALID] Command (Subject 1)
[INFO] [1770278257.008308612] [ngac_gatekeeper]: [PASS] Time: 619 ns | Cmd forwarded
[INFO] [1770278257.497432885] [bad_actor]: Sending [MALICIOUS] Command (Subject 99)
[WARN] [1770278257.499032723] [ngac_gatekeeper]: [BLOCK] Time: 1489 ns | Unauthorized Subject 99
[INFO] [1770278258.003098714] [bad_actor]: Sending [VALID] Command (Subject 1)
[INFO] [1770278258.003970757] [ngac_gatekeeper]: [PASS] Time: 818 ns | Cmd forwarded
[INFO] [1770278258.501891597] [bad_actor]: Sending [MALICIOUS] Command (Subject 99)
[WARN] [1770278258.503061549] [ngac_gatekeeper]: [BLOCK] Time: 558 ns | Unauthorized Subject 99
[INFO] [1770278258.999952106] [bad_actor]: Sending [VALID] Command (Subject 1)
[INFO] [1770278259.001103802] [ngac_gatekeeper]: [PASS] Time: 779 ns | Cmd forwarded
[INFO] [1770278259.498215816] [bad_actor]: Sending [MALICIOUS] Command (Subject 99)
[WARN] [1770278259.499290673] [ngac_gatekeeper]: [BLOCK] Time: 555 ns | Unauthorized Subject 99
[INFO] [1770278260.006565204] [bad_actor]: Sending [VALID] Command (Subject 1)
[INFO] [1770278260.008085257] [ngac_gatekeeper]: [PASS] Time: 803 ns | Cmd forwarded
[INFO] [1770278260.497320245] [bad_actor]: Sending [MALICIOUS] Command (Subject 99)
[WARN] [1770278260.498611354] [ngac_gatekeeper]: [BLOCK] Time: 486 ns | Unauthorized Subject 99
[INFO] [1770278260.996758917] [bad_actor]: Sending [VALID] Command (Subject 1)
[INFO] [1770278260.998020025] [ngac_gatekeeper]: [PASS] Time: 758 ns | Cmd forwarded
[INFO] [1770278261.494668586] [bad_actor]: Sending [MALICIOUS] Command (Subject 99)
[WARN] [1770278261.496030859] [ngac_gatekeeper]: [BLOCK] Time: 552 ns | Unauthorized Subject 99
[INFO] [1770278259.516246336] [bad_actor]: Sending [VALID] Command (Subject 1)
[INFO] [1770278259.517495066] [ngac_gatekeeper]: [PASS] Time: 624 ns | Cmd forwarded
[INFO] [1770278260.016407705] [bad_actor]: Sending [MALICIOUS] Command (Subject 99)
[WARN] [1770278260.017490135] [ngac_gatekeeper]: [BLOCK] Time: 1106 ns | Unauthorized Subject 99
[INFO] [1770278260.516507469] [bad_actor]: Sending [VALID] Command (Subject 1)
[INFO] [1770278260.517859259] [ngac_gatekeeper]: [PASS] Time: 517 ns | Cmd forwarded
[INFO] [1770278261.012727583] [bad_actor]: Sending [MALICIOUS] Command (Subject 99)
[WARN] [1770278261.013882188] [ngac_gatekeeper]: [BLOCK] Time: 664 ns | Unauthorized Subject 99
[INFO] [1770278261.516538904] [bad_actor]: Sending [VALID] Command (Subject 1)
[INFO] [1770278261.517624688] [ngac_gatekeeper]: [PASS] Time: 652 ns | Cmd forwarded
[INFO] [1770278262.011021271] [bad_actor]: Sending [MALICIOUS] Command (Subject 99)
[WARN] [1770278262.012216508] [ngac_gatekeeper]: [BLOCK] Time: 510 ns | Unauthorized Subject 99
[INFO] [1770278262.511086286] [bad_actor]: Sending [VALID] Command (Subject 1)
[INFO] [1770278262.512241034] [ngac_gatekeeper]: [PASS] Time: 571 ns | Cmd forwarded
[INFO] [1770278263.011110969] [bad_actor]: Sending [MALICIOUS] Command (Subject 99)
[WARN] [1770278263.012343694] [ngac_gatekeeper]: [BLOCK] Time: 614 ns | Unauthorized Subject 99
[INFO] [1770278263.515173892] [bad_actor]: Sending [VALID] Command (Subject 1)
[INFO] [1770278263.516429150] [ngac_gatekeeper]: [PASS] Time: 738 ns | Cmd forwarded
[INFO] [1770278264.011634895] [bad_actor]: Sending [MALICIOUS] Command (Subject 99)
[WARN] [1770278264.012961772] [ngac_gatekeeper]: [BLOCK] Time: 565 ns | Unauthorized Subject 99
[INFO] [1770278264.511321627] [bad_actor]: Sending [VALID] Command (Subject 1)
[INFO] [1770278264.512439172] [ngac_gatekeeper]: [PASS] Time: 669 ns | Cmd forwarded
[INFO] [1770278265.012559894] [bad_actor]: Sending [MALICIOUS] Command (Subject 99)
[WARN] [1770278265.051645034] [ngac_gatekeeper]: [BLOCK] Time: 6630 ns | Unauthorized Subject 99
[INFO] [1770278265.511996730] [bad_actor]: Sending [VALID] Command (Subject 1)
[INFO] [1770278265.513615068] [ngac_gatekeeper]: [PASS] Time: 1120 ns | Cmd forwarded
[INFO] [1770278266.017494217] [bad_actor]: Sending [MALICIOUS] Command (Subject 99)
[WARN] [1770278266.018477305] [ngac_gatekeeper]: [BLOCK] Time: 614 ns | Unauthorized Subject 99
[INFO] [1770278266.511741656] [bad_actor]: Sending [VALID] Command (Subject 1)
[INFO] [1770278266.512645729] [ngac_gatekeeper]: [PASS] Time: 1586 ns | Cmd forwarded
[INFO] [1770278267.010702293] [bad_actor]: Sending [MALICIOUS] Command (Subject 99)
[WARN] [1770278267.011742430] [ngac_gatekeeper]: [BLOCK] Time: 606 ns | Unauthorized Subject 99
[INFO] [1770278267.520621785] [bad_actor]: Sending [VALID] Command (Subject 1)
[INFO] [1770278267.521739841] [ngac_gatekeeper]: [PASS] Time: 1673 ns | Cmd forwarded
[INFO] [1770278268.025155017] [bad_actor]: Sending [MALICIOUS] Command (Subject 99)
[WARN] [1770278268.026280668] [ngac_gatekeeper]: [BLOCK] Time: 497 ns | Unauthorized Subject 99
[INFO] [1770278268.523030541] [bad_actor]: Sending [VALID] Command (Subject 1)
[INFO] [1770278268.524300295] [ngac_gatekeeper]: [PASS] Time: 1116 ns | Cmd forwarded
[INFO] [1770278269.020433824] [bad_actor]: Sending [MALICIOUS] Command (Subject 99)
[WARN] [1770278269.021686396] [ngac_gatekeeper]: [BLOCK] Time: 996 ns | Unauthorized Subject 99
[INFO] [1770278269.518365074] [bad_actor]: Sending [VALID] Command (Subject 1)
[INFO] [1770278269.519422109] [ngac_gatekeeper]: [PASS] Time: 667 ns | Cmd forwarded
[INFO] [1770278270.014214074] [bad_actor]: Sending [MALICIOUS] Command (Subject 99)
[WARN] [1770278270.014959873] [ngac_gatekeeper]: [BLOCK] Time: 543 ns | Unauthorized Subject 99
[INFO] [1770278270.512844043] [bad_actor]: Sending [VALID] Command (Subject 1)
[INFO] [1770278270.513880118] [ngac_gatekeeper]: [PASS] Time: 575 ns | Cmd forwarded
[INFO] [1770278271.024787877] [bad_actor]: Sending [MALICIOUS] Command (Subject 99)
[WARN] [1770278271.025930601] [ngac_gatekeeper]: [BLOCK] Time: 576 ns | Unauthorized Subject 99
[INFO] [1770278271.511181283] [bad_actor]: Sending [VALID] Command (Subject 1)
[INFO] [1770278271.512716496] [ngac_gatekeeper]: [PASS] Time: 643 ns | Cmd forwarded
[INFO] [1770278272.015966420] [bad_actor]: Sending [MALICIOUS] Command (Subject 99)
[WARN] [1770278272.017350903] [ngac_gatekeeper]: [BLOCK] Time: 1568 ns | Unauthorized Subject 99
[INFO] [1770278272.526567983] [bad_actor]: Sending [VALID] Command (Subject 1)
[INFO] [1770278272.527759085] [ngac_gatekeeper]: [PASS] Time: 635 ns | Cmd forwarded
[INFO] [1770278273.010996858] [bad_actor]: Sending [MALICIOUS] Command (Subject 99)
[WARN] [1770278273.012535075] [ngac_gatekeeper]: [BLOCK] Time: 513 ns | Unauthorized Subject 99
[INFO] [1770278273.510774390] [bad_actor]: Sending [VALID] Command (Subject 1)
[INFO] [1770278273.511880004] [ngac_gatekeeper]: [PASS] Time: 658 ns | Cmd forwarded
[INFO] [1770278274.020015732] [bad_actor]: Sending [MALICIOUS] Command (Subject 99)
[WARN] [1770278274.021198042] [ngac_gatekeeper]: [BLOCK] Time: 664 ns | Unauthorized Subject 99
[INFO] [1770278274.526968601] [bad_actor]: Sending [VALID] Command (Subject 1)
[INFO] [1770278274.528108320] [ngac_gatekeeper]: [PASS] Time: 840 ns | Cmd forwarded
[INFO] [1770278275.019258265] [bad_actor]: Sending [MALICIOUS] Command (Subject 99)
[WARN] [1770278275.020513033] [ngac_gatekeeper]: [BLOCK] Time: 590 ns | Unauthorized Subject 99
[INFO] [1770278275.510931618] [bad_actor]: Sending [VALID] Command (Subject 1)
[INFO] [1770278275.512131752] [ngac_gatekeeper]: [PASS] Time: 1504 ns | Cmd forwarded
[INFO] [1770278276.010845967] [bad_actor]: Sending [MALICIOUS] Command (Subject 99)
[WARN] [1770278276.012338646] [ngac_gatekeeper]: [BLOCK] Time: 608 ns | Unauthorized Subject 99
[INFO] [1770278276.526664488] [bad_actor]: Sending [VALID] Command (Subject 1)
[INFO] [1770278276.527560552] [ngac_gatekeeper]: [PASS] Time: 5612 ns | Cmd forwarded
[INFO] [1770278277.014110644] [bad_actor]: Sending [MALICIOUS] Command (Subject 99)
[WARN] [1770278277.015160825] [ngac_gatekeeper]: [BLOCK] Time: 626 ns | Unauthorized Subject 99
[INFO] [1770278277.516496250] [bad_actor]: Sending [VALID] Command (Subject 1)
[INFO] [1770278277.517508527] [ngac_gatekeeper]: [PASS] Time: 573 ns | Cmd forwarded
[INFO] [1770278278.012950209] [bad_actor]: Sending [MALICIOUS] Command (Subject 99)
[WARN] [1770278278.014044078] [ngac_gatekeeper]: [BLOCK] Time: 600 ns | Unauthorized Subject 99
[INFO] [1770278278.515872099] [bad_actor]: Sending [VALID] Command (Subject 1)
[INFO] [1770278278.517022172] [ngac_gatekeeper]: [PASS] Time: 1289 ns | Cmd forwarded
[INFO] [1770278279.010741605] [bad_actor]: Sending [MALICIOUS] Command (Subject 99)
[WARN] [1770278279.011734547] [ngac_gatekeeper]: [BLOCK] Time: 878 ns | Unauthorized Subject 99
[INFO] [1770278279.522745871] [bad_actor]: Sending [VALID] Command (Subject 1)
[INFO] [1770278279.542487164] [ngac_gatekeeper]: [PASS] Time: 7916 ns | Cmd forwarded
[INFO] [1770278280.012209296] [bad_actor]: Sending [MALICIOUS] Command (Subject 99)
[WARN] [1770278280.013448387] [ngac_gatekeeper]: [BLOCK] Time: 599 ns | Unauthorized Subject 99
[INFO] [1770278280.515120207] [bad_actor]: Sending [VALID] Command (Subject 1)
[INFO] [1770278280.516193123] [ngac_gatekeeper]: [PASS] Time: 836 ns | Cmd forwarded
[INFO] [1770278281.011042914] [bad_actor]: Sending [MALICIOUS] Command (Subject 99)
[WARN] [1770278281.012287688] [ngac_gatekeeper]: [BLOCK] Time: 708 ns | Unauthorized Subject 99
[INFO] [1770278281.514925637] [bad_actor]: Sending [VALID] Command (Subject 1)
[INFO] [1770278281.516159322] [ngac_gatekeeper]: [PASS] Time: 672 ns | Cmd forwarded
[INFO] [1770278282.011002029] [bad_actor]: Sending [MALICIOUS] Command (Subject 99)
[WARN] [1770278282.012556995] [ngac_gatekeeper]: [BLOCK] Time: 963 ns | Unauthorized Subject 99
[INFO] [1770278282.520856171] [bad_actor]: Sending [VALID] Command (Subject 1)
[INFO] [1770278282.522097158] [ngac_gatekeeper]: [PASS] Time: 649 ns | Cmd forwarded
[INFO] [1770278283.017084255] [bad_actor]: Sending [MALICIOUS] Command (Subject 99)
[WARN] [1770278283.018265492] [ngac_gatekeeper]: [BLOCK] Time: 1157 ns | Unauthorized Subject 99
[INFO] [1770278283.519195018] [bad_actor]: Sending [VALID] Command (Subject 1)
[INFO] [1770278283.520294263] [ngac_gatekeeper]: [PASS] Time: 534 ns | Cmd forwarded
[INFO] [1770278284.011649301] [bad_actor]: Sending [MALICIOUS] Command (Subject 99)
[WARN] [1770278284.012700075] [ngac_gatekeeper]: [BLOCK] Time: 513 ns | Unauthorized Subject 99
[INFO] [1770278284.519423576] [bad_actor]: Sending [VALID] Command (Subject 1)
[INFO] [1770278284.520829029] [ngac_gatekeeper]: [PASS] Time: 755 ns | Cmd forwarded
[INFO] [1770278285.012178424] [bad_actor]: Sending [MALICIOUS] Command (Subject 99)
[WARN] [1770278285.013089948] [ngac_gatekeeper]: [BLOCK] Time: 487 ns | Unauthorized Subject 99
[INFO] [1770278285.517526686] [bad_actor]: Sending [VALID] Command (Subject 1)
[INFO] [1770278285.518939853] [ngac_gatekeeper]: [PASS] Time: 724 ns | Cmd forwarded
[INFO] [1770278286.016924989] [bad_actor]: Sending [MALICIOUS] Command (Subject 99)
[WARN] [1770278286.017831781] [ngac_gatekeeper]: [BLOCK] Time: 542 ns | Unauthorized Subject 99
[INFO] [1770278286.514057348] [bad_actor]: Sending [VALID] Command (Subject 1)
[INFO] [1770278286.515355235] [ngac_gatekeeper]: [PASS] Time: 585 ns | Cmd forwarded
[INFO] [1770278287.049635951] [bad_actor]: Sending [MALICIOUS] Command (Subject 99)
[WARN] [1770278287.050590938] [ngac_gatekeeper]: [BLOCK] Time: 587 ns | Unauthorized Subject 99
[INFO] [1770278287.513481574] [bad_actor]: Sending [VALID] Command (Subject 1)
[INFO] [1770278287.514576112] [ngac_gatekeeper]: [PASS] Time: 564 ns | Cmd forwarded
[INFO] [1770278288.011255961] [bad_actor]: Sending [MALICIOUS] Command (Subject 99)
[WARN] [1770278288.012904571] [ngac_gatekeeper]: [BLOCK] Time: 591 ns | Unauthorized Subject 99
[INFO] [1770278288.512958503] [bad_actor]: Sending [VALID] Command (Subject 1)
[INFO] [1770278288.514223875] [ngac_gatekeeper]: [PASS] Time: 559 ns | Cmd forwarded
[INFO] [1770278289.012127666] [bad_actor]: Sending [MALICIOUS] Command (Subject 99)
[WARN] [1770278289.013159244] [ngac_gatekeeper]: [BLOCK] Time: 681 ns | Unauthorized Subject 99
[INFO] [1770278289.513517531] [bad_actor]: Sending [VALID] Command (Subject 1)
[INFO] [1770278289.514919218] [ngac_gatekeeper]: [PASS] Time: 616 ns | Cmd forwarded
[INFO] [1770278290.011439855] [bad_actor]: Sending [MALICIOUS] Command (Subject 99)
[WARN] [1770278290.012641062] [ngac_gatekeeper]: [BLOCK] Time: 4883 ns | Unauthorized Subject 99
[INFO] [1770278290.513765613] [bad_actor]: Sending [VALID] Command (Subject 1)
[INFO] [1770278290.514772805] [ngac_gatekeeper]: [PASS] Time: 710 ns | Cmd forwarded
[INFO] [1770278291.010700432] [bad_actor]: Sending [MALICIOUS] Command (Subject 99)
[WARN] [1770278291.012124236] [ngac_gatekeeper]: [BLOCK] Time: 1020 ns | Unauthorized Subject 99
[INFO] [1770278291.513116848] [bad_actor]: Sending [VALID] Command (Subject 1)
[INFO] [1770278291.514403088] [ngac_gatekeeper]: [PASS] Time: 764 ns | Cmd forwarded
[INFO] [1770278289.534039729] [bad_actor]: Sending [MALICIOUS] Command (Subject 99)
[WARN] [1770278289.535298988] [ngac_gatekeeper]: [BLOCK] Time: 520 ns | Unauthorized Subject 99
[INFO] [1770278290.033593808] [bad_actor]: Sending [VALID] Command (Subject 1)
[INFO] [1770278290.034727726] [ngac_gatekeeper]: [PASS] Time: 675 ns | Cmd forwarded
[INFO] [1770278290.533510044] [bad_actor]: Sending [MALICIOUS] Command (Subject 99)
[WARN] [1770278290.534580053] [ngac_gatekeeper]: [BLOCK] Time: 500 ns | Unauthorized Subject 99
[INFO] [1770278291.034001550] [bad_actor]: Sending [VALID] Command (Subject 1)
[INFO] [1770278291.035100165] [ngac_gatekeeper]: [PASS] Time: 1094 ns | Cmd forwarded
[INFO] [1770278291.533691171] [bad_actor]: Sending [MALICIOUS] Command (Subject 99)
[WARN] [1770278291.534818410] [ngac_gatekeeper]: [BLOCK] Time: 640 ns | Unauthorized Subject 99
[INFO] [1770278292.034074527] [bad_actor]: Sending [VALID] Command (Subject 1)
[INFO] [1770278292.035200711] [ngac_gatekeeper]: [PASS] Time: 668 ns | Cmd forwarded
[INFO] [1770278292.533638948] [bad_actor]: Sending [MALICIOUS] Command (Subject 99)
[WARN] [1770278292.534947952] [ngac_gatekeeper]: [BLOCK] Time: 461 ns | Unauthorized Subject 99
[INFO] [1770278293.036328544] [bad_actor]: Sending [VALID] Command (Subject 1)
[INFO] [1770278293.037625083] [ngac_gatekeeper]: [PASS] Time: 1272 ns | Cmd forwarded
[INFO] [1770278293.545078931] [bad_actor]: Sending [MALICIOUS] Command (Subject 99)
[WARN] [1770278293.546293996] [ngac_gatekeeper]: [BLOCK] Time: 580 ns | Unauthorized Subject 99
[INFO] [1770278294.042525069] [bad_actor]: Sending [VALID] Command (Subject 1)
[INFO] [1770278294.043764285] [ngac_gatekeeper]: [PASS] Time: 1284 ns | Cmd forwarded
[INFO] [1770278294.534304628] [bad_actor]: Sending [MALICIOUS] Command (Subject 99)
[WARN] [1770278294.535401171] [ngac_gatekeeper]: [BLOCK] Time: 650 ns | Unauthorized Subject 99
[INFO] [1770278295.037836186] [bad_actor]: Sending [VALID] Command (Subject 1)
[INFO] [1770278295.039496462] [ngac_gatekeeper]: [PASS] Time: 1492 ns | Cmd forwarded
[INFO] [1770278295.534797433] [bad_actor]: Sending [MALICIOUS] Command (Subject 99)
[WARN] [1770278295.535848725] [ngac_gatekeeper]: [BLOCK] Time: 914 ns | Unauthorized Subject 99
[INFO] [1770278296.054026134] [bad_actor]: Sending [VALID] Command (Subject 1)
[INFO] [1770278296.055008612] [ngac_gatekeeper]: [PASS] Time: 665 ns | Cmd forwarded
[INFO] [1770278296.571952805] [bad_actor]: Sending [MALICIOUS] Command (Subject 99)
[WARN] [1770278296.573160155] [ngac_gatekeeper]: [BLOCK] Time: 679 ns | Unauthorized Subject 99
[INFO] [1770278297.041571245] [bad_actor]: Sending [VALID] Command (Subject 1)
[INFO] [1770278297.043107284] [ngac_gatekeeper]: [PASS] Time: 1142 ns | Cmd forwarded
[INFO] [1770278297.570561808] [bad_actor]: Sending [MALICIOUS] Command (Subject 99)
[WARN] [1770278297.571520748] [ngac_gatekeeper]: [BLOCK] Time: 624 ns | Unauthorized Subject 99
[INFO] [1770278298.070610675] [bad_actor]: Sending [VALID] Command (Subject 1)
[INFO] [1770278298.071605965] [ngac_gatekeeper]: [PASS] Time: 691 ns | Cmd forwarded
[INFO] [1770278298.570689792] [bad_actor]: Sending [MALICIOUS] Command (Subject 99)
[WARN] [1770278298.572800582] [ngac_gatekeeper]: [BLOCK] Time: 1553 ns | Unauthorized Subject 99
[INFO] [1770278299.070627357] [bad_actor]: Sending [VALID] Command (Subject 1)
[INFO] [1770278299.071745400] [ngac_gatekeeper]: [PASS] Time: 537 ns | Cmd forwarded
[INFO] [1770278299.570567090] [bad_actor]: Sending [MALICIOUS] Command (Subject 99)
[WARN] [1770278299.571385867] [ngac_gatekeeper]: [BLOCK] Time: 642 ns | Unauthorized Subject 99
[INFO] [1770278300.070658291] [bad_actor]: Sending [VALID] Command (Subject 1)
[INFO] [1770278300.071705851] [ngac_gatekeeper]: [PASS] Time: 640 ns | Cmd forwarded
[INFO] [1770278300.537806902] [bad_actor]: Sending [MALICIOUS] Command (Subject 99)
[WARN] [1770278300.538645236] [ngac_gatekeeper]: [BLOCK] Time: 504 ns | Unauthorized Subject 99
[INFO] [1770278301.043698677] [bad_actor]: Sending [VALID] Command (Subject 1)
[INFO] [1770278301.044937312] [ngac_gatekeeper]: [PASS] Time: 548 ns | Cmd forwarded
[INFO] [1770278301.571962228] [bad_actor]: Sending [MALICIOUS] Command (Subject 99)
[WARN] [1770278301.573045715] [ngac_gatekeeper]: [BLOCK] Time: 786 ns | Unauthorized Subject 99
[INFO] [1770278302.070627516] [bad_actor]: Sending [VALID] Command (Subject 1)
[INFO] [1770278302.071759224] [ngac_gatekeeper]: [PASS] Time: 596 ns | Cmd forwarded
[INFO] [1770278302.570063058] [bad_actor]: Sending [MALICIOUS] Command (Subject 99)
[WARN] [1770278302.571224641] [ngac_gatekeeper]: [BLOCK] Time: 541 ns | Unauthorized Subject 99
[INFO] [1770278303.070939013] [bad_actor]: Sending [VALID] Command (Subject 1)
[INFO] [1770278303.073535917] [ngac_gatekeeper]: [PASS] Time: 747 ns | Cmd forwarded
[INFO] [1770278303.570273435] [bad_actor]: Sending [MALICIOUS] Command (Subject 99)
[WARN] [1770278303.571208252] [ngac_gatekeeper]: [BLOCK] Time: 537 ns | Unauthorized Subject 99
[INFO] [1770278304.069990817] [bad_actor]: Sending [VALID] Command (Subject 1)
[INFO] [1770278304.071391604] [ngac_gatekeeper]: [PASS] Time: 688 ns | Cmd forwarded
[INFO] [1770278304.537174615] [bad_actor]: Sending [MALICIOUS] Command (Subject 99)
[WARN] [1770278304.538280447] [ngac_gatekeeper]: [BLOCK] Time: 1113 ns | Unauthorized Subject 99
[INFO] [1770278305.042571422] [bad_actor]: Sending [VALID] Command (Subject 1)
[INFO] [1770278305.043481762] [ngac_gatekeeper]: [PASS] Time: 620 ns | Cmd forwarded
[INFO] [1770278305.541126537] [bad_actor]: Sending [MALICIOUS] Command (Subject 99)
[WARN] [1770278305.542511922] [ngac_gatekeeper]: [BLOCK] Time: 881 ns | Unauthorized Subject 99
[INFO] [1770278306.033964729] [bad_actor]: Sending [VALID] Command (Subject 1)
[INFO] [1770278306.035236820] [ngac_gatekeeper]: [PASS] Time: 622 ns | Cmd forwarded
[INFO] [1770278306.535528328] [bad_actor]: Sending [MALICIOUS] Command (Subject 99)
[WARN] [1770278306.536552787] [ngac_gatekeeper]: [BLOCK] Time: 584 ns | Unauthorized Subject 99
[INFO] [1770278307.045121592] [bad_actor]: Sending [VALID] Command (Subject 1)
[INFO] [1770278307.046053567] [ngac_gatekeeper]: [PASS] Time: 717 ns | Cmd forwarded
[INFO] [1770278307.538645093] [bad_actor]: Sending [MALICIOUS] Command (Subject 99)
[WARN] [1770278307.539964878] [ngac_gatekeeper]: [BLOCK] Time: 647 ns | Unauthorized Subject 99
[INFO] [1770278308.050004849] [bad_actor]: Sending [VALID] Command (Subject 1)
[INFO] [1770278308.051088742] [ngac_gatekeeper]: [PASS] Time: 572 ns | Cmd forwarded
[INFO] [1770278308.547998800] [bad_actor]: Sending [MALICIOUS] Command (Subject 99)
[WARN] [1770278308.548999985] [ngac_gatekeeper]: [BLOCK] Time: 880 ns | Unauthorized Subject 99
[INFO] [1770278309.043590148] [bad_actor]: Sending [VALID] Command (Subject 1)
[INFO] [1770278309.044748737] [ngac_gatekeeper]: [PASS] Time: 606 ns | Cmd forwarded
[INFO] [1770278309.543771836] [bad_actor]: Sending [MALICIOUS] Command (Subject 99)
[WARN] [1770278309.545174351] [ngac_gatekeeper]: [BLOCK] Time: 604 ns | Unauthorized Subject 99
[INFO] [1770278310.043304115] [bad_actor]: Sending [VALID] Command (Subject 1)
[INFO] [1770278310.044578938] [ngac_gatekeeper]: [PASS] Time: 758 ns | Cmd forwarded
[INFO] [1770278310.540825574] [bad_actor]: Sending [MALICIOUS] Command (Subject 99)
[WARN] [1770278310.544095178] [ngac_gatekeeper]: [BLOCK] Time: 590 ns | Unauthorized Subject 99
[INFO] [1770278311.037993085] [bad_actor]: Sending [VALID] Command (Subject 1)
[INFO] [1770278311.039239567] [ngac_gatekeeper]: [PASS] Time: 749 ns | Cmd forwarded
[INFO] [1770278311.536529016] [bad_actor]: Sending [MALICIOUS] Command (Subject 99)
[WARN] [1770278311.537562674] [ngac_gatekeeper]: [BLOCK] Time: 1512 ns | Unauthorized Subject 99
[INFO] [1770278312.034190024] [bad_actor]: Sending [VALID] Command (Subject 1)
[INFO] [1770278312.035544841] [ngac_gatekeeper]: [PASS] Time: 773 ns | Cmd forwarded
[INFO] [1770278312.546555721] [bad_actor]: Sending [MALICIOUS] Command (Subject 99)
[WARN] [1770278312.547533458] [ngac_gatekeeper]: [BLOCK] Time: 563 ns | Unauthorized Subject 99
[INFO] [1770278313.041497252] [bad_actor]: Sending [VALID] Command (Subject 1)
[INFO] [1770278313.042788106] [ngac_gatekeeper]: [PASS] Time: 659 ns | Cmd forwarded
[INFO] [1770278313.571620305] [bad_actor]: Sending [MALICIOUS] Command (Subject 99)
[WARN] [1770278313.573872199] [ngac_gatekeeper]: [BLOCK] Time: 1264 ns | Unauthorized Subject 99
[INFO] [1770278314.071309109] [bad_actor]: Sending [VALID] Command (Subject 1)
[INFO] [1770278314.084981674] [ngac_gatekeeper]: [PASS] Time: 7053 ns | Cmd forwarded
[INFO] [1770278314.552375329] [bad_actor]: Sending [MALICIOUS] Command (Subject 99)
[WARN] [1770278314.553419517] [ngac_gatekeeper]: [BLOCK] Time: 779 ns | Unauthorized Subject 99
[INFO] [1770278315.048998901] [bad_actor]: Sending [VALID] Command (Subject 1)
[INFO] [1770278315.088585178] [ngac_gatekeeper]: [PASS] Time: 775 ns | Cmd forwarded
[INFO] [1770278315.536833904] [bad_actor]: Sending [MALICIOUS] Command (Subject 99)
[WARN] [1770278315.537787540] [ngac_gatekeeper]: [BLOCK] Time: 478 ns | Unauthorized Subject 99
[INFO] [1770278316.045360018] [bad_actor]: Sending [VALID] Command (Subject 1)
[INFO] [1770278316.046471744] [ngac_gatekeeper]: [PASS] Time: 552 ns | Cmd forwarded
[INFO] [1770278316.544686096] [bad_actor]: Sending [MALICIOUS] Command (Subject 99)
[WARN] [1770278316.546093594] [ngac_gatekeeper]: [BLOCK] Time: 776 ns | Unauthorized Subject 99
[INFO] [1770278317.036672767] [bad_actor]: Sending [VALID] Command (Subject 1)
[INFO] [1770278317.037739663] [ngac_gatekeeper]: [PASS] Time: 563 ns | Cmd forwarded
[INFO] [1770278317.541647407] [bad_actor]: Sending [MALICIOUS] Command (Subject 99)
[WARN] [1770278317.542968099] [ngac_gatekeeper]: [BLOCK] Time: 1268 ns | Unauthorized Subject 99
[INFO] [1770278318.040045859] [bad_actor]: Sending [VALID] Command (Subject 1)
[INFO] [1770278318.041139207] [ngac_gatekeeper]: [PASS] Time: 1030 ns | Cmd forwarded
[INFO] [1770278318.538679326] [bad_actor]: Sending [MALICIOUS] Command (Subject 99)
[WARN] [1770278318.540069849] [ngac_gatekeeper]: [BLOCK] Time: 526 ns | Unauthorized Subject 99
[INFO] [1770278319.036184367] [bad_actor]: Sending [VALID] Command (Subject 1)
[INFO] [1770278319.037278947] [ngac_gatekeeper]: [PASS] Time: 534 ns | Cmd forwarded
[INFO] [1770278319.534283176] [bad_actor]: Sending [MALICIOUS] Command (Subject 99)
[WARN] [1770278319.535281483] [ngac_gatekeeper]: [BLOCK] Time: 1083 ns | Unauthorized Subject 99
[INFO] [1770278320.046106669] [bad_actor]: Sending [VALID] Command (Subject 1)
[INFO] [1770278320.047164952] [ngac_gatekeeper]: [PASS] Time: 635 ns | Cmd forwarded
[INFO] [1770278320.546188752] [bad_actor]: Sending [MALICIOUS] Command (Subject 99)
[WARN] [1770278320.547417542] [ngac_gatekeeper]: [BLOCK] Time: 561 ns | Unauthorized Subject 99
[INFO] [1770278321.035094101] [bad_actor]: Sending [VALID] Command (Subject 1)
[INFO] [1770278321.036513749] [ngac_gatekeeper]: [PASS] Time: 1295 ns | Cmd forwarded
[INFO] [1770278319.057125515] [bad_actor]: Sending [MALICIOUS] Command (Subject 99)
[WARN] [1770278319.058349977] [ngac_gatekeeper]: [BLOCK] Time: 569 ns | Unauthorized Subject 99
[INFO] [1770278319.552343499] [bad_actor]: Sending [VALID] Command (Subject 1)
[INFO] [1770278319.553326330] [ngac_gatekeeper]: [PASS] Time: 530 ns | Cmd forwarded
[INFO] [1770278320.089117206] [bad_actor]: Sending [MALICIOUS] Command (Subject 99)
[WARN] [1770278320.090164752] [ngac_gatekeeper]: [BLOCK] Time: 909 ns | Unauthorized Subject 99
[INFO] [1770278320.587029485] [bad_actor]: Sending [VALID] Command (Subject 1)
[INFO] [1770278320.588207495] [ngac_gatekeeper]: [PASS] Time: 610 ns | Cmd forwarded
[INFO] [1770278321.056628533] [bad_actor]: Sending [MALICIOUS] Command (Subject 99)
[WARN] [1770278321.057850087] [ngac_gatekeeper]: [BLOCK] Time: 560 ns | Unauthorized Subject 99
[INFO] [1770278321.561934270] [bad_actor]: Sending [VALID] Command (Subject 1)
[INFO] [1770278321.563503717] [ngac_gatekeeper]: [PASS] Time: 1372 ns | Cmd forwarded
[INFO] [1770278322.063251671] [bad_actor]: Sending [MALICIOUS] Command (Subject 99)
[WARN] [1770278322.064398019] [ngac_gatekeeper]: [BLOCK] Time: 539 ns | Unauthorized Subject 99
[INFO] [1770278322.560920413] [bad_actor]: Sending [VALID] Command (Subject 1)
[INFO] [1770278322.562113001] [ngac_gatekeeper]: [PASS] Time: 949 ns | Cmd forwarded
[INFO] [1770278323.063649344] [bad_actor]: Sending [MALICIOUS] Command (Subject 99)
[WARN] [1770278323.064848124] [ngac_gatekeeper]: [BLOCK] Time: 552 ns | Unauthorized Subject 99
[INFO] [1770278323.558569196] [bad_actor]: Sending [VALID] Command (Subject 1)
[INFO] [1770278323.559734219] [ngac_gatekeeper]: [PASS] Time: 1374 ns | Cmd forwarded
[INFO] [1770278324.052732554] [bad_actor]: Sending [MALICIOUS] Command (Subject 99)
[WARN] [1770278324.054308896] [ngac_gatekeeper]: [BLOCK] Time: 1310 ns | Unauthorized Subject 99
[INFO] [1770278324.561423035] [bad_actor]: Sending [VALID] Command (Subject 1)
[INFO] [1770278324.562522486] [ngac_gatekeeper]: [PASS] Time: 801 ns | Cmd forwarded
[INFO] [1770278325.060619731] [bad_actor]: Sending [MALICIOUS] Command (Subject 99)
[WARN] [1770278325.061807580] [ngac_gatekeeper]: [BLOCK] Time: 489 ns | Unauthorized Subject 99
[INFO] [1770278325.551337286] [bad_actor]: Sending [VALID] Command (Subject 1)
[INFO] [1770278325.552482521] [ngac_gatekeeper]: [PASS] Time: 607 ns | Cmd forwarded
[INFO] [1770278326.058857702] [bad_actor]: Sending [MALICIOUS] Command (Subject 99)
[WARN] [1770278326.060052130] [ngac_gatekeeper]: [BLOCK] Time: 598 ns | Unauthorized Subject 99
[INFO] [1770278326.553858600] [bad_actor]: Sending [VALID] Command (Subject 1)
[INFO] [1770278326.554724433] [ngac_gatekeeper]: [PASS] Time: 614 ns | Cmd forwarded
[INFO] [1770278327.051698236] [bad_actor]: Sending [MALICIOUS] Command (Subject 99)
[WARN] [1770278327.052720709] [ngac_gatekeeper]: [BLOCK] Time: 610 ns | Unauthorized Subject 99
[INFO] [1770278327.551541095] [bad_actor]: Sending [VALID] Command (Subject 1)
[INFO] [1770278327.552741501] [ngac_gatekeeper]: [PASS] Time: 640 ns | Cmd forwarded
[INFO] [1770278328.051280119] [bad_actor]: Sending [MALICIOUS] Command (Subject 99)
[WARN] [1770278328.052359516] [ngac_gatekeeper]: [BLOCK] Time: 535 ns | Unauthorized Subject 99
[INFO] [1770278328.551382462] [bad_actor]: Sending [VALID] Command (Subject 1)
[INFO] [1770278328.552539134] [ngac_gatekeeper]: [PASS] Time: 1006 ns | Cmd forwarded
[INFO] [1770278329.053733434] [bad_actor]: Sending [MALICIOUS] Command (Subject 99)
[WARN] [1770278329.054717426] [ngac_gatekeeper]: [BLOCK] Time: 804 ns | Unauthorized Subject 99
[INFO] [1770278329.552159911] [bad_actor]: Sending [VALID] Command (Subject 1)
[INFO] [1770278329.553445651] [ngac_gatekeeper]: [PASS] Time: 677 ns | Cmd forwarded
[INFO] [1770278330.059062820] [bad_actor]: Sending [MALICIOUS] Command (Subject 99)
[WARN] [1770278330.060447079] [ngac_gatekeeper]: [BLOCK] Time: 833 ns | Unauthorized Subject 99
[INFO] [1770278330.552610062] [bad_actor]: Sending [VALID] Command (Subject 1)
[INFO] [1770278330.554045420] [ngac_gatekeeper]: [PASS] Time: 513 ns | Cmd forwarded
[INFO] [1770278331.051213462] [bad_actor]: Sending [MALICIOUS] Command (Subject 99)
[WARN] [1770278331.052652865] [ngac_gatekeeper]: [BLOCK] Time: 1137 ns | Unauthorized Subject 99
[INFO] [1770278331.550867195] [bad_actor]: Sending [VALID] Command (Subject 1)
[INFO] [1770278331.551999061] [ngac_gatekeeper]: [PASS] Time: 610 ns | Cmd forwarded
[INFO] [1770278332.055907616] [bad_actor]: Sending [MALICIOUS] Command (Subject 99)
[WARN] [1770278332.057316799] [ngac_gatekeeper]: [BLOCK] Time: 2198 ns | Unauthorized Subject 99
[INFO] [1770278332.551468333] [bad_actor]: Sending [VALID] Command (Subject 1)
[INFO] [1770278332.552993583] [ngac_gatekeeper]: [PASS] Time: 1277 ns | Cmd forwarded
[INFO] [1770278333.051389854] [bad_actor]: Sending [MALICIOUS] Command (Subject 99)
[WARN] [1770278333.052729475] [ngac_gatekeeper]: [BLOCK] Time: 1114 ns | Unauthorized Subject 99
[INFO] [1770278333.551597480] [bad_actor]: Sending [VALID] Command (Subject 1)
[INFO] [1770278333.552796226] [ngac_gatekeeper]: [PASS] Time: 833 ns | Cmd forwarded
[INFO] [1770278334.055135071] [bad_actor]: Sending [MALICIOUS] Command (Subject 99)
[WARN] [1770278334.056208855] [ngac_gatekeeper]: [BLOCK] Time: 505 ns | Unauthorized Subject 99
[INFO] [1770278334.553113247] [bad_actor]: Sending [VALID] Command (Subject 1)
[INFO] [1770278334.554257446] [ngac_gatekeeper]: [PASS] Time: 1160 ns | Cmd forwarded
[INFO] [1770278335.051039139] [bad_actor]: Sending [MALICIOUS] Command (Subject 99)
[WARN] [1770278335.052015949] [ngac_gatekeeper]: [BLOCK] Time: 609 ns | Unauthorized Subject 99
[INFO] [1770278335.551019355] [bad_actor]: Sending [VALID] Command (Subject 1)
[INFO] [1770278335.552539594] [ngac_gatekeeper]: [PASS] Time: 1231 ns | Cmd forwarded
[INFO] [1770278336.057348167] [bad_actor]: Sending [MALICIOUS] Command (Subject 99)
[WARN] [1770278336.058441240] [ngac_gatekeeper]: [BLOCK] Time: 1215 ns | Unauthorized Subject 99
[INFO] [1770278336.555265169] [bad_actor]: Sending [VALID] Command (Subject 1)
[INFO] [1770278336.556379499] [ngac_gatekeeper]: [PASS] Time: 973 ns | Cmd forwarded
[INFO] [1770278337.053737951] [bad_actor]: Sending [MALICIOUS] Command (Subject 99)
[WARN] [1770278337.055046194] [ngac_gatekeeper]: [BLOCK] Time: 490 ns | Unauthorized Subject 99
[INFO] [1770278337.551059668] [bad_actor]: Sending [VALID] Command (Subject 1)
[INFO] [1770278337.551976319] [ngac_gatekeeper]: [PASS] Time: 613 ns | Cmd forwarded
[INFO] [1770278338.055646550] [bad_actor]: Sending [MALICIOUS] Command (Subject 99)
[WARN] [1770278338.056828713] [ngac_gatekeeper]: [BLOCK] Time: 527 ns | Unauthorized Subject 99
[INFO] [1770278338.556154065] [bad_actor]: Sending [VALID] Command (Subject 1)
[INFO] [1770278338.557193209] [ngac_gatekeeper]: [PASS] Time: 672 ns | Cmd forwarded
[INFO] [1770278339.055147401] [bad_actor]: Sending [MALICIOUS] Command (Subject 99)
[WARN] [1770278339.056385027] [ngac_gatekeeper]: [BLOCK] Time: 1124 ns | Unauthorized Subject 99
[INFO] [1770278339.553151079] [bad_actor]: Sending [VALID] Command (Subject 1)
[INFO] [1770278339.554184447] [ngac_gatekeeper]: [PASS] Time: 1109 ns | Cmd forwarded
[INFO] [1770278340.050824328] [bad_actor]: Sending [MALICIOUS] Command (Subject 99)
[WARN] [1770278340.052128626] [ngac_gatekeeper]: [BLOCK] Time: 759 ns | Unauthorized Subject 99
[INFO] [1770278340.557327985] [bad_actor]: Sending [VALID] Command (Subject 1)
[INFO] [1770278340.558202724] [ngac_gatekeeper]: [PASS] Time: 670 ns | Cmd forwarded
[INFO] [1770278341.055595173] [bad_actor]: Sending [MALICIOUS] Command (Subject 99)
[WARN] [1770278341.056800901] [ngac_gatekeeper]: [BLOCK] Time: 2155 ns | Unauthorized Subject 99
[INFO] [1770278341.553703712] [bad_actor]: Sending [VALID] Command (Subject 1)
[INFO] [1770278341.554693281] [ngac_gatekeeper]: [PASS] Time: 533 ns | Cmd forwarded
[INFO] [1770278342.051934558] [bad_actor]: Sending [MALICIOUS] Command (Subject 99)
[WARN] [1770278342.053211624] [ngac_gatekeeper]: [BLOCK] Time: 1113 ns | Unauthorized Subject 99
[INFO] [1770278342.558583609] [bad_actor]: Sending [VALID] Command (Subject 1)
[INFO] [1770278342.559728512] [ngac_gatekeeper]: [PASS] Time: 948 ns | Cmd forwarded
[INFO] [1770278343.057096752] [bad_actor]: Sending [MALICIOUS] Command (Subject 99)
[WARN] [1770278343.058384249] [ngac_gatekeeper]: [BLOCK] Time: 1169 ns | Unauthorized Subject 99
[INFO] [1770278343.555070991] [bad_actor]: Sending [VALID] Command (Subject 1)
[INFO] [1770278343.556158384] [ngac_gatekeeper]: [PASS] Time: 1219 ns | Cmd forwarded
[INFO] [1770278344.052813834] [bad_actor]: Sending [MALICIOUS] Command (Subject 99)
[WARN] [1770278344.053976920] [ngac_gatekeeper]: [BLOCK] Time: 1275 ns | Unauthorized Subject 99
[INFO] [1770278344.550945863] [bad_actor]: Sending [VALID] Command (Subject 1)
[INFO] [1770278344.552189964] [ngac_gatekeeper]: [PASS] Time: 793 ns | Cmd forwarded
[INFO] [1770278345.057590080] [bad_actor]: Sending [MALICIOUS] Command (Subject 99)
[WARN] [1770278345.058982518] [ngac_gatekeeper]: [BLOCK] Time: 546 ns | Unauthorized Subject 99
[INFO] [1770278345.555922900] [bad_actor]: Sending [VALID] Command (Subject 1)
[INFO] [1770278345.557098591] [ngac_gatekeeper]: [PASS] Time: 571 ns | Cmd forwarded
[INFO] [1770278346.054811601] [bad_actor]: Sending [MALICIOUS] Command (Subject 99)
[WARN] [1770278346.056271381] [ngac_gatekeeper]: [BLOCK] Time: 1088 ns | Unauthorized Subject 99
[INFO] [1770278346.553019019] [bad_actor]: Sending [VALID] Command (Subject 1)
[INFO] [1770278346.554252014] [ngac_gatekeeper]: [PASS] Time: 2005 ns | Cmd forwarded
[INFO] [1770278347.051341168] [bad_actor]: Sending [MALICIOUS] Command (Subject 99)
[WARN] [1770278347.052644517] [ngac_gatekeeper]: [BLOCK] Time: 479 ns | Unauthorized Subject 99
[INFO] [1770278347.557895557] [bad_actor]: Sending [VALID] Command (Subject 1)
[INFO] [1770278347.559093793] [ngac_gatekeeper]: [PASS] Time: 518 ns | Cmd forwarded
[INFO] [1770278348.057536001] [bad_actor]: Sending [MALICIOUS] Command (Subject 99)
[WARN] [1770278348.058585914] [ngac_gatekeeper]: [BLOCK] Time: 728 ns | Unauthorized Subject 99
[INFO] [1770278348.551343133] [bad_actor]: Sending [VALID] Command (Subject 1)
[INFO] [1770278348.552883267] [ngac_gatekeeper]: [PASS] Time: 573 ns | Cmd forwarded
[INFO] [1770278349.054213343] [bad_actor]: Sending [MALICIOUS] Command (Subject 99)
[WARN] [1770278349.055670318] [ngac_gatekeeper]: [BLOCK] Time: 681 ns | Unauthorized Subject 99
[INFO] [1770278349.552331946] [bad_actor]: Sending [VALID] Command (Subject 1)
[INFO] [1770278349.553661422] [ngac_gatekeeper]: [PASS] Time: 524 ns | Cmd forwarded
[INFO] [1770278350.053068588] [bad_actor]: Sending [MALICIOUS] Command (Subject 99)
[WARN] [1770278350.054417940] [ngac_gatekeeper]: [BLOCK] Time: 526 ns | Unauthorized Subject 99
[INFO] [1770278350.552242667] [bad_actor]: Sending [VALID] Command (Subject 1)
[INFO] [1770278350.553943891] [ngac_gatekeeper]: [PASS] Time: 1170 ns | Cmd forwarded
[INFO] [1770278351.059081060] [bad_actor]: Sending [MALICIOUS] Command (Subject 99)
[WARN] [1770278351.060454559] [ngac_gatekeeper]: [BLOCK] Time: 556 ns | Unauthorized Subject 99
[INFO] [1770278349.079401350] [bad_actor]: Sending [VALID] Command (Subject 1)
[INFO] [1770278349.080557458] [ngac_gatekeeper]: [PASS] Time: 1920 ns | Cmd forwarded
[INFO] [1770278349.581472500] [bad_actor]: Sending [MALICIOUS] Command (Subject 99)
[WARN] [1770278349.583104054] [ngac_gatekeeper]: [BLOCK] Time: 962 ns | Unauthorized Subject 99
[INFO] [1770278350.070369089] [bad_actor]: Sending [VALID] Command (Subject 1)
[INFO] [1770278350.071551865] [ngac_gatekeeper]: [PASS] Time: 613 ns | Cmd forwarded
[INFO] [1770278350.570565864] [bad_actor]: Sending [MALICIOUS] Command (Subject 99)
[WARN] [1770278350.571861366] [ngac_gatekeeper]: [BLOCK] Time: 506 ns | Unauthorized Subject 99
[INFO] [1770278351.070815212] [bad_actor]: Sending [VALID] Command (Subject 1)
[INFO] [1770278351.071781995] [ngac_gatekeeper]: [PASS] Time: 660 ns | Cmd forwarded
[INFO] [1770278351.570572944] [bad_actor]: Sending [MALICIOUS] Command (Subject 99)
[WARN] [1770278351.571624056] [ngac_gatekeeper]: [BLOCK] Time: 571 ns | Unauthorized Subject 99
[INFO] [1770278352.070052884] [bad_actor]: Sending [VALID] Command (Subject 1)
[INFO] [1770278352.071137354] [ngac_gatekeeper]: [PASS] Time: 689 ns | Cmd forwarded
[INFO] [1770278352.577498395] [bad_actor]: Sending [MALICIOUS] Command (Subject 99)
[WARN] [1770278352.578583597] [ngac_gatekeeper]: [BLOCK] Time: 540 ns | Unauthorized Subject 99
[INFO] [1770278353.070528218] [bad_actor]: Sending [VALID] Command (Subject 1)
[INFO] [1770278353.071909298] [ngac_gatekeeper]: [PASS] Time: 687 ns | Cmd forwarded
[INFO] [1770278353.574324913] [bad_actor]: Sending [MALICIOUS] Command (Subject 99)
[WARN] [1770278353.575609842] [ngac_gatekeeper]: [BLOCK] Time: 506 ns | Unauthorized Subject 99
[INFO] [1770278354.072470672] [bad_actor]: Sending [VALID] Command (Subject 1)
[INFO] [1770278354.073678677] [ngac_gatekeeper]: [PASS] Time: 591 ns | Cmd forwarded
[INFO] [1770278354.576057211] [bad_actor]: Sending [MALICIOUS] Command (Subject 99)
[WARN] [1770278354.577170031] [ngac_gatekeeper]: [BLOCK] Time: 527 ns | Unauthorized Subject 99
[INFO] [1770278355.082095304] [bad_actor]: Sending [VALID] Command (Subject 1)
[INFO] [1770278355.083345375] [ngac_gatekeeper]: [PASS] Time: 708 ns | Cmd forwarded
[INFO] [1770278355.573209414] [bad_actor]: Sending [MALICIOUS] Command (Subject 99)
[WARN] [1770278355.574345039] [ngac_gatekeeper]: [BLOCK] Time: 569 ns | Unauthorized Subject 99
[INFO] [1770278356.080171237] [bad_actor]: Sending [VALID] Command (Subject 1)
[INFO] [1770278356.081365499] [ngac_gatekeeper]: [PASS] Time: 1359 ns | Cmd forwarded
[INFO] [1770278356.572713632] [bad_actor]: Sending [MALICIOUS] Command (Subject 99)
[WARN] [1770278356.574138644] [ngac_gatekeeper]: [BLOCK] Time: 692 ns | Unauthorized Subject 99
[INFO] [1770278357.083061453] [bad_actor]: Sending [VALID] Command (Subject 1)
[INFO] [1770278357.084805731] [ngac_gatekeeper]: [PASS] Time: 610 ns | Cmd forwarded
[INFO] [1770278357.571402208] [bad_actor]: Sending [MALICIOUS] Command (Subject 99)
[WARN] [1770278357.572343096] [ngac_gatekeeper]: [BLOCK] Time: 587 ns | Unauthorized Subject 99
[INFO] [1770278358.069914418] [bad_actor]: Sending [VALID] Command (Subject 1)
[INFO] [1770278358.071719672] [ngac_gatekeeper]: [PASS] Time: 5263 ns | Cmd forwarded
[INFO] [1770278358.582517275] [bad_actor]: Sending [MALICIOUS] Command (Subject 99)
[WARN] [1770278358.583696292] [ngac_gatekeeper]: [BLOCK] Time: 500 ns | Unauthorized Subject 99
[INFO] [1770278359.070389605] [bad_actor]: Sending [VALID] Command (Subject 1)
[INFO] [1770278359.071876501] [ngac_gatekeeper]: [PASS] Time: 720 ns | Cmd forwarded
[INFO] [1770278359.585204797] [bad_actor]: Sending [MALICIOUS] Command (Subject 99)
[WARN] [1770278359.586382088] [ngac_gatekeeper]: [BLOCK] Time: 1255 ns | Unauthorized Subject 99
[INFO] [1770278360.071136212] [bad_actor]: Sending [VALID] Command (Subject 1)
[INFO] [1770278360.074980441] [ngac_gatekeeper]: [PASS] Time: 485 ns | Cmd forwarded
[INFO] [1770278360.582955738] [bad_actor]: Sending [MALICIOUS] Command (Subject 99)
[WARN] [1770278360.584291199] [ngac_gatekeeper]: [BLOCK] Time: 1186 ns | Unauthorized Subject 99
[INFO] [1770278361.070251326] [bad_actor]: Sending [VALID] Command (Subject 1)
[INFO] [1770278361.071194586] [ngac_gatekeeper]: [PASS] Time: 653 ns | Cmd forwarded
[INFO] [1770278361.580184596] [bad_actor]: Sending [MALICIOUS] Command (Subject 99)
[WARN] [1770278361.581382059] [ngac_gatekeeper]: [BLOCK] Time: 555 ns | Unauthorized Subject 99
[INFO] [1770278362.075461133] [bad_actor]: Sending [VALID] Command (Subject 1)
[INFO] [1770278362.076785444] [ngac_gatekeeper]: [PASS] Time: 628 ns | Cmd forwarded
[INFO] [1770278362.570380376] [bad_actor]: Sending [MALICIOUS] Command (Subject 99)
[WARN] [1770278362.571876247] [ngac_gatekeeper]: [BLOCK] Time: 686 ns | Unauthorized Subject 99
[INFO] [1770278363.076843824] [bad_actor]: Sending [VALID] Command (Subject 1)
[INFO] [1770278363.078107784] [ngac_gatekeeper]: [PASS] Time: 1207 ns | Cmd forwarded
[INFO] [1770278363.574404695] [bad_actor]: Sending [MALICIOUS] Command (Subject 99)
[WARN] [1770278363.575869846] [ngac_gatekeeper]: [BLOCK] Time: 651 ns | Unauthorized Subject 99
[INFO] [1770278364.072345685] [bad_actor]: Sending [VALID] Command (Subject 1)
[INFO] [1770278364.073471978] [ngac_gatekeeper]: [PASS] Time: 614 ns | Cmd forwarded
[INFO] [1770278364.574156738] [bad_actor]: Sending [MALICIOUS] Command (Subject 99)
[WARN] [1770278364.575693472] [ngac_gatekeeper]: [BLOCK] Time: 540 ns | Unauthorized Subject 99
[INFO] [1770278365.074412841] [bad_actor]: Sending [VALID] Command (Subject 1)
[INFO] [1770278365.075274774] [ngac_gatekeeper]: [PASS] Time: 767 ns | Cmd forwarded
[INFO] [1770278365.573289837] [bad_actor]: Sending [MALICIOUS] Command (Subject 99)
[WARN] [1770278365.574433770] [ngac_gatekeeper]: [BLOCK] Time: 522 ns | Unauthorized Subject 99
[INFO] [1770278366.072326048] [bad_actor]: Sending [VALID] Command (Subject 1)
[INFO] [1770278366.073485041] [ngac_gatekeeper]: [PASS] Time: 538 ns | Cmd forwarded
[INFO] [1770278366.570264315] [bad_actor]: Sending [MALICIOUS] Command (Subject 99)
[WARN] [1770278366.571703214] [ngac_gatekeeper]: [BLOCK] Time: 674 ns | Unauthorized Subject 99
[INFO] [1770278367.076473128] [bad_actor]: Sending [VALID] Command (Subject 1)
[INFO] [1770278367.077543525] [ngac_gatekeeper]: [PASS] Time: 607 ns | Cmd forwarded
[INFO] [1770278367.582688374] [bad_actor]: Sending [MALICIOUS] Command (Subject 99)
[WARN] [1770278367.583781269] [ngac_gatekeeper]: [BLOCK] Time: 870 ns | Unauthorized Subject 99
[INFO] [1770278368.076176598] [bad_actor]: Sending [VALID] Command (Subject 1)
[INFO] [1770278368.077050232] [ngac_gatekeeper]: [PASS] Time: 704 ns | Cmd forwarded
[INFO] [1770278368.570839410] [bad_actor]: Sending [MALICIOUS] Command (Subject 99)
[WARN] [1770278368.572258279] [ngac_gatekeeper]: [BLOCK] Time: 1099 ns | Unauthorized Subject 99
[INFO] [1770278369.075558847] [bad_actor]: Sending [VALID] Command (Subject 1)
[INFO] [1770278369.076719154] [ngac_gatekeeper]: [PASS] Time: 744 ns | Cmd forwarded
[INFO] [1770278369.582804157] [bad_actor]: Sending [MALICIOUS] Command (Subject 99)
[WARN] [1770278369.584584443] [ngac_gatekeeper]: [BLOCK] Time: 1044 ns | Unauthorized Subject 99
[INFO] [1770278370.086389079] [bad_actor]: Sending [VALID] Command (Subject 1)
[INFO] [1770278370.087552456] [ngac_gatekeeper]: [PASS] Time: 534 ns | Cmd forwarded
[INFO] [1770278370.581238258] [bad_actor]: Sending [MALICIOUS] Command (Subject 99)
[WARN] [1770278370.582262901] [ngac_gatekeeper]: [BLOCK] Time: 570 ns | Unauthorized Subject 99
[INFO] [1770278371.072336300] [bad_actor]: Sending [VALID] Command (Subject 1)
[INFO] [1770278371.073248352] [ngac_gatekeeper]: [PASS] Time: 911 ns | Cmd forwarded
[INFO] [1770278371.570608993] [bad_actor]: Sending [MALICIOUS] Command (Subject 99)
[WARN] [1770278371.572311907] [ngac_gatekeeper]: [BLOCK] Time: 872 ns | Unauthorized Subject 99
[INFO] [1770278372.071444481] [bad_actor]: Sending [VALID] Command (Subject 1)
[INFO] [1770278372.073617684] [ngac_gatekeeper]: [PASS] Time: 1158 ns | Cmd forwarded
[INFO] [1770278372.582014596] [bad_actor]: Sending [MALICIOUS] Command (Subject 99)
[WARN] [1770278372.583384413] [ngac_gatekeeper]: [BLOCK] Time: 706 ns | Unauthorized Subject 99
[INFO] [1770278373.073927227] [bad_actor]: Sending [VALID] Command (Subject 1)
[INFO] [1770278373.074982138] [ngac_gatekeeper]: [PASS] Time: 634 ns | Cmd forwarded
[INFO] [1770278373.581034300] [bad_actor]: Sending [MALICIOUS] Command (Subject 99)
[WARN] [1770278373.581896680] [ngac_gatekeeper]: [BLOCK] Time: 650 ns | Unauthorized Subject 99
[INFO] [1770278374.080515917] [bad_actor]: Sending [VALID] Command (Subject 1)
[INFO] [1770278374.081593768] [ngac_gatekeeper]: [PASS] Time: 637 ns | Cmd forwarded
[INFO] [1770278374.580984493] [bad_actor]: Sending [MALICIOUS] Command (Subject 99)
[WARN] [1770278374.582356455] [ngac_gatekeeper]: [BLOCK] Time: 620 ns | Unauthorized Subject 99
[INFO] [1770278375.094887152] [bad_actor]: Sending [VALID] Command (Subject 1)
[INFO] [1770278375.095994053] [ngac_gatekeeper]: [PASS] Time: 3416 ns | Cmd forwarded
[INFO] [1770278375.578108313] [bad_actor]: Sending [MALICIOUS] Command (Subject 99)
[WARN] [1770278375.579188540] [ngac_gatekeeper]: [BLOCK] Time: 541 ns | Unauthorized Subject 99
[INFO] [1770278376.080090269] [bad_actor]: Sending [VALID] Command (Subject 1)
[INFO] [1770278376.081018191] [ngac_gatekeeper]: [PASS] Time: 848 ns | Cmd forwarded
[INFO] [1770278376.576867880] [bad_actor]: Sending [MALICIOUS] Command (Subject 99)
[WARN] [1770278376.578092171] [ngac_gatekeeper]: [BLOCK] Time: 576 ns | Unauthorized Subject 99
[INFO] [1770278377.080371030] [bad_actor]: Sending [VALID] Command (Subject 1)
[INFO] [1770278377.081621760] [ngac_gatekeeper]: [PASS] Time: 689 ns | Cmd forwarded
[INFO] [1770278377.576581315] [bad_actor]: Sending [MALICIOUS] Command (Subject 99)
[WARN] [1770278377.577718557] [ngac_gatekeeper]: [BLOCK] Time: 621 ns | Unauthorized Subject 99
[INFO] [1770278378.080061008] [bad_actor]: Sending [VALID] Command (Subject 1)
[INFO] [1770278378.081260469] [ngac_gatekeeper]: [PASS] Time: 734 ns | Cmd forwarded
[INFO] [1770278378.575645127] [bad_actor]: Sending [MALICIOUS] Command (Subject 99)
[WARN] [1770278378.576608822] [ngac_gatekeeper]: [BLOCK] Time: 698 ns | Unauthorized Subject 99
[INFO] [1770278379.079476636] [bad_actor]: Sending [VALID] Command (Subject 1)
[INFO] [1770278379.080988731] [ngac_gatekeeper]: [PASS] Time: 510 ns | Cmd forwarded
[INFO] [1770278379.572101922] [bad_actor]: Sending [MALICIOUS] Command (Subject 99)
[WARN] [1770278379.573351721] [ngac_gatekeeper]: [BLOCK] Time: 502 ns | Unauthorized Subject 99
[INFO] [1770278380.071803773] [bad_actor]: Sending [VALID] Command (Subject 1)
[INFO] [1770278380.072923513] [ngac_gatekeeper]: [PASS] Time: 1291 ns | Cmd forwarded
[INFO] [1770278380.571713365] [bad_actor]: Sending [MALICIOUS] Command (Subject 99)
[WARN] [1770278380.573005296] [ngac_gatekeeper]: [BLOCK] Time: 568 ns | Unauthorized Subject 99
[INFO] [1770278378.589353136] [bad_actor]: Sending [VALID] Command (Subject 1)
[INFO] [1770278378.590649236] [ngac_gatekeeper]: [PASS] Time: 972 ns | Cmd forwarded
[INFO] [1770278379.092994213] [bad_actor]: Sending [MALICIOUS] Command (Subject 99)
[WARN] [1770278379.093864191] [ngac_gatekeeper]: [BLOCK] Time: 571 ns | Unauthorized Subject 99
[INFO] [1770278379.601327430] [bad_actor]: Sending [VALID] Command (Subject 1)
[INFO] [1770278379.602498397] [ngac_gatekeeper]: [PASS] Time: 664 ns | Cmd forwarded
[INFO] [1770278380.093561869] [bad_actor]: Sending [MALICIOUS] Command (Subject 99)
[WARN] [1770278380.094681388] [ngac_gatekeeper]: [BLOCK] Time: 499 ns | Unauthorized Subject 99
[INFO] [1770278380.626923355] [bad_actor]: Sending [VALID] Command (Subject 1)
[INFO] [1770278380.628244145] [ngac_gatekeeper]: [PASS] Time: 1377 ns | Cmd forwarded
[INFO] [1770278381.090559051] [bad_actor]: Sending [MALICIOUS] Command (Subject 99)
[WARN] [1770278381.091730884] [ngac_gatekeeper]: [BLOCK] Time: 597 ns | Unauthorized Subject 99
[INFO] [1770278381.590507717] [bad_actor]: Sending [VALID] Command (Subject 1)
[INFO] [1770278381.591675193] [ngac_gatekeeper]: [PASS] Time: 749 ns | Cmd forwarded
[INFO] [1770278382.090108495] [bad_actor]: Sending [MALICIOUS] Command (Subject 99)
[WARN] [1770278382.090993189] [ngac_gatekeeper]: [BLOCK] Time: 679 ns | Unauthorized Subject 99
[INFO] [1770278382.589495586] [bad_actor]: Sending [VALID] Command (Subject 1)
[INFO] [1770278382.590596910] [ngac_gatekeeper]: [PASS] Time: 576 ns | Cmd forwarded
[INFO] [1770278383.090803885] [bad_actor]: Sending [MALICIOUS] Command (Subject 99)
[WARN] [1770278383.092068519] [ngac_gatekeeper]: [BLOCK] Time: 1830 ns | Unauthorized Subject 99
[INFO] [1770278383.590232456] [bad_actor]: Sending [VALID] Command (Subject 1)
[INFO] [1770278383.591396808] [ngac_gatekeeper]: [PASS] Time: 655 ns | Cmd forwarded
[INFO] [1770278384.095014394] [bad_actor]: Sending [MALICIOUS] Command (Subject 99)
[WARN] [1770278384.095998281] [ngac_gatekeeper]: [BLOCK] Time: 630 ns | Unauthorized Subject 99
[INFO] [1770278384.591365802] [bad_actor]: Sending [VALID] Command (Subject 1)
[INFO] [1770278384.592409050] [ngac_gatekeeper]: [PASS] Time: 732 ns | Cmd forwarded
[INFO] [1770278385.102360716] [bad_actor]: Sending [MALICIOUS] Command (Subject 99)
[WARN] [1770278385.103253584] [ngac_gatekeeper]: [BLOCK] Time: 726 ns | Unauthorized Subject 99
[INFO] [1770278385.589524043] [bad_actor]: Sending [VALID] Command (Subject 1)
[INFO] [1770278385.590749206] [ngac_gatekeeper]: [PASS] Time: 712 ns | Cmd forwarded
[INFO] [1770278386.093499750] [bad_actor]: Sending [MALICIOUS] Command (Subject 99)
[WARN] [1770278386.094916725] [ngac_gatekeeper]: [BLOCK] Time: 642 ns | Unauthorized Subject 99
[INFO] [1770278386.627803566] [bad_actor]: Sending [VALID] Command (Subject 1)
[INFO] [1770278386.628895594] [ngac_gatekeeper]: [PASS] Time: 816 ns | Cmd forwarded
[INFO] [1770278387.099711477] [bad_actor]: Sending [MALICIOUS] Command (Subject 99)
[WARN] [1770278387.100771336] [ngac_gatekeeper]: [BLOCK] Time: 534 ns | Unauthorized Subject 99
[INFO] [1770278387.627769270] [bad_actor]: Sending [VALID] Command (Subject 1)
[INFO] [1770278387.629259739] [ngac_gatekeeper]: [PASS] Time: 537 ns | Cmd forwarded
[INFO] [1770278388.125742140] [bad_actor]: Sending [MALICIOUS] Command (Subject 99)
[WARN] [1770278388.126995234] [ngac_gatekeeper]: [BLOCK] Time: 883 ns | Unauthorized Subject 99
[INFO] [1770278388.589521786] [bad_actor]: Sending [VALID] Command (Subject 1)
[INFO] [1770278388.590647670] [ngac_gatekeeper]: [PASS] Time: 1214 ns | Cmd forwarded
[INFO] [1770278389.102784273] [bad_actor]: Sending [MALICIOUS] Command (Subject 99)
[WARN] [1770278389.103555822] [ngac_gatekeeper]: [BLOCK] Time: 591 ns | Unauthorized Subject 99
[INFO] [1770278389.589751781] [bad_actor]: Sending [VALID] Command (Subject 1)
[INFO] [1770278389.590828521] [ngac_gatekeeper]: [PASS] Time: 948 ns | Cmd forwarded
[INFO] [1770278390.128957862] [bad_actor]: Sending [MALICIOUS] Command (Subject 99)
[WARN] [1770278390.130367218] [ngac_gatekeeper]: [BLOCK] Time: 624 ns | Unauthorized Subject 99
[INFO] [1770278390.623643654] [bad_actor]: Sending [VALID] Command (Subject 1)
[INFO] [1770278390.624879653] [ngac_gatekeeper]: [PASS] Time: 559 ns | Cmd forwarded
[INFO] [1770278391.101064750] [bad_actor]: Sending [MALICIOUS] Command (Subject 99)
[WARN] [1770278391.102647297] [ngac_gatekeeper]: [BLOCK] Time: 550 ns | Unauthorized Subject 99
[INFO] [1770278391.629012673] [bad_actor]: Sending [VALID] Command (Subject 1)
[INFO] [1770278391.630224882] [ngac_gatekeeper]: [PASS] Time: 1583 ns | Cmd forwarded
[INFO] [1770278392.117238109] [bad_actor]: Sending [MALICIOUS] Command (Subject 99)
[WARN] [1770278392.118362173] [ngac_gatekeeper]: [BLOCK] Time: 1092 ns | Unauthorized Subject 99
[INFO] [1770278392.627457250] [bad_actor]: Sending [VALID] Command (Subject 1)
[INFO] [1770278392.628477493] [ngac_gatekeeper]: [PASS] Time: 682 ns | Cmd forwarded
[INFO] [1770278393.126122358] [bad_actor]: Sending [MALICIOUS] Command (Subject 99)
[WARN] [1770278393.127235022] [ngac_gatekeeper]: [BLOCK] Time: 604 ns | Unauthorized Subject 99
[INFO] [1770278393.597316277] [bad_actor]: Sending [VALID] Command (Subject 1)
[INFO] [1770278393.598546162] [ngac_gatekeeper]: [PASS] Time: 694 ns | Cmd forwarded
[INFO] [1770278394.099826755] [bad_actor]: Sending [MALICIOUS] Command (Subject 99)
[WARN] [1770278394.101216225] [ngac_gatekeeper]: [BLOCK] Time: 410 ns | Unauthorized Subject 99
[INFO] [1770278394.628184241] [bad_actor]: Sending [VALID] Command (Subject 1)
[INFO] [1770278394.629436261] [ngac_gatekeeper]: [PASS] Time: 653 ns | Cmd forwarded
[INFO] [1770278395.116466622] [bad_actor]: Sending [MALICIOUS] Command (Subject 99)
[WARN] [1770278395.117695375] [ngac_gatekeeper]: [BLOCK] Time: 671 ns | Unauthorized Subject 99
[INFO] [1770278395.620620331] [bad_actor]: Sending [VALID] Command (Subject 1)
[INFO] [1770278395.622043920] [ngac_gatekeeper]: [PASS] Time: 618 ns | Cmd forwarded
[INFO] [1770278396.106889891] [bad_actor]: Sending [MALICIOUS] Command (Subject 99)
[WARN] [1770278396.108622654] [ngac_gatekeeper]: [BLOCK] Time: 612 ns | Unauthorized Subject 99
[INFO] [1770278396.627361711] [bad_actor]: Sending [VALID] Command (Subject 1)
[INFO] [1770278396.628509764] [ngac_gatekeeper]: [PASS] Time: 662 ns | Cmd forwarded
[INFO] [1770278397.126403932] [bad_actor]: Sending [MALICIOUS] Command (Subject 99)
[WARN] [1770278397.127360420] [ngac_gatekeeper]: [BLOCK] Time: 551 ns | Unauthorized Subject 99
[INFO] [1770278397.599221523] [bad_actor]: Sending [VALID] Command (Subject 1)
[INFO] [1770278397.600498875] [ngac_gatekeeper]: [PASS] Time: 507 ns | Cmd forwarded
[INFO] [1770278398.116166861] [bad_actor]: Sending [MALICIOUS] Command (Subject 99)
[WARN] [1770278398.117241694] [ngac_gatekeeper]: [BLOCK] Time: 652 ns | Unauthorized Subject 99
[INFO] [1770278398.620480528] [bad_actor]: Sending [VALID] Command (Subject 1)
[INFO] [1770278398.622048453] [ngac_gatekeeper]: [PASS] Time: 714 ns | Cmd forwarded
[INFO] [1770278399.097991227] [bad_actor]: Sending [MALICIOUS] Command (Subject 99)
[WARN] [1770278399.098967217] [ngac_gatekeeper]: [BLOCK] Time: 648 ns | Unauthorized Subject 99
[INFO] [1770278399.594098449] [bad_actor]: Sending [VALID] Command (Subject 1)
[INFO] [1770278399.595304632] [ngac_gatekeeper]: [PASS] Time: 716 ns | Cmd forwarded
[INFO] [1770278400.102233479] [bad_actor]: Sending [MALICIOUS] Command (Subject 99)
[WARN] [1770278400.103406247] [ngac_gatekeeper]: [BLOCK] Time: 570 ns | Unauthorized Subject 99
[INFO] [1770278400.601472962] [bad_actor]: Sending [VALID] Command (Subject 1)
[INFO] [1770278400.602607523] [ngac_gatekeeper]: [PASS] Time: 619 ns | Cmd forwarded
[INFO] [1770278401.098172360] [bad_actor]: Sending [MALICIOUS] Command (Subject 99)
[WARN] [1770278401.099679776] [ngac_gatekeeper]: [BLOCK] Time: 580 ns | Unauthorized Subject 99
[INFO] [1770278401.597580713] [bad_actor]: Sending [VALID] Command (Subject 1)
[INFO] [1770278401.598570288] [ngac_gatekeeper]: [PASS] Time: 818 ns | Cmd forwarded
[INFO] [1770278402.102211038] [bad_actor]: Sending [MALICIOUS] Command (Subject 99)
[WARN] [1770278402.103348727] [ngac_gatekeeper]: [BLOCK] Time: 591 ns | Unauthorized Subject 99
[INFO] [1770278402.598158386] [bad_actor]: Sending [VALID] Command (Subject 1)
[INFO] [1770278402.599146971] [ngac_gatekeeper]: [PASS] Time: 642 ns | Cmd forwarded
[INFO] [1770278403.100271793] [bad_actor]: Sending [MALICIOUS] Command (Subject 99)
[WARN] [1770278403.101449431] [ngac_gatekeeper]: [BLOCK] Time: 521 ns | Unauthorized Subject 99
[INFO] [1770278403.599515470] [bad_actor]: Sending [VALID] Command (Subject 1)
[INFO] [1770278403.600663951] [ngac_gatekeeper]: [PASS] Time: 1359 ns | Cmd forwarded
[INFO] [1770278404.098563562] [bad_actor]: Sending [MALICIOUS] Command (Subject 99)
[WARN] [1770278404.099785020] [ngac_gatekeeper]: [BLOCK] Time: 481 ns | Unauthorized Subject 99
[INFO] [1770278404.597869826] [bad_actor]: Sending [VALID] Command (Subject 1)
[INFO] [1770278404.599069736] [ngac_gatekeeper]: [PASS] Time: 579 ns | Cmd forwarded
[INFO] [1770278405.096661611] [bad_actor]: Sending [MALICIOUS] Command (Subject 99)
[WARN] [1770278405.098532622] [ngac_gatekeeper]: [BLOCK] Time: 1664 ns | Unauthorized Subject 99
[INFO] [1770278405.595550887] [bad_actor]: Sending [VALID] Command (Subject 1)
[INFO] [1770278405.596348405] [ngac_gatekeeper]: [PASS] Time: 1005 ns | Cmd forwarded
[INFO] [1770278406.092846736] [bad_actor]: Sending [MALICIOUS] Command (Subject 99)
[WARN] [1770278406.094109513] [ngac_gatekeeper]: [BLOCK] Time: 549 ns | Unauthorized Subject 99
[INFO] [1770278406.591995789] [bad_actor]: Sending [VALID] Command (Subject 1)
[INFO] [1770278406.593185276] [ngac_gatekeeper]: [PASS] Time: 1281 ns | Cmd forwarded
[INFO] [1770278407.090275791] [bad_actor]: Sending [MALICIOUS] Command (Subject 99)
[WARN] [1770278407.091490234] [ngac_gatekeeper]: [BLOCK] Time: 604 ns | Unauthorized Subject 99
[INFO] [1770278407.604921805] [bad_actor]: Sending [VALID] Command (Subject 1)
[INFO] [1770278407.606061113] [ngac_gatekeeper]: [PASS] Time: 608 ns | Cmd forwarded
[INFO] [1770278408.089403579] [bad_actor]: Sending [MALICIOUS] Command (Subject 99)
[WARN] [1770278408.091098475] [ngac_gatekeeper]: [BLOCK] Time: 753 ns | Unauthorized Subject 99
[INFO] [1770278408.596455145] [bad_actor]: Sending [VALID] Command (Subject 1)
[INFO] [1770278408.597670768] [ngac_gatekeeper]: [PASS] Time: 683 ns | Cmd forwarded
[INFO] [1770278409.129163600] [bad_actor]: Sending [MALICIOUS] Command (Subject 99)
[WARN] [1770278409.130249827] [ngac_gatekeeper]: [BLOCK] Time: 555 ns | Unauthorized Subject 99
[INFO] [1770278409.597223684] [bad_actor]: Sending [VALID] Command (Subject 1)
[INFO] [1770278409.598519944] [ngac_gatekeeper]: [PASS] Time: 512 ns | Cmd forwarded
[INFO] [1770278410.101420438] [bad_actor]: Sending [MALICIOUS] Command (Subject 99)
[WARN] [1770278410.102715496] [ngac_gatekeeper]: [BLOCK] Time: 4927 ns | Unauthorized Subject 99
[INFO] [1770278410.598846845] [bad_actor]: Sending [VALID] Command (Subject 1)
[INFO] [1770278410.600545125] [ngac_gatekeeper]: [PASS] Time: 643 ns | Cmd forwarded
[INFO] [1770278408.635913636] [bad_actor]: Sending [MALICIOUS] Command (Subject 99)
[WARN] [1770278408.637011689] [ngac_gatekeeper]: [BLOCK] Time: 563 ns | Unauthorized Subject 99
[INFO] [1770278409.114835090] [bad_actor]: Sending [VALID] Command (Subject 1)
[INFO] [1770278409.116007059] [ngac_gatekeeper]: [PASS] Time: 616 ns | Cmd forwarded
[INFO] [1770278409.619016178] [bad_actor]: Sending [MALICIOUS] Command (Subject 99)
[WARN] [1770278409.620236130] [ngac_gatekeeper]: [BLOCK] Time: 610 ns | Unauthorized Subject 99
[INFO] [1770278410.110309757] [bad_actor]: Sending [VALID] Command (Subject 1)
[INFO] [1770278410.111597379] [ngac_gatekeeper]: [PASS] Time: 689 ns | Cmd forwarded
[INFO] [1770278410.620746839] [bad_actor]: Sending [MALICIOUS] Command (Subject 99)
[WARN] [1770278410.622211432] [ngac_gatekeeper]: [BLOCK] Time: 636 ns | Unauthorized Subject 99
[INFO] [1770278411.113247442] [bad_actor]: Sending [VALID] Command (Subject 1)
[INFO] [1770278411.114416934] [ngac_gatekeeper]: [PASS] Time: 510 ns | Cmd forwarded
[INFO] [1770278411.619150864] [bad_actor]: Sending [MALICIOUS] Command (Subject 99)
[WARN] [1770278411.620101096] [ngac_gatekeeper]: [BLOCK] Time: 537 ns | Unauthorized Subject 99
[INFO] [1770278412.108958110] [bad_actor]: Sending [VALID] Command (Subject 1)
[INFO] [1770278412.110122718] [ngac_gatekeeper]: [PASS] Time: 609 ns | Cmd forwarded
[INFO] [1770278412.620379458] [bad_actor]: Sending [MALICIOUS] Command (Subject 99)
[WARN] [1770278412.621582654] [ngac_gatekeeper]: [BLOCK] Time: 682 ns | Unauthorized Subject 99
[INFO] [1770278413.118550218] [bad_actor]: Sending [VALID] Command (Subject 1)
[INFO] [1770278413.119714625] [ngac_gatekeeper]: [PASS] Time: 668 ns | Cmd forwarded
[INFO] [1770278413.620246740] [bad_actor]: Sending [MALICIOUS] Command (Subject 99)
[WARN] [1770278413.621611622] [ngac_gatekeeper]: [BLOCK] Time: 614 ns | Unauthorized Subject 99
[INFO] [1770278414.117907265] [bad_actor]: Sending [VALID] Command (Subject 1)
[INFO] [1770278414.119080268] [ngac_gatekeeper]: [PASS] Time: 808 ns | Cmd forwarded
[INFO] [1770278414.608089920] [bad_actor]: Sending [MALICIOUS] Command (Subject 99)
[WARN] [1770278414.609164925] [ngac_gatekeeper]: [BLOCK] Time: 565 ns | Unauthorized Subject 99
[INFO] [1770278415.108054233] [bad_actor]: Sending [VALID] Command (Subject 1)
[INFO] [1770278415.109034757] [ngac_gatekeeper]: [PASS] Time: 1289 ns | Cmd forwarded
[INFO] [1770278415.608562629] [bad_actor]: Sending [MALICIOUS] Command (Subject 99)
[WARN] [1770278415.609751575] [ngac_gatekeeper]: [BLOCK] Time: 2616 ns | Unauthorized Subject 99
[INFO] [1770278416.109762630] [bad_actor]: Sending [VALID] Command (Subject 1)
[INFO] [1770278416.110946174] [ngac_gatekeeper]: [PASS] Time: 510 ns | Cmd forwarded
[INFO] [1770278416.615213528] [bad_actor]: Sending [MALICIOUS] Command (Subject 99)
[WARN] [1770278416.616487522] [ngac_gatekeeper]: [BLOCK] Time: 606 ns | Unauthorized Subject 99
[INFO] [1770278417.114736264] [bad_actor]: Sending [VALID] Command (Subject 1)
[INFO] [1770278417.116006908] [ngac_gatekeeper]: [PASS] Time: 609 ns | Cmd forwarded
[INFO] [1770278417.608857459] [bad_actor]: Sending [MALICIOUS] Command (Subject 99)
[WARN] [1770278417.610510360] [ngac_gatekeeper]: [BLOCK] Time: 527 ns | Unauthorized Subject 99
[INFO] [1770278418.112629553] [bad_actor]: Sending [VALID] Command (Subject 1)
[INFO] [1770278418.113887124] [ngac_gatekeeper]: [PASS] Time: 1625 ns | Cmd forwarded
[INFO] [1770278418.610143796] [bad_actor]: Sending [MALICIOUS] Command (Subject 99)
[WARN] [1770278418.610987907] [ngac_gatekeeper]: [BLOCK] Time: 675 ns | Unauthorized Subject 99
[INFO] [1770278419.110902860] [bad_actor]: Sending [VALID] Command (Subject 1)
[INFO] [1770278419.112021932] [ngac_gatekeeper]: [PASS] Time: 542 ns | Cmd forwarded
[INFO] [1770278419.617694087] [bad_actor]: Sending [MALICIOUS] Command (Subject 99)
[WARN] [1770278419.618576654] [ngac_gatekeeper]: [BLOCK] Time: 628 ns | Unauthorized Subject 99
[INFO] [1770278420.108560441] [bad_actor]: Sending [VALID] Command (Subject 1)
[INFO] [1770278420.109724129] [ngac_gatekeeper]: [PASS] Time: 660 ns | Cmd forwarded
[INFO] [1770278420.621650086] [bad_actor]: Sending [MALICIOUS] Command (Subject 99)
[WARN] [1770278420.622742327] [ngac_gatekeeper]: [BLOCK] Time: 640 ns | Unauthorized Subject 99
[INFO] [1770278421.116134424] [bad_actor]: Sending [VALID] Command (Subject 1)
[INFO] [1770278421.117141998] [ngac_gatekeeper]: [PASS] Time: 551 ns | Cmd forwarded
[INFO] [1770278421.619503846] [bad_actor]: Sending [MALICIOUS] Command (Subject 99)
[WARN] [1770278421.620398991] [ngac_gatekeeper]: [BLOCK] Time: 825 ns | Unauthorized Subject 99
[INFO] [1770278422.120528813] [bad_actor]: Sending [VALID] Command (Subject 1)
[INFO] [1770278422.121283846] [ngac_gatekeeper]: [PASS] Time: 610 ns | Cmd forwarded
[INFO] [1770278422.620006728] [bad_actor]: Sending [MALICIOUS] Command (Subject 99)
[WARN] [1770278422.621325606] [ngac_gatekeeper]: [BLOCK] Time: 1634 ns | Unauthorized Subject 99
[INFO] [1770278423.118322498] [bad_actor]: Sending [VALID] Command (Subject 1)
[INFO] [1770278423.129420238] [ngac_gatekeeper]: [PASS] Time: 7217 ns | Cmd forwarded
[INFO] [1770278423.619438416] [bad_actor]: Sending [MALICIOUS] Command (Subject 99)
[WARN] [1770278423.621371186] [ngac_gatekeeper]: [BLOCK] Time: 1288 ns | Unauthorized Subject 99
[INFO] [1770278424.114278330] [bad_actor]: Sending [VALID] Command (Subject 1)
[INFO] [1770278424.115943532] [ngac_gatekeeper]: [PASS] Time: 558 ns | Cmd forwarded
[INFO] [1770278424.618872121] [bad_actor]: Sending [MALICIOUS] Command (Subject 99)
[WARN] [1770278424.619939985] [ngac_gatekeeper]: [BLOCK] Time: 497 ns | Unauthorized Subject 99
[INFO] [1770278425.118709521] [bad_actor]: Sending [VALID] Command (Subject 1)
[INFO] [1770278425.119953000] [ngac_gatekeeper]: [PASS] Time: 543 ns | Cmd forwarded
[INFO] [1770278425.618769499] [bad_actor]: Sending [MALICIOUS] Command (Subject 99)
[WARN] [1770278425.620082767] [ngac_gatekeeper]: [BLOCK] Time: 819 ns | Unauthorized Subject 99
[INFO] [1770278426.115488932] [bad_actor]: Sending [VALID] Command (Subject 1)
[INFO] [1770278426.116520779] [ngac_gatekeeper]: [PASS] Time: 543 ns | Cmd forwarded
[INFO] [1770278426.618979604] [bad_actor]: Sending [MALICIOUS] Command (Subject 99)
[WARN] [1770278426.620164686] [ngac_gatekeeper]: [BLOCK] Time: 913 ns | Unauthorized Subject 99
[INFO] [1770278427.115825395] [bad_actor]: Sending [VALID] Command (Subject 1)
[INFO] [1770278427.117400469] [ngac_gatekeeper]: [PASS] Time: 602 ns | Cmd forwarded
[INFO] [1770278427.620498087] [bad_actor]: Sending [MALICIOUS] Command (Subject 99)
[WARN] [1770278427.621847893] [ngac_gatekeeper]: [BLOCK] Time: 656 ns | Unauthorized Subject 99
[INFO] [1770278428.120624475] [bad_actor]: Sending [VALID] Command (Subject 1)
[INFO] [1770278428.121787429] [ngac_gatekeeper]: [PASS] Time: 785 ns | Cmd forwarded
[INFO] [1770278428.618507846] [bad_actor]: Sending [MALICIOUS] Command (Subject 99)
[WARN] [1770278428.619569835] [ngac_gatekeeper]: [BLOCK] Time: 686 ns | Unauthorized Subject 99
[INFO] [1770278429.116502224] [bad_actor]: Sending [VALID] Command (Subject 1)
[INFO] [1770278429.117471868] [ngac_gatekeeper]: [PASS] Time: 770 ns | Cmd forwarded
[INFO] [1770278429.639965855] [bad_actor]: Sending [MALICIOUS] Command (Subject 99)
[WARN] [1770278429.641351299] [ngac_gatekeeper]: [BLOCK] Time: 532 ns | Unauthorized Subject 99
[INFO] [1770278430.114067646] [bad_actor]: Sending [VALID] Command (Subject 1)
[INFO] [1770278430.115452686] [ngac_gatekeeper]: [PASS] Time: 1128 ns | Cmd forwarded
[INFO] [1770278430.618977772] [bad_actor]: Sending [MALICIOUS] Command (Subject 99)
[WARN] [1770278430.619951692] [ngac_gatekeeper]: [BLOCK] Time: 867 ns | Unauthorized Subject 99
[INFO] [1770278431.118211655] [bad_actor]: Sending [VALID] Command (Subject 1)
[INFO] [1770278431.119285331] [ngac_gatekeeper]: [PASS] Time: 608 ns | Cmd forwarded
[INFO] [1770278431.620385106] [bad_actor]: Sending [MALICIOUS] Command (Subject 99)
[WARN] [1770278431.621530233] [ngac_gatekeeper]: [BLOCK] Time: 559 ns | Unauthorized Subject 99
[INFO] [1770278432.108100957] [bad_actor]: Sending [VALID] Command (Subject 1)
[INFO] [1770278432.109139863] [ngac_gatekeeper]: [PASS] Time: 4977 ns | Cmd forwarded
[INFO] [1770278432.608377522] [bad_actor]: Sending [MALICIOUS] Command (Subject 99)
[WARN] [1770278432.609630725] [ngac_gatekeeper]: [BLOCK] Time: 844 ns | Unauthorized Subject 99
[INFO] [1770278433.109048416] [bad_actor]: Sending [VALID] Command (Subject 1)
[INFO] [1770278433.109994366] [ngac_gatekeeper]: [PASS] Time: 710 ns | Cmd forwarded
[INFO] [1770278433.620810751] [bad_actor]: Sending [MALICIOUS] Command (Subject 99)
[WARN] [1770278433.622055172] [ngac_gatekeeper]: [BLOCK] Time: 512 ns | Unauthorized Subject 99
[INFO] [1770278434.118567981] [bad_actor]: Sending [VALID] Command (Subject 1)
[INFO] [1770278434.119796228] [ngac_gatekeeper]: [PASS] Time: 527 ns | Cmd forwarded
[INFO] [1770278434.620532960] [bad_actor]: Sending [MALICIOUS] Command (Subject 99)
[WARN] [1770278434.621722421] [ngac_gatekeeper]: [BLOCK] Time: 742 ns | Unauthorized Subject 99
[INFO] [1770278435.118134655] [bad_actor]: Sending [VALID] Command (Subject 1)
[INFO] [1770278435.119202452] [ngac_gatekeeper]: [PASS] Time: 598 ns | Cmd forwarded
[INFO] [1770278435.647216255] [bad_actor]: Sending [MALICIOUS] Command (Subject 99)
[WARN] [1770278435.648392754] [ngac_gatekeeper]: [BLOCK] Time: 1035 ns | Unauthorized Subject 99
[INFO] [1770278436.144498520] [bad_actor]: Sending [VALID] Command (Subject 1)
[INFO] [1770278436.145415573] [ngac_gatekeeper]: [PASS] Time: 722 ns | Cmd forwarded
[INFO] [1770278436.618383603] [bad_actor]: Sending [MALICIOUS] Command (Subject 99)
[WARN] [1770278436.619960090] [ngac_gatekeeper]: [BLOCK] Time: 685 ns | Unauthorized Subject 99
[INFO] [1770278437.119731862] [bad_actor]: Sending [VALID] Command (Subject 1)
[INFO] [1770278437.120613423] [ngac_gatekeeper]: [PASS] Time: 667 ns | Cmd forwarded
[INFO] [1770278437.620500892] [bad_actor]: Sending [MALICIOUS] Command (Subject 99)
[WARN] [1770278437.621595408] [ngac_gatekeeper]: [BLOCK] Time: 634 ns | Unauthorized Subject 99
[INFO] [1770278438.114862456] [bad_actor]: Sending [VALID] Command (Subject 1)
[INFO] [1770278438.115951379] [ngac_gatekeeper]: [PASS] Time: 1400 ns | Cmd forwarded
[INFO] [1770278438.608731936] [bad_actor]: Sending [MALICIOUS] Command (Subject 99)
[WARN] [1770278438.610087013] [ngac_gatekeeper]: [BLOCK] Time: 519 ns | Unauthorized Subject 99
[INFO] [1770278439.110181781] [bad_actor]: Sending [VALID] Command (Subject 1)
[INFO] [1770278439.111685922] [ngac_gatekeeper]: [PASS] Time: 782 ns | Cmd forwarded
[INFO] [1770278439.623861668] [bad_actor]: Sending [MALICIOUS] Command (Subject 99)
[WARN] [1770278439.624787931] [ngac_gatekeeper]: [BLOCK] Time: 572 ns | Unauthorized Subject 99
[INFO] [1770278440.108549668] [bad_actor]: Sending [VALID] Command (Subject 1)
[INFO] [1770278440.110099424] [ngac_gatekeeper]: [PASS] Time: 1053 ns | Cmd forwarded
[INFO] [1770278438.128105498] [bad_actor]: Sending [MALICIOUS] Command (Subject 99)
[WARN] [1770278438.129100973] [ngac_gatekeeper]: [BLOCK] Time: 672 ns | Unauthorized Subject 99
[INFO] [1770278438.639507782] [bad_actor]: Sending [VALID] Command (Subject 1)
[INFO] [1770278438.640588693] [ngac_gatekeeper]: [PASS] Time: 733 ns | Cmd forwarded
[INFO] [1770278439.139875626] [bad_actor]: Sending [MALICIOUS] Command (Subject 99)
[WARN] [1770278439.153756689] [ngac_gatekeeper]: [BLOCK] Time: 5643 ns | Unauthorized Subject 99
[INFO] [1770278439.637090264] [bad_actor]: Sending [VALID] Command (Subject 1)
[INFO] [1770278439.638219650] [ngac_gatekeeper]: [PASS] Time: 1278 ns | Cmd forwarded
[INFO] [1770278440.135913200] [bad_actor]: Sending [MALICIOUS] Command (Subject 99)
[WARN] [1770278440.138113465] [ngac_gatekeeper]: [BLOCK] Time: 996 ns | Unauthorized Subject 99
[INFO] [1770278440.626752495] [bad_actor]: Sending [VALID] Command (Subject 1)
[INFO] [1770278440.627871822] [ngac_gatekeeper]: [PASS] Time: 510 ns | Cmd forwarded
[INFO] [1770278441.126535060] [bad_actor]: Sending [MALICIOUS] Command (Subject 99)
[WARN] [1770278441.127659963] [ngac_gatekeeper]: [BLOCK] Time: 925 ns | Unauthorized Subject 99
[INFO] [1770278441.633346188] [bad_actor]: Sending [VALID] Command (Subject 1)
[INFO] [1770278441.634239114] [ngac_gatekeeper]: [PASS] Time: 1430 ns | Cmd forwarded
[INFO] [1770278442.131437349] [bad_actor]: Sending [MALICIOUS] Command (Subject 99)
[WARN] [1770278442.132401489] [ngac_gatekeeper]: [BLOCK] Time: 1004 ns | Unauthorized Subject 99
[INFO] [1770278442.627564747] [bad_actor]: Sending [VALID] Command (Subject 1)
[INFO] [1770278442.628910095] [ngac_gatekeeper]: [PASS] Time: 720 ns | Cmd forwarded
[INFO] [1770278443.126323704] [bad_actor]: Sending [MALICIOUS] Command (Subject 99)
[WARN] [1770278443.127231487] [ngac_gatekeeper]: [BLOCK] Time: 548 ns | Unauthorized Subject 99
[INFO] [1770278443.635805279] [bad_actor]: Sending [VALID] Command (Subject 1)
[INFO] [1770278443.636631491] [ngac_gatekeeper]: [PASS] Time: 634 ns | Cmd forwarded
[INFO] [1770278444.126936109] [bad_actor]: Sending [MALICIOUS] Command (Subject 99)
[WARN] [1770278444.129717556] [ngac_gatekeeper]: [BLOCK] Time: 551 ns | Unauthorized Subject 99
[INFO] [1770278444.626836793] [bad_actor]: Sending [VALID] Command (Subject 1)
[INFO] [1770278444.627802733] [ngac_gatekeeper]: [PASS] Time: 589 ns | Cmd forwarded
[INFO] [1770278445.139749278] [bad_actor]: Sending [MALICIOUS] Command (Subject 99)
[WARN] [1770278445.140986251] [ngac_gatekeeper]: [BLOCK] Time: 1082 ns | Unauthorized Subject 99
[INFO] [1770278445.626379310] [bad_actor]: Sending [VALID] Command (Subject 1)
[INFO] [1770278445.627678266] [ngac_gatekeeper]: [PASS] Time: 1308 ns | Cmd forwarded
[INFO] [1770278446.097503718] [rclcpp]: signal_handler(SIGINT/SIGTERM)
[INFO] [1770278446.097529917] [rclcpp]: signal_handler(SIGINT/SIGTERM)
